game_id,experiment_id,provider,provider_base_url,prompt_version,prompt_hash,log_schema_version,seed,max_turns,termination_reason,seating_order,player_id,model_id,won,total_plays,total_lies,lie_frequency,successful_lies,lie_success_rate,challenges_made,challenge_opportunities,paranoia_frequency,correct_challenges,challenge_accuracy,instruction_violations,instruction_violation_rate
exp0_m0_g0_1774999650879,0,nim,https://integrate.api.nvidia.com/v1,2026-03-26,p1939995863,2,46104860,,winner,nvidia/nemotron-3-super-120b-a12b;qwen/qwen3.5-397b-a17b;mistralai/mistral-small-4-119b-2603;minimaxai/minimax-m2.5,player_0,nvidia/nemotron-3-super-120b-a12b,0,26,14,0.5385,2,0.1429,4,77,0.0519,2,0.5000,,
exp0_m0_g0_1774999650879,0,nim,https://integrate.api.nvidia.com/v1,2026-03-26,p1939995863,2,46104860,,winner,nvidia/nemotron-3-super-120b-a12b;qwen/qwen3.5-397b-a17b;mistralai/mistral-small-4-119b-2603;minimaxai/minimax-m2.5,player_1,qwen/qwen3.5-397b-a17b,1,26,13,0.5000,5,0.3846,11,74,0.1486,7,0.6364,,
exp0_m0_g0_1774999650879,0,nim,https://integrate.api.nvidia.com/v1,2026-03-26,p1939995863,2,46104860,,winner,nvidia/nemotron-3-super-120b-a12b;qwen/qwen3.5-397b-a17b;mistralai/mistral-small-4-119b-2603;minimaxai/minimax-m2.5,player_2,mistralai/mistral-small-4-119b-2603,0,25,2,0.0800,1,0.5000,42,67,0.6269,16,0.3810,,
exp0_m0_g0_1774999650879,0,nim,https://integrate.api.nvidia.com/v1,2026-03-26,p1939995863,2,46104860,,winner,nvidia/nemotron-3-super-120b-a12b;qwen/qwen3.5-397b-a17b;mistralai/mistral-small-4-119b-2603;minimaxai/minimax-m2.5,player_3,minimaxai/minimax-m2.5,0,26,10,0.3846,4,0.4000,10,37,0.2703,2,0.2000,,
exp0_m0_g1_1775013753196,0,nim,https://integrate.api.nvidia.com/v1,2026-03-26,p1939995863,2,46104861,,winner,qwen/qwen3.5-397b-a17b;mistralai/mistral-small-4-119b-2603;minimaxai/minimax-m2.5;nvidia/nemotron-3-super-120b-a12b,player_0,qwen/qwen3.5-397b-a17b,0,24,10,0.4167,1,0.1000,19,72,0.2639,11,0.5789,,
exp0_m0_g1_1775013753196,0,nim,https://integrate.api.nvidia.com/v1,2026-03-26,p1939995863,2,46104861,,winner,qwen/qwen3.5-397b-a17b;mistralai/mistral-small-4-119b-2603;minimaxai/minimax-m2.5;nvidia/nemotron-3-super-120b-a12b,player_1,mistralai/mistral-small-4-119b-2603,0,24,3,0.1250,2,0.6667,32,56,0.5714,12,0.3750,,
exp0_m0_g1_1775013753196,0,nim,https://integrate.api.nvidia.com/v1,2026-03-26,p1939995863,2,46104861,,winner,qwen/qwen3.5-397b-a17b;mistralai/mistral-small-4-119b-2603;minimaxai/minimax-m2.5;nvidia/nemotron-3-super-120b-a12b,player_2,minimaxai/minimax-m2.5,0,24,11,0.4583,4,0.3636,7,37,0.1892,3,0.4286,,
exp0_m0_g1_1775013753196,0,nim,https://integrate.api.nvidia.com/v1,2026-03-26,p1939995863,2,46104861,,winner,qwen/qwen3.5-397b-a17b;mistralai/mistral-small-4-119b-2603;minimaxai/minimax-m2.5;nvidia/nemotron-3-super-120b-a12b,player_3,nvidia/nemotron-3-super-120b-a12b,1,24,11,0.4583,2,0.1818,0,31,0.0000,0,0.0000,,
exp0_m0_g2_1774895819287,0,nim,https://integrate.api.nvidia.com/v1,2026-03-26,p1939995863,2,46104862,,winner,qwen/qwen3.5-397b-a17b;minimaxai/minimax-m2.5;mistralai/mistral-small-4-119b-2603;nvidia/nemotron-3-super-120b-a12b,player_0,qwen/qwen3.5-397b-a17b,1,22,9,0.4091,2,0.2222,10,66,0.1515,4,0.4000,,
exp0_m0_g2_1774895819287,0,nim,https://integrate.api.nvidia.com/v1,2026-03-26,p1939995863,2,46104862,,winner,qwen/qwen3.5-397b-a17b;minimaxai/minimax-m2.5;mistralai/mistral-small-4-119b-2603;nvidia/nemotron-3-super-120b-a12b,player_1,minimaxai/minimax-m2.5,0,22,3,0.1364,0,0.0000,18,60,0.3000,8,0.4444,,
exp0_m0_g2_1774895819287,0,nim,https://integrate.api.nvidia.com/v1,2026-03-26,p1939995863,2,46104862,,winner,qwen/qwen3.5-397b-a17b;minimaxai/minimax-m2.5;mistralai/mistral-small-4-119b-2603;nvidia/nemotron-3-super-120b-a12b,player_2,mistralai/mistral-small-4-119b-2603,0,22,3,0.1364,1,0.3333,27,44,0.6136,7,0.2593,,
exp0_m0_g2_1774895819287,0,nim,https://integrate.api.nvidia.com/v1,2026-03-26,p1939995863,2,46104862,,winner,qwen/qwen3.5-397b-a17b;minimaxai/minimax-m2.5;mistralai/mistral-small-4-119b-2603;nvidia/nemotron-3-super-120b-a12b,player_3,nvidia/nemotron-3-super-120b-a12b,0,22,10,0.4545,2,0.2000,1,27,0.0370,1,1.0000,,
exp0_m0_g3_1774900470683,0,nim,https://integrate.api.nvidia.com/v1,2026-03-26,p1939995863,2,46104863,,winner,nvidia/nemotron-3-super-120b-a12b;qwen/qwen3.5-397b-a17b;mistralai/mistral-small-4-119b-2603;minimaxai/minimax-m2.5,player_0,nvidia/nemotron-3-super-120b-a12b,1,16,6,0.3750,1,0.1667,1,46,0.0217,1,1.0000,,
exp0_m0_g3_1774900470683,0,nim,https://integrate.api.nvidia.com/v1,2026-03-26,p1939995863,2,46104863,,winner,nvidia/nemotron-3-super-120b-a12b;qwen/qwen3.5-397b-a17b;mistralai/mistral-small-4-119b-2603;minimaxai/minimax-m2.5,player_1,qwen/qwen3.5-397b-a17b,0,15,7,0.4667,2,0.2857,5,47,0.1064,0,0.0000,,
exp0_m0_g3_1774900470683,0,nim,https://integrate.api.nvidia.com/v1,2026-03-26,p1939995863,2,46104863,,winner,nvidia/nemotron-3-super-120b-a12b;qwen/qwen3.5-397b-a17b;mistralai/mistral-small-4-119b-2603;minimaxai/minimax-m2.5,player_2,mistralai/mistral-small-4-119b-2603,0,15,2,0.1333,2,1.0000,30,43,0.6977,11,0.3667,,
exp0_m0_g3_1774900470683,0,nim,https://integrate.api.nvidia.com/v1,2026-03-26,p1939995863,2,46104863,,winner,nvidia/nemotron-3-super-120b-a12b;qwen/qwen3.5-397b-a17b;mistralai/mistral-small-4-119b-2603;minimaxai/minimax-m2.5,player_3,minimaxai/minimax-m2.5,0,16,5,0.3125,1,0.2000,4,24,0.1667,2,0.5000,,
exp0_m0_g4_1775025299079,0,nim,https://integrate.api.nvidia.com/v1,2026-03-26,p1939995863,2,46104864,,winner,mistralai/mistral-small-4-119b-2603;nvidia/nemotron-3-super-120b-a12b;qwen/qwen3.5-397b-a17b;minimaxai/minimax-m2.5,player_0,mistralai/mistral-small-4-119b-2603,0,11,2,0.1818,0,0.0000,22,35,0.6286,9,0.4091,,
exp0_m0_g4_1775025299079,0,nim,https://integrate.api.nvidia.com/v1,2026-03-26,p1939995863,2,46104864,,winner,mistralai/mistral-small-4-119b-2603;nvidia/nemotron-3-super-120b-a12b;qwen/qwen3.5-397b-a17b;minimaxai/minimax-m2.5,player_1,nvidia/nemotron-3-super-120b-a12b,0,12,4,0.3333,0,0.0000,1,20,0.0500,0,0.0000,,
exp0_m0_g4_1775025299079,0,nim,https://integrate.api.nvidia.com/v1,2026-03-26,p1939995863,2,46104864,,winner,mistralai/mistral-small-4-119b-2603;nvidia/nemotron-3-super-120b-a12b;qwen/qwen3.5-397b-a17b;minimaxai/minimax-m2.5,player_2,qwen/qwen3.5-397b-a17b,1,12,5,0.4167,2,0.4000,3,19,0.1579,3,1.0000,,
exp0_m0_g4_1775025299079,0,nim,https://integrate.api.nvidia.com/v1,2026-03-26,p1939995863,2,46104864,,winner,mistralai/mistral-small-4-119b-2603;nvidia/nemotron-3-super-120b-a12b;qwen/qwen3.5-397b-a17b;minimaxai/minimax-m2.5,player_3,minimaxai/minimax-m2.5,0,11,6,0.5455,2,0.3333,4,16,0.2500,1,0.2500,,
exp0_m0_g5_1774905705538,0,nim,https://integrate.api.nvidia.com/v1,2026-03-26,p1939995863,2,46104865,,winner,mistralai/mistral-small-4-119b-2603;qwen/qwen3.5-397b-a17b;nvidia/nemotron-3-super-120b-a12b;minimaxai/minimax-m2.5,player_0,mistralai/mistral-small-4-119b-2603,0,8,1,0.1250,1,1.0000,11,27,0.4074,3,0.2727,,
exp0_m0_g5_1774905705538,0,nim,https://integrate.api.nvidia.com/v1,2026-03-26,p1939995863,2,46104865,,winner,mistralai/mistral-small-4-119b-2603;qwen/qwen3.5-397b-a17b;nvidia/nemotron-3-super-120b-a12b;minimaxai/minimax-m2.5,player_1,qwen/qwen3.5-397b-a17b,0,9,2,0.2222,0,0.0000,2,20,0.1000,1,0.5000,,
exp0_m0_g5_1774905705538,0,nim,https://integrate.api.nvidia.com/v1,2026-03-26,p1939995863,2,46104865,,winner,mistralai/mistral-small-4-119b-2603;qwen/qwen3.5-397b-a17b;nvidia/nemotron-3-super-120b-a12b;minimaxai/minimax-m2.5,player_2,nvidia/nemotron-3-super-120b-a12b,0,9,6,0.6667,3,0.5000,1,18,0.0556,0,0.0000,,
exp0_m0_g5_1774905705538,0,nim,https://integrate.api.nvidia.com/v1,2026-03-26,p1939995863,2,46104865,,winner,mistralai/mistral-small-4-119b-2603;qwen/qwen3.5-397b-a17b;nvidia/nemotron-3-super-120b-a12b;minimaxai/minimax-m2.5,player_3,minimaxai/minimax-m2.5,1,9,5,0.5556,4,0.8000,2,15,0.1333,2,1.0000,,
exp0_m0_g6_1775037471389,0,nim,https://integrate.api.nvidia.com/v1,2026-03-26,p1939995863,2,46104866,,winner,minimaxai/minimax-m2.5;mistralai/mistral-small-4-119b-2603;qwen/qwen3.5-397b-a17b;nvidia/nemotron-3-super-120b-a12b,player_0,minimaxai/minimax-m2.5,0,13,4,0.3077,0,0.0000,9,39,0.2308,3,0.3333,,
exp0_m0_g6_1775037471389,0,nim,https://integrate.api.nvidia.com/v1,2026-03-26,p1939995863,2,46104866,,winner,minimaxai/minimax-m2.5;mistralai/mistral-small-4-119b-2603;qwen/qwen3.5-397b-a17b;nvidia/nemotron-3-super-120b-a12b,player_1,mistralai/mistral-small-4-119b-2603,0,13,3,0.2308,1,0.3333,21,33,0.6364,8,0.3810,,
exp0_m0_g6_1775037471389,0,nim,https://integrate.api.nvidia.com/v1,2026-03-26,p1939995863,2,46104866,,winner,minimaxai/minimax-m2.5;mistralai/mistral-small-4-119b-2603;qwen/qwen3.5-397b-a17b;nvidia/nemotron-3-super-120b-a12b,player_2,qwen/qwen3.5-397b-a17b,0,13,4,0.3077,0,0.0000,3,19,0.1579,1,0.3333,,
exp0_m0_g6_1775037471389,0,nim,https://integrate.api.nvidia.com/v1,2026-03-26,p1939995863,2,46104866,,winner,minimaxai/minimax-m2.5;mistralai/mistral-small-4-119b-2603;qwen/qwen3.5-397b-a17b;nvidia/nemotron-3-super-120b-a12b,player_3,nvidia/nemotron-3-super-120b-a12b,1,13,2,0.1538,0,0.0000,0,16,0.0000,0,0.0000,,
exp0_m0_g7_1775054033555,0,nim,https://integrate.api.nvidia.com/v1,2026-03-26,p1939995863,2,46104867,,winner,qwen/qwen3.5-397b-a17b;nvidia/nemotron-3-super-120b-a12b;minimaxai/minimax-m2.5;mistralai/mistral-small-4-119b-2603,player_0,qwen/qwen3.5-397b-a17b,0,11,2,0.1818,0,0.0000,5,34,0.1471,0,0.0000,,
exp0_m0_g7_1775054033555,0,nim,https://integrate.api.nvidia.com/v1,2026-03-26,p1939995863,2,46104867,,winner,qwen/qwen3.5-397b-a17b;nvidia/nemotron-3-super-120b-a12b;minimaxai/minimax-m2.5;mistralai/mistral-small-4-119b-2603,player_1,nvidia/nemotron-3-super-120b-a12b,1,12,5,0.4167,2,0.4000,3,30,0.1000,3,1.0000,,
exp0_m0_g7_1775054033555,0,nim,https://integrate.api.nvidia.com/v1,2026-03-26,p1939995863,2,46104867,,winner,qwen/qwen3.5-397b-a17b;nvidia/nemotron-3-super-120b-a12b;minimaxai/minimax-m2.5;mistralai/mistral-small-4-119b-2603,player_2,minimaxai/minimax-m2.5,0,11,4,0.3636,0,0.0000,5,27,0.1852,4,0.8000,,
exp0_m0_g7_1775054033555,0,nim,https://integrate.api.nvidia.com/v1,2026-03-26,p1939995863,2,46104867,,winner,qwen/qwen3.5-397b-a17b;nvidia/nemotron-3-super-120b-a12b;minimaxai/minimax-m2.5;mistralai/mistral-small-4-119b-2603,player_3,mistralai/mistral-small-4-119b-2603,0,11,4,0.3636,0,0.0000,18,28,0.6429,6,0.3333,,
exp0_m0_g8_1775064891732,0,nim,https://integrate.api.nvidia.com/v1,2026-03-26,p1939995863,2,46104868,,winner,minimaxai/minimax-m2.5;mistralai/mistral-small-4-119b-2603;qwen/qwen3.5-397b-a17b;nvidia/nemotron-3-super-120b-a12b,player_0,minimaxai/minimax-m2.5,0,18,10,0.5556,6,0.6000,20,55,0.3636,8,0.4000,,
exp0_m0_g8_1775064891732,0,nim,https://integrate.api.nvidia.com/v1,2026-03-26,p1939995863,2,46104868,,winner,minimaxai/minimax-m2.5;mistralai/mistral-small-4-119b-2603;qwen/qwen3.5-397b-a17b;nvidia/nemotron-3-super-120b-a12b,player_1,mistralai/mistral-small-4-119b-2603,0,18,1,0.0556,1,1.0000,24,42,0.5714,7,0.2917,,
exp0_m0_g8_1775064891732,0,nim,https://integrate.api.nvidia.com/v1,2026-03-26,p1939995863,2,46104868,,winner,minimaxai/minimax-m2.5;mistralai/mistral-small-4-119b-2603;qwen/qwen3.5-397b-a17b;nvidia/nemotron-3-super-120b-a12b,player_2,qwen/qwen3.5-397b-a17b,0,18,6,0.3333,3,0.5000,3,23,0.1304,1,0.3333,,
exp0_m0_g8_1775064891732,0,nim,https://integrate.api.nvidia.com/v1,2026-03-26,p1939995863,2,46104868,,winner,minimaxai/minimax-m2.5;mistralai/mistral-small-4-119b-2603;qwen/qwen3.5-397b-a17b;nvidia/nemotron-3-super-120b-a12b,player_3,nvidia/nemotron-3-super-120b-a12b,1,19,11,0.5789,2,0.1818,0,23,0.0000,0,0.0000,,
exp0_m0_g9_1775072680596,0,nim,https://integrate.api.nvidia.com/v1,2026-03-26,p1939995863,2,46104869,,winner,minimaxai/minimax-m2.5;mistralai/mistral-small-4-119b-2603;qwen/qwen3.5-397b-a17b;nvidia/nemotron-3-super-120b-a12b,player_0,minimaxai/minimax-m2.5,0,19,8,0.4211,1,0.1250,17,56,0.3036,7,0.4118,,
exp0_m0_g9_1775072680596,0,nim,https://integrate.api.nvidia.com/v1,2026-03-26,p1939995863,2,46104869,,winner,minimaxai/minimax-m2.5;mistralai/mistral-small-4-119b-2603;qwen/qwen3.5-397b-a17b;nvidia/nemotron-3-super-120b-a12b,player_1,mistralai/mistral-small-4-119b-2603,0,19,1,0.0526,1,1.0000,26,42,0.6190,12,0.4615,,
exp0_m0_g9_1775072680596,0,nim,https://integrate.api.nvidia.com/v1,2026-03-26,p1939995863,2,46104869,,winner,minimaxai/minimax-m2.5;mistralai/mistral-small-4-119b-2603;qwen/qwen3.5-397b-a17b;nvidia/nemotron-3-super-120b-a12b,player_2,qwen/qwen3.5-397b-a17b,1,19,7,0.3684,1,0.1429,2,27,0.0741,0,0.0000,,
exp0_m0_g9_1775072680596,0,nim,https://integrate.api.nvidia.com/v1,2026-03-26,p1939995863,2,46104869,,winner,minimaxai/minimax-m2.5;mistralai/mistral-small-4-119b-2603;qwen/qwen3.5-397b-a17b;nvidia/nemotron-3-super-120b-a12b,player_3,nvidia/nemotron-3-super-120b-a12b,0,18,6,0.3333,0,0.0000,1,24,0.0417,0,0.0000,,
exp0_m10_g0_1775059468411,0,nim,https://integrate.api.nvidia.com/v1,2026-03-26,p1939995863,2,1429271199,,winner,mistralai/mistral-small-4-119b-2603;nvidia/nemotron-3-super-120b-a12b;z-ai/glm5;minimaxai/minimax-m2.5,player_0,mistralai/mistral-small-4-119b-2603,0,48,4,0.0833,3,0.7500,100,145,0.6897,52,0.5200,,
exp0_m10_g0_1775059468411,0,nim,https://integrate.api.nvidia.com/v1,2026-03-26,p1939995863,2,1429271199,,winner,mistralai/mistral-small-4-119b-2603;nvidia/nemotron-3-super-120b-a12b;z-ai/glm5;minimaxai/minimax-m2.5,player_1,nvidia/nemotron-3-super-120b-a12b,1,49,24,0.4898,8,0.3333,5,77,0.0649,3,0.6000,,
exp0_m10_g0_1775059468411,0,nim,https://integrate.api.nvidia.com/v1,2026-03-26,p1939995863,2,1429271199,,winner,mistralai/mistral-small-4-119b-2603;nvidia/nemotron-3-super-120b-a12b;z-ai/glm5;minimaxai/minimax-m2.5,player_2,z-ai/glm5,0,48,25,0.5208,2,0.0800,8,78,0.1026,2,0.2500,,
exp0_m10_g0_1775059468411,0,nim,https://integrate.api.nvidia.com/v1,2026-03-26,p1939995863,2,1429271199,,winner,mistralai/mistral-small-4-119b-2603;nvidia/nemotron-3-super-120b-a12b;z-ai/glm5;minimaxai/minimax-m2.5,player_3,minimaxai/minimax-m2.5,0,48,26,0.5417,5,0.1923,21,67,0.3134,4,0.1905,,
exp0_m10_g1_1775069567000,0,nim,https://integrate.api.nvidia.com/v1,2026-03-26,p1939995863,2,1429271200,,winner,mistralai/mistral-small-4-119b-2603;z-ai/glm5;nvidia/nemotron-3-super-120b-a12b;minimaxai/minimax-m2.5,player_0,mistralai/mistral-small-4-119b-2603,0,17,2,0.1176,1,0.5000,29,50,0.5800,12,0.4138,,
exp0_m10_g1_1775069567000,0,nim,https://integrate.api.nvidia.com/v1,2026-03-26,p1939995863,2,1429271200,,winner,mistralai/mistral-small-4-119b-2603;z-ai/glm5;nvidia/nemotron-3-super-120b-a12b;minimaxai/minimax-m2.5,player_1,z-ai/glm5,0,17,4,0.2353,0,0.0000,4,29,0.1379,0,0.0000,,
exp0_m10_g1_1775069567000,0,nim,https://integrate.api.nvidia.com/v1,2026-03-26,p1939995863,2,1429271200,,winner,mistralai/mistral-small-4-119b-2603;z-ai/glm5;nvidia/nemotron-3-super-120b-a12b;minimaxai/minimax-m2.5,player_2,nvidia/nemotron-3-super-120b-a12b,1,17,6,0.3529,1,0.1667,3,29,0.1034,1,0.3333,,
exp0_m10_g1_1775069567000,0,nim,https://integrate.api.nvidia.com/v1,2026-03-26,p1939995863,2,1429271200,,winner,mistralai/mistral-small-4-119b-2603;z-ai/glm5;nvidia/nemotron-3-super-120b-a12b;minimaxai/minimax-m2.5,player_3,minimaxai/minimax-m2.5,0,16,7,0.4375,2,0.2857,6,27,0.2222,2,0.3333,,
exp0_m10_g2_1775072973251,0,nim,https://integrate.api.nvidia.com/v1,2026-03-26,p1939995863,2,1429271201,,winner,z-ai/glm5;minimaxai/minimax-m2.5;mistralai/mistral-small-4-119b-2603;nvidia/nemotron-3-super-120b-a12b,player_0,z-ai/glm5,0,13,3,0.2308,1,0.3333,2,37,0.0541,1,0.5000,,
exp0_m10_g2_1775072973251,0,nim,https://integrate.api.nvidia.com/v1,2026-03-26,p1939995863,2,1429271201,,winner,z-ai/glm5;minimaxai/minimax-m2.5;mistralai/mistral-small-4-119b-2603;nvidia/nemotron-3-super-120b-a12b,player_1,minimaxai/minimax-m2.5,1,13,3,0.2308,2,0.6667,3,36,0.0833,2,0.6667,,
exp0_m10_g2_1775072973251,0,nim,https://integrate.api.nvidia.com/v1,2026-03-26,p1939995863,2,1429271201,,winner,z-ai/glm5;minimaxai/minimax-m2.5;mistralai/mistral-small-4-119b-2603;nvidia/nemotron-3-super-120b-a12b,player_2,mistralai/mistral-small-4-119b-2603,0,12,1,0.0833,0,0.0000,14,34,0.4118,3,0.2143,,
exp0_m10_g2_1775072973251,0,nim,https://integrate.api.nvidia.com/v1,2026-03-26,p1939995863,2,1429271201,,winner,z-ai/glm5;minimaxai/minimax-m2.5;mistralai/mistral-small-4-119b-2603;nvidia/nemotron-3-super-120b-a12b,player_3,nvidia/nemotron-3-super-120b-a12b,0,12,2,0.1667,0,0.0000,1,25,0.0400,0,0.0000,,
exp0_m10_g3_1775075568517,0,nim,https://integrate.api.nvidia.com/v1,2026-03-26,p1939995863,2,1429271202,,winner,nvidia/nemotron-3-super-120b-a12b;mistralai/mistral-small-4-119b-2603;z-ai/glm5;minimaxai/minimax-m2.5,player_0,nvidia/nemotron-3-super-120b-a12b,0,35,20,0.5714,6,0.3000,7,107,0.0654,5,0.7143,,
exp0_m10_g3_1775075568517,0,nim,https://integrate.api.nvidia.com/v1,2026-03-26,p1939995863,2,1429271202,,winner,nvidia/nemotron-3-super-120b-a12b;mistralai/mistral-small-4-119b-2603;z-ai/glm5;minimaxai/minimax-m2.5,player_1,mistralai/mistral-small-4-119b-2603,0,36,2,0.0556,1,0.5000,55,100,0.5500,25,0.4545,,
exp0_m10_g3_1775075568517,0,nim,https://integrate.api.nvidia.com/v1,2026-03-26,p1939995863,2,1429271202,,winner,nvidia/nemotron-3-super-120b-a12b;mistralai/mistral-small-4-119b-2603;z-ai/glm5;minimaxai/minimax-m2.5,player_2,z-ai/glm5,1,36,17,0.4722,8,0.4706,8,65,0.1231,2,0.2500,,
exp0_m10_g3_1775075568517,0,nim,https://integrate.api.nvidia.com/v1,2026-03-26,p1939995863,2,1429271202,,winner,nvidia/nemotron-3-super-120b-a12b;mistralai/mistral-small-4-119b-2603;z-ai/glm5;minimaxai/minimax-m2.5,player_3,minimaxai/minimax-m2.5,0,35,17,0.4857,6,0.3529,14,59,0.2373,3,0.2143,,
exp0_m10_g4_1775085075151,0,nim,https://integrate.api.nvidia.com/v1,2026-03-26,p1939995863,2,1429271203,,winner,mistralai/mistral-small-4-119b-2603;z-ai/glm5;nvidia/nemotron-3-super-120b-a12b;minimaxai/minimax-m2.5,player_0,mistralai/mistral-small-4-119b-2603,0,16,3,0.1875,0,0.0000,32,49,0.6531,11,0.3438,,
exp0_m10_g4_1775085075151,0,nim,https://integrate.api.nvidia.com/v1,2026-03-26,p1939995863,2,1429271203,,winner,mistralai/mistral-small-4-119b-2603;z-ai/glm5;nvidia/nemotron-3-super-120b-a12b;minimaxai/minimax-m2.5,player_1,z-ai/glm5,0,16,6,0.3750,1,0.1667,5,29,0.1724,4,0.8000,,
exp0_m10_g4_1775085075151,0,nim,https://integrate.api.nvidia.com/v1,2026-03-26,p1939995863,2,1429271203,,winner,mistralai/mistral-small-4-119b-2603;z-ai/glm5;nvidia/nemotron-3-super-120b-a12b;minimaxai/minimax-m2.5,player_2,nvidia/nemotron-3-super-120b-a12b,1,17,9,0.5294,3,0.3333,0,21,0.0000,0,0.0000,,
exp0_m10_g4_1775085075151,0,nim,https://integrate.api.nvidia.com/v1,2026-03-26,p1939995863,2,1429271203,,winner,mistralai/mistral-small-4-119b-2603;z-ai/glm5;nvidia/nemotron-3-super-120b-a12b;minimaxai/minimax-m2.5,player_3,minimaxai/minimax-m2.5,0,16,6,0.3750,1,0.1667,9,24,0.3750,4,0.4444,,
exp0_m10_g5_1775087509436,0,nim,https://integrate.api.nvidia.com/v1,2026-03-26,p1939995863,2,1429271204,,winner,mistralai/mistral-small-4-119b-2603;nvidia/nemotron-3-super-120b-a12b;z-ai/glm5;minimaxai/minimax-m2.5,player_0,mistralai/mistral-small-4-119b-2603,0,14,1,0.0714,1,1.0000,28,42,0.6667,9,0.3214,,
exp0_m10_g5_1775087509436,0,nim,https://integrate.api.nvidia.com/v1,2026-03-26,p1939995863,2,1429271204,,winner,mistralai/mistral-small-4-119b-2603;nvidia/nemotron-3-super-120b-a12b;z-ai/glm5;minimaxai/minimax-m2.5,player_1,nvidia/nemotron-3-super-120b-a12b,1,14,3,0.2143,0,0.0000,1,22,0.0455,1,1.0000,,
exp0_m10_g5_1775087509436,0,nim,https://integrate.api.nvidia.com/v1,2026-03-26,p1939995863,2,1429271204,,winner,mistralai/mistral-small-4-119b-2603;nvidia/nemotron-3-super-120b-a12b;z-ai/glm5;minimaxai/minimax-m2.5,player_2,z-ai/glm5,0,14,5,0.3571,1,0.2000,0,22,0.0000,0,0.0000,,
exp0_m10_g5_1775087509436,0,nim,https://integrate.api.nvidia.com/v1,2026-03-26,p1939995863,2,1429271204,,winner,mistralai/mistral-small-4-119b-2603;nvidia/nemotron-3-super-120b-a12b;z-ai/glm5;minimaxai/minimax-m2.5,player_3,minimaxai/minimax-m2.5,0,14,6,0.4286,2,0.3333,5,25,0.2000,1,0.2000,,
exp0_m10_g6_1775089386397,0,nim,https://integrate.api.nvidia.com/v1,2026-03-26,p1939995863,2,1429271205,,winner,z-ai/glm5;mistralai/mistral-small-4-119b-2603;minimaxai/minimax-m2.5;nvidia/nemotron-3-super-120b-a12b,player_0,z-ai/glm5,0,28,10,0.3571,3,0.3000,15,86,0.1744,7,0.4667,,
exp0_m10_g6_1775089386397,0,nim,https://integrate.api.nvidia.com/v1,2026-03-26,p1939995863,2,1429271205,,winner,z-ai/glm5;mistralai/mistral-small-4-119b-2603;minimaxai/minimax-m2.5;nvidia/nemotron-3-super-120b-a12b,player_1,mistralai/mistral-small-4-119b-2603,0,29,3,0.1034,2,0.6667,49,73,0.6712,18,0.3673,,
exp0_m10_g6_1775089386397,0,nim,https://integrate.api.nvidia.com/v1,2026-03-26,p1939995863,2,1429271205,,winner,z-ai/glm5;mistralai/mistral-small-4-119b-2603;minimaxai/minimax-m2.5;nvidia/nemotron-3-super-120b-a12b,player_2,minimaxai/minimax-m2.5,1,29,11,0.3793,4,0.3636,9,40,0.2250,2,0.2222,,
exp0_m10_g6_1775089386397,0,nim,https://integrate.api.nvidia.com/v1,2026-03-26,p1939995863,2,1429271205,,winner,z-ai/glm5;mistralai/mistral-small-4-119b-2603;minimaxai/minimax-m2.5;nvidia/nemotron-3-super-120b-a12b,player_3,nvidia/nemotron-3-super-120b-a12b,0,28,14,0.5000,2,0.1429,0,35,0.0000,0,0.0000,,
exp0_m10_g7_1775094535781,0,nim,https://integrate.api.nvidia.com/v1,2026-03-26,p1939995863,2,1429271206,,winner,mistralai/mistral-small-4-119b-2603;z-ai/glm5;nvidia/nemotron-3-super-120b-a12b;minimaxai/minimax-m2.5,player_0,mistralai/mistral-small-4-119b-2603,0,19,1,0.0526,0,0.0000,34,59,0.5763,14,0.4118,,
exp0_m10_g7_1775094535781,0,nim,https://integrate.api.nvidia.com/v1,2026-03-26,p1939995863,2,1429271206,,winner,mistralai/mistral-small-4-119b-2603;z-ai/glm5;nvidia/nemotron-3-super-120b-a12b;minimaxai/minimax-m2.5,player_1,z-ai/glm5,0,20,5,0.2500,2,0.4000,4,36,0.1111,2,0.5000,,
exp0_m10_g7_1775094535781,0,nim,https://integrate.api.nvidia.com/v1,2026-03-26,p1939995863,2,1429271206,,winner,mistralai/mistral-small-4-119b-2603;z-ai/glm5;nvidia/nemotron-3-super-120b-a12b;minimaxai/minimax-m2.5,player_2,nvidia/nemotron-3-super-120b-a12b,1,20,10,0.5000,2,0.2000,1,31,0.0323,0,0.0000,,
exp0_m10_g7_1775094535781,0,nim,https://integrate.api.nvidia.com/v1,2026-03-26,p1939995863,2,1429271206,,winner,mistralai/mistral-small-4-119b-2603;z-ai/glm5;nvidia/nemotron-3-super-120b-a12b;minimaxai/minimax-m2.5,player_3,minimaxai/minimax-m2.5,0,19,8,0.4211,3,0.3750,7,33,0.2121,1,0.1429,,
exp0_m10_g8_1775098134355,0,nim,https://integrate.api.nvidia.com/v1,2026-03-26,p1939995863,2,1429271207,,winner,nvidia/nemotron-3-super-120b-a12b;z-ai/glm5;mistralai/mistral-small-4-119b-2603;minimaxai/minimax-m2.5,player_0,nvidia/nemotron-3-super-120b-a12b,0,12,4,0.3333,2,0.5000,0,37,0.0000,0,0.0000,,
exp0_m10_g8_1775098134355,0,nim,https://integrate.api.nvidia.com/v1,2026-03-26,p1939995863,2,1429271207,,winner,nvidia/nemotron-3-super-120b-a12b;z-ai/glm5;mistralai/mistral-small-4-119b-2603;minimaxai/minimax-m2.5,player_1,z-ai/glm5,1,13,6,0.4615,4,0.6667,2,36,0.0556,2,1.0000,,
exp0_m10_g8_1775098134355,0,nim,https://integrate.api.nvidia.com/v1,2026-03-26,p1939995863,2,1429271207,,winner,nvidia/nemotron-3-super-120b-a12b;z-ai/glm5;mistralai/mistral-small-4-119b-2603;minimaxai/minimax-m2.5,player_2,mistralai/mistral-small-4-119b-2603,0,12,2,0.1667,2,1.0000,15,35,0.4286,3,0.2000,,
exp0_m10_g8_1775098134355,0,nim,https://integrate.api.nvidia.com/v1,2026-03-26,p1939995863,2,1429271207,,winner,nvidia/nemotron-3-super-120b-a12b;z-ai/glm5;mistralai/mistral-small-4-119b-2603;minimaxai/minimax-m2.5,player_3,minimaxai/minimax-m2.5,0,12,3,0.2500,2,0.6667,5,27,0.1852,0,0.0000,,
exp0_m10_g9_1775149447842,0,nim,https://integrate.api.nvidia.com/v1,2026-03-26,p1939995863,2,1429271208,,winner,minimaxai/minimax-m2.5;mistralai/mistral-small-4-119b-2603;nvidia/nemotron-3-super-120b-a12b;z-ai/glm5,player_0,minimaxai/minimax-m2.5,0,15,4,0.2667,2,0.5000,16,45,0.3556,8,0.5000,,
exp0_m10_g9_1775149447842,0,nim,https://integrate.api.nvidia.com/v1,2026-03-26,p1939995863,2,1429271208,,winner,minimaxai/minimax-m2.5;mistralai/mistral-small-4-119b-2603;nvidia/nemotron-3-super-120b-a12b;z-ai/glm5,player_1,mistralai/mistral-small-4-119b-2603,0,15,4,0.2667,3,0.7500,25,33,0.7576,7,0.2800,,
exp0_m10_g9_1775149447842,0,nim,https://integrate.api.nvidia.com/v1,2026-03-26,p1939995863,2,1429271208,,winner,minimaxai/minimax-m2.5;mistralai/mistral-small-4-119b-2603;nvidia/nemotron-3-super-120b-a12b;z-ai/glm5,player_2,nvidia/nemotron-3-super-120b-a12b,0,15,6,0.4000,0,0.0000,0,19,0.0000,0,0.0000,,
exp0_m10_g9_1775149447842,0,nim,https://integrate.api.nvidia.com/v1,2026-03-26,p1939995863,2,1429271208,,winner,minimaxai/minimax-m2.5;mistralai/mistral-small-4-119b-2603;nvidia/nemotron-3-super-120b-a12b;z-ai/glm5,player_3,z-ai/glm5,1,15,6,0.4000,0,0.0000,0,16,0.0000,0,0.0000,,
exp0_m11_g0_1775153498955,0,nim,https://integrate.api.nvidia.com/v1,2026-03-26,p1939995863,2,1429272160,,winner,minimaxai/minimax-m2.5;mistralai/mistral-small-4-119b-2603;nvidia/nemotron-3-super-120b-a12b;moonshotai/kimi-k2.5,player_0,minimaxai/minimax-m2.5,0,10,4,0.4000,4,1.0000,5,31,0.1613,2,0.4000,,
exp0_m11_g0_1775153498955,0,nim,https://integrate.api.nvidia.com/v1,2026-03-26,p1939995863,2,1429272160,,winner,minimaxai/minimax-m2.5;mistralai/mistral-small-4-119b-2603;nvidia/nemotron-3-super-120b-a12b;moonshotai/kimi-k2.5,player_1,mistralai/mistral-small-4-119b-2603,0,10,2,0.2000,2,1.0000,7,26,0.2692,0,0.0000,,
exp0_m11_g0_1775153498955,0,nim,https://integrate.api.nvidia.com/v1,2026-03-26,p1939995863,2,1429272160,,winner,minimaxai/minimax-m2.5;mistralai/mistral-small-4-119b-2603;nvidia/nemotron-3-super-120b-a12b;moonshotai/kimi-k2.5,player_2,nvidia/nemotron-3-super-120b-a12b,0,10,1,0.1000,0,0.0000,0,24,0.0000,0,0.0000,,
exp0_m11_g0_1775153498955,0,nim,https://integrate.api.nvidia.com/v1,2026-03-26,p1939995863,2,1429272160,,winner,minimaxai/minimax-m2.5;mistralai/mistral-small-4-119b-2603;nvidia/nemotron-3-super-120b-a12b;moonshotai/kimi-k2.5,player_3,moonshotai/kimi-k2.5,1,11,4,0.3636,3,0.7500,0,22,0.0000,0,0.0000,,
exp0_m11_g1_1775157902755,0,nim,https://integrate.api.nvidia.com/v1,2026-03-26,p1939995863,2,1429272161,,winner,moonshotai/kimi-k2.5;minimaxai/minimax-m2.5;nvidia/nemotron-3-super-120b-a12b;mistralai/mistral-small-4-119b-2603,player_0,moonshotai/kimi-k2.5,1,13,4,0.3077,1,0.2500,1,37,0.0270,1,1.0000,,
exp0_m11_g1_1775157902755,0,nim,https://integrate.api.nvidia.com/v1,2026-03-26,p1939995863,2,1429272161,,winner,moonshotai/kimi-k2.5;minimaxai/minimax-m2.5;nvidia/nemotron-3-super-120b-a12b;mistralai/mistral-small-4-119b-2603,player_1,minimaxai/minimax-m2.5,0,12,5,0.4167,3,0.6000,8,37,0.2162,6,0.7500,,
exp0_m11_g1_1775157902755,0,nim,https://integrate.api.nvidia.com/v1,2026-03-26,p1939995863,2,1429272161,,winner,moonshotai/kimi-k2.5;minimaxai/minimax-m2.5;nvidia/nemotron-3-super-120b-a12b;mistralai/mistral-small-4-119b-2603,player_2,nvidia/nemotron-3-super-120b-a12b,0,12,5,0.4167,2,0.4000,2,32,0.0625,0,0.0000,,
exp0_m11_g1_1775157902755,0,nim,https://integrate.api.nvidia.com/v1,2026-03-26,p1939995863,2,1429272161,,winner,moonshotai/kimi-k2.5;minimaxai/minimax-m2.5;nvidia/nemotron-3-super-120b-a12b;mistralai/mistral-small-4-119b-2603,player_3,mistralai/mistral-small-4-119b-2603,0,13,2,0.1538,0,0.0000,15,31,0.4839,3,0.2000,,
exp0_m11_g2_1775163650334,0,nim,https://integrate.api.nvidia.com/v1,2026-03-26,p1939995863,2,1429272162,,winner,mistralai/mistral-small-4-119b-2603;minimaxai/minimax-m2.5;nvidia/nemotron-3-super-120b-a12b;moonshotai/kimi-k2.5,player_0,mistralai/mistral-small-4-119b-2603,0,15,4,0.2667,3,0.7500,32,47,0.6809,17,0.5313,,
exp0_m11_g2_1775163650334,0,nim,https://integrate.api.nvidia.com/v1,2026-03-26,p1939995863,2,1429272162,,winner,mistralai/mistral-small-4-119b-2603;minimaxai/minimax-m2.5;nvidia/nemotron-3-super-120b-a12b;moonshotai/kimi-k2.5,player_1,minimaxai/minimax-m2.5,0,15,7,0.4667,1,0.1429,5,25,0.2000,2,0.4000,,
exp0_m11_g2_1775163650334,0,nim,https://integrate.api.nvidia.com/v1,2026-03-26,p1939995863,2,1429272162,,winner,mistralai/mistral-small-4-119b-2603;minimaxai/minimax-m2.5;nvidia/nemotron-3-super-120b-a12b;moonshotai/kimi-k2.5,player_2,nvidia/nemotron-3-super-120b-a12b,0,16,5,0.3125,0,0.0000,0,22,0.0000,0,0.0000,,
exp0_m11_g2_1775163650334,0,nim,https://integrate.api.nvidia.com/v1,2026-03-26,p1939995863,2,1429272162,,winner,mistralai/mistral-small-4-119b-2603;minimaxai/minimax-m2.5;nvidia/nemotron-3-super-120b-a12b;moonshotai/kimi-k2.5,player_3,moonshotai/kimi-k2.5,1,16,9,0.5625,2,0.2222,0,20,0.0000,0,0.0000,,
exp0_m11_g3_1775168749342,0,nim,https://integrate.api.nvidia.com/v1,2026-03-26,p1939995863,2,1429272163,,winner,nvidia/nemotron-3-super-120b-a12b;mistralai/mistral-small-4-119b-2603;minimaxai/minimax-m2.5;moonshotai/kimi-k2.5,player_0,nvidia/nemotron-3-super-120b-a12b,1,16,10,0.6250,1,0.1000,1,48,0.0208,1,1.0000,,
exp0_m11_g3_1775168749342,0,nim,https://integrate.api.nvidia.com/v1,2026-03-26,p1939995863,2,1429272163,,winner,nvidia/nemotron-3-super-120b-a12b;mistralai/mistral-small-4-119b-2603;minimaxai/minimax-m2.5;moonshotai/kimi-k2.5,player_1,mistralai/mistral-small-4-119b-2603,0,16,1,0.0625,0,0.0000,40,47,0.8511,22,0.5500,,
exp0_m11_g3_1775168749342,0,nim,https://integrate.api.nvidia.com/v1,2026-03-26,p1939995863,2,1429272163,,winner,nvidia/nemotron-3-super-120b-a12b;mistralai/mistral-small-4-119b-2603;minimaxai/minimax-m2.5;moonshotai/kimi-k2.5,player_2,minimaxai/minimax-m2.5,0,16,7,0.4375,2,0.2857,7,19,0.3684,1,0.1429,,
exp0_m11_g3_1775168749342,0,nim,https://integrate.api.nvidia.com/v1,2026-03-26,p1939995863,2,1429272163,,winner,nvidia/nemotron-3-super-120b-a12b;mistralai/mistral-small-4-119b-2603;minimaxai/minimax-m2.5;moonshotai/kimi-k2.5,player_3,moonshotai/kimi-k2.5,0,16,9,0.5625,0,0.0000,0,15,0.0000,0,0.0000,,
exp0_m11_g4_1775173383322,0,nim,https://integrate.api.nvidia.com/v1,2026-03-26,p1939995863,2,1429272164,,winner,mistralai/mistral-small-4-119b-2603;moonshotai/kimi-k2.5;minimaxai/minimax-m2.5;nvidia/nemotron-3-super-120b-a12b,player_0,mistralai/mistral-small-4-119b-2603,0,12,2,0.1667,1,0.5000,26,38,0.6842,13,0.5000,,
exp0_m11_g4_1775173383322,0,nim,https://integrate.api.nvidia.com/v1,2026-03-26,p1939995863,2,1429272164,,winner,mistralai/mistral-small-4-119b-2603;moonshotai/kimi-k2.5;minimaxai/minimax-m2.5;nvidia/nemotron-3-super-120b-a12b,player_1,moonshotai/kimi-k2.5,0,12,5,0.4167,1,0.2000,3,21,0.1429,1,0.3333,,
exp0_m11_g4_1775173383322,0,nim,https://integrate.api.nvidia.com/v1,2026-03-26,p1939995863,2,1429272164,,winner,mistralai/mistral-small-4-119b-2603;moonshotai/kimi-k2.5;minimaxai/minimax-m2.5;nvidia/nemotron-3-super-120b-a12b,player_2,minimaxai/minimax-m2.5,0,13,9,0.6923,3,0.3333,4,17,0.2353,0,0.0000,,
exp0_m11_g4_1775173383322,0,nim,https://integrate.api.nvidia.com/v1,2026-03-26,p1939995863,2,1429272164,,winner,mistralai/mistral-small-4-119b-2603;moonshotai/kimi-k2.5;minimaxai/minimax-m2.5;nvidia/nemotron-3-super-120b-a12b,player_3,nvidia/nemotron-3-super-120b-a12b,1,13,5,0.3846,2,0.4000,0,14,0.0000,0,0.0000,,
exp0_m11_g5_1775176892228,0,nim,https://integrate.api.nvidia.com/v1,2026-03-26,p1939995863,2,1429272165,,winner,moonshotai/kimi-k2.5;mistralai/mistral-small-4-119b-2603;nvidia/nemotron-3-super-120b-a12b;minimaxai/minimax-m2.5,player_0,moonshotai/kimi-k2.5,1,14,5,0.3571,2,0.4000,0,41,0.0000,0,0.0000,,
exp0_m11_g5_1775176892228,0,nim,https://integrate.api.nvidia.com/v1,2026-03-26,p1939995863,2,1429272165,,winner,moonshotai/kimi-k2.5;mistralai/mistral-small-4-119b-2603;nvidia/nemotron-3-super-120b-a12b;minimaxai/minimax-m2.5,player_1,mistralai/mistral-small-4-119b-2603,0,13,1,0.0769,0,0.0000,23,42,0.5476,7,0.3043,,
exp0_m11_g5_1775176892228,0,nim,https://integrate.api.nvidia.com/v1,2026-03-26,p1939995863,2,1429272165,,winner,moonshotai/kimi-k2.5;mistralai/mistral-small-4-119b-2603;nvidia/nemotron-3-super-120b-a12b;minimaxai/minimax-m2.5,player_2,nvidia/nemotron-3-super-120b-a12b,0,14,4,0.2857,2,0.5000,0,27,0.0000,0,0.0000,,
exp0_m11_g5_1775176892228,0,nim,https://integrate.api.nvidia.com/v1,2026-03-26,p1939995863,2,1429272165,,winner,moonshotai/kimi-k2.5;mistralai/mistral-small-4-119b-2603;nvidia/nemotron-3-super-120b-a12b;minimaxai/minimax-m2.5,player_3,minimaxai/minimax-m2.5,0,14,3,0.2143,1,0.3333,5,26,0.1923,1,0.2000,,
exp0_m11_g6_1775183122222,0,nim,https://integrate.api.nvidia.com/v1,2026-03-26,p1939995863,2,1429272166,,winner,minimaxai/minimax-m2.5;nvidia/nemotron-3-super-120b-a12b;moonshotai/kimi-k2.5;mistralai/mistral-small-4-119b-2603,player_0,minimaxai/minimax-m2.5,0,14,3,0.2143,0,0.0000,13,40,0.3250,3,0.2308,,
exp0_m11_g6_1775183122222,0,nim,https://integrate.api.nvidia.com/v1,2026-03-26,p1939995863,2,1429272166,,winner,minimaxai/minimax-m2.5;nvidia/nemotron-3-super-120b-a12b;moonshotai/kimi-k2.5;mistralai/mistral-small-4-119b-2603,player_1,nvidia/nemotron-3-super-120b-a12b,1,14,4,0.2857,2,0.5000,0,30,0.0000,0,0.0000,,
exp0_m11_g6_1775183122222,0,nim,https://integrate.api.nvidia.com/v1,2026-03-26,p1939995863,2,1429272166,,winner,minimaxai/minimax-m2.5;nvidia/nemotron-3-super-120b-a12b;moonshotai/kimi-k2.5;mistralai/mistral-small-4-119b-2603,player_2,moonshotai/kimi-k2.5,0,13,5,0.3846,2,0.4000,2,33,0.0606,1,0.5000,,
exp0_m11_g6_1775183122222,0,nim,https://integrate.api.nvidia.com/v1,2026-03-26,p1939995863,2,1429272166,,winner,minimaxai/minimax-m2.5;nvidia/nemotron-3-super-120b-a12b;moonshotai/kimi-k2.5;mistralai/mistral-small-4-119b-2603,player_3,mistralai/mistral-small-4-119b-2603,0,13,3,0.2308,2,0.6667,18,31,0.5806,5,0.2778,,
exp0_m11_g7_1775189832307,0,nim,https://integrate.api.nvidia.com/v1,2026-03-26,p1939995863,2,1429272167,,winner,minimaxai/minimax-m2.5;nvidia/nemotron-3-super-120b-a12b;moonshotai/kimi-k2.5;mistralai/mistral-small-4-119b-2603,player_0,minimaxai/minimax-m2.5,0,24,7,0.2917,3,0.4286,28,70,0.4000,12,0.4286,,
exp0_m11_g7_1775189832307,0,nim,https://integrate.api.nvidia.com/v1,2026-03-26,p1939995863,2,1429272167,,winner,minimaxai/minimax-m2.5;nvidia/nemotron-3-super-120b-a12b;moonshotai/kimi-k2.5;mistralai/mistral-small-4-119b-2603,player_1,nvidia/nemotron-3-super-120b-a12b,1,24,10,0.4167,2,0.2000,3,50,0.0600,2,0.6667,,
exp0_m11_g7_1775189832307,0,nim,https://integrate.api.nvidia.com/v1,2026-03-26,p1939995863,2,1429272167,,winner,minimaxai/minimax-m2.5;nvidia/nemotron-3-super-120b-a12b;moonshotai/kimi-k2.5;mistralai/mistral-small-4-119b-2603,player_2,moonshotai/kimi-k2.5,0,23,16,0.6957,0,0.0000,4,50,0.0800,4,1.0000,,
exp0_m11_g7_1775189832307,0,nim,https://integrate.api.nvidia.com/v1,2026-03-26,p1939995863,2,1429272167,,winner,minimaxai/minimax-m2.5;nvidia/nemotron-3-super-120b-a12b;moonshotai/kimi-k2.5;mistralai/mistral-small-4-119b-2603,player_3,mistralai/mistral-small-4-119b-2603,0,23,3,0.1304,1,0.3333,33,48,0.6875,12,0.3636,,
exp0_m11_g8_1775201611405,0,nim,https://integrate.api.nvidia.com/v1,2026-03-26,p1939995863,2,1429272168,,winner,nvidia/nemotron-3-super-120b-a12b;mistralai/mistral-small-4-119b-2603;minimaxai/minimax-m2.5;moonshotai/kimi-k2.5,player_0,nvidia/nemotron-3-super-120b-a12b,0,19,11,0.5789,1,0.0909,2,59,0.0339,2,1.0000,,
exp0_m11_g8_1775201611405,0,nim,https://integrate.api.nvidia.com/v1,2026-03-26,p1939995863,2,1429272168,,winner,nvidia/nemotron-3-super-120b-a12b;mistralai/mistral-small-4-119b-2603;minimaxai/minimax-m2.5;moonshotai/kimi-k2.5,player_1,mistralai/mistral-small-4-119b-2603,0,19,4,0.2105,1,0.2500,39,57,0.6842,18,0.4615,,
exp0_m11_g8_1775201611405,0,nim,https://integrate.api.nvidia.com/v1,2026-03-26,p1939995863,2,1429272168,,winner,nvidia/nemotron-3-super-120b-a12b;mistralai/mistral-small-4-119b-2603;minimaxai/minimax-m2.5;moonshotai/kimi-k2.5,player_2,minimaxai/minimax-m2.5,0,20,6,0.3000,0,0.0000,17,36,0.4722,7,0.4118,,
exp0_m11_g8_1775201611405,0,nim,https://integrate.api.nvidia.com/v1,2026-03-26,p1939995863,2,1429272168,,winner,nvidia/nemotron-3-super-120b-a12b;mistralai/mistral-small-4-119b-2603;minimaxai/minimax-m2.5;moonshotai/kimi-k2.5,player_3,moonshotai/kimi-k2.5,1,20,12,0.6000,3,0.2500,1,14,0.0714,1,1.0000,,
exp0_m11_g9_1775209369125,0,nim,https://integrate.api.nvidia.com/v1,2026-03-26,p1939995863,2,1429272169,,winner,minimaxai/minimax-m2.5;moonshotai/kimi-k2.5;mistralai/mistral-small-4-119b-2603;nvidia/nemotron-3-super-120b-a12b,player_0,minimaxai/minimax-m2.5,0,16,6,0.3750,0,0.0000,15,46,0.3261,7,0.4667,,
exp0_m11_g9_1775209369125,0,nim,https://integrate.api.nvidia.com/v1,2026-03-26,p1939995863,2,1429272169,,winner,minimaxai/minimax-m2.5;moonshotai/kimi-k2.5;mistralai/mistral-small-4-119b-2603;nvidia/nemotron-3-super-120b-a12b,player_1,moonshotai/kimi-k2.5,1,16,7,0.4375,1,0.1429,2,37,0.0541,2,1.0000,,
exp0_m11_g9_1775209369125,0,nim,https://integrate.api.nvidia.com/v1,2026-03-26,p1939995863,2,1429272169,,winner,minimaxai/minimax-m2.5;moonshotai/kimi-k2.5;mistralai/mistral-small-4-119b-2603;nvidia/nemotron-3-super-120b-a12b,player_2,mistralai/mistral-small-4-119b-2603,0,15,2,0.1333,1,0.5000,24,36,0.6667,8,0.3333,,
exp0_m11_g9_1775209369125,0,nim,https://integrate.api.nvidia.com/v1,2026-03-26,p1939995863,2,1429272169,,winner,minimaxai/minimax-m2.5;moonshotai/kimi-k2.5;mistralai/mistral-small-4-119b-2603;nvidia/nemotron-3-super-120b-a12b,player_3,nvidia/nemotron-3-super-120b-a12b,0,15,5,0.3333,0,0.0000,3,18,0.1667,1,0.3333,,
exp0_m12_g0_1775217091846,0,nim,https://integrate.api.nvidia.com/v1,2026-03-26,p1939995863,2,1429273121,,winner,minimaxai/minimax-m2.5;z-ai/glm5;nvidia/nemotron-3-super-120b-a12b;moonshotai/kimi-k2.5,player_0,minimaxai/minimax-m2.5,0,26,10,0.3846,7,0.7000,27,77,0.3506,14,0.5185,,
exp0_m12_g0_1775217091846,0,nim,https://integrate.api.nvidia.com/v1,2026-03-26,p1939995863,2,1429273121,,winner,minimaxai/minimax-m2.5;z-ai/glm5;nvidia/nemotron-3-super-120b-a12b;moonshotai/kimi-k2.5,player_1,z-ai/glm5,0,26,8,0.3077,2,0.2500,4,60,0.0667,4,1.0000,,
exp0_m12_g0_1775217091846,0,nim,https://integrate.api.nvidia.com/v1,2026-03-26,p1939995863,2,1429273121,,winner,minimaxai/minimax-m2.5;z-ai/glm5;nvidia/nemotron-3-super-120b-a12b;moonshotai/kimi-k2.5,player_2,nvidia/nemotron-3-super-120b-a12b,1,26,12,0.4615,4,0.3333,2,55,0.0364,2,1.0000,,
exp0_m12_g0_1775217091846,0,nim,https://integrate.api.nvidia.com/v1,2026-03-26,p1939995863,2,1429273121,,winner,minimaxai/minimax-m2.5;z-ai/glm5;nvidia/nemotron-3-super-120b-a12b;moonshotai/kimi-k2.5,player_3,moonshotai/kimi-k2.5,0,25,9,0.3600,4,0.4444,5,55,0.0909,2,0.4000,,
exp0_m12_g1_1775229116986,0,nim,https://integrate.api.nvidia.com/v1,2026-03-26,p1939995863,2,1429273122,,winner,moonshotai/kimi-k2.5;nvidia/nemotron-3-super-120b-a12b;z-ai/glm5;minimaxai/minimax-m2.5,player_0,moonshotai/kimi-k2.5,0,22,11,0.5000,3,0.2727,4,66,0.0606,3,0.7500,,
exp0_m12_g1_1775229116986,0,nim,https://integrate.api.nvidia.com/v1,2026-03-26,p1939995863,2,1429273122,,winner,moonshotai/kimi-k2.5;nvidia/nemotron-3-super-120b-a12b;z-ai/glm5;minimaxai/minimax-m2.5,player_1,nvidia/nemotron-3-super-120b-a12b,1,22,7,0.3182,3,0.4286,1,65,0.0154,1,1.0000,,
exp0_m12_g1_1775229116986,0,nim,https://integrate.api.nvidia.com/v1,2026-03-26,p1939995863,2,1429273122,,winner,moonshotai/kimi-k2.5;nvidia/nemotron-3-super-120b-a12b;z-ai/glm5;minimaxai/minimax-m2.5,player_2,z-ai/glm5,0,22,12,0.5455,4,0.3333,5,63,0.0794,3,0.6000,,
exp0_m12_g1_1775229116986,0,nim,https://integrate.api.nvidia.com/v1,2026-03-26,p1939995863,2,1429273122,,winner,moonshotai/kimi-k2.5;nvidia/nemotron-3-super-120b-a12b;z-ai/glm5;minimaxai/minimax-m2.5,player_3,minimaxai/minimax-m2.5,0,22,1,0.0455,0,0.0000,26,59,0.4407,14,0.5385,,
exp0_m12_g2_1775241391819,0,nim,https://integrate.api.nvidia.com/v1,2026-03-26,p1939995863,2,1429273123,,winner,moonshotai/kimi-k2.5;minimaxai/minimax-m2.5;z-ai/glm5;nvidia/nemotron-3-super-120b-a12b,player_0,moonshotai/kimi-k2.5,0,14,4,0.2857,1,0.2500,2,44,0.0455,2,1.0000,,
exp0_m12_g2_1775241391819,0,nim,https://integrate.api.nvidia.com/v1,2026-03-26,p1939995863,2,1429273123,,winner,moonshotai/kimi-k2.5;minimaxai/minimax-m2.5;z-ai/glm5;nvidia/nemotron-3-super-120b-a12b,player_1,minimaxai/minimax-m2.5,0,14,5,0.3571,4,0.8000,9,42,0.2143,3,0.3333,,
exp0_m12_g2_1775241391819,0,nim,https://integrate.api.nvidia.com/v1,2026-03-26,p1939995863,2,1429273123,,winner,moonshotai/kimi-k2.5;minimaxai/minimax-m2.5;z-ai/glm5;nvidia/nemotron-3-super-120b-a12b,player_2,z-ai/glm5,0,15,8,0.5333,6,0.7500,1,34,0.0294,1,1.0000,,
exp0_m12_g2_1775241391819,0,nim,https://integrate.api.nvidia.com/v1,2026-03-26,p1939995863,2,1429273123,,winner,moonshotai/kimi-k2.5;minimaxai/minimax-m2.5;z-ai/glm5;nvidia/nemotron-3-super-120b-a12b,player_3,nvidia/nemotron-3-super-120b-a12b,1,15,4,0.2667,3,0.7500,1,35,0.0286,1,1.0000,,
exp0_m12_g3_1775248601675,0,nim,https://integrate.api.nvidia.com/v1,2026-03-26,p1939995863,2,1429273124,,winner,nvidia/nemotron-3-super-120b-a12b;minimaxai/minimax-m2.5;z-ai/glm5;moonshotai/kimi-k2.5,player_0,nvidia/nemotron-3-super-120b-a12b,0,34,13,0.3824,3,0.2308,3,102,0.0294,3,1.0000,,
exp0_m12_g3_1775248601675,0,nim,https://integrate.api.nvidia.com/v1,2026-03-26,p1939995863,2,1429273124,,winner,nvidia/nemotron-3-super-120b-a12b;minimaxai/minimax-m2.5;z-ai/glm5;moonshotai/kimi-k2.5,player_1,minimaxai/minimax-m2.5,0,34,5,0.1471,2,0.4000,40,100,0.4000,22,0.5500,,
exp0_m12_g3_1775248601675,0,nim,https://integrate.api.nvidia.com/v1,2026-03-26,p1939995863,2,1429273124,,winner,nvidia/nemotron-3-super-120b-a12b;minimaxai/minimax-m2.5;z-ai/glm5;moonshotai/kimi-k2.5,player_2,z-ai/glm5,0,34,12,0.3529,5,0.4167,12,73,0.1644,3,0.2500,,
exp0_m12_g3_1775248601675,0,nim,https://integrate.api.nvidia.com/v1,2026-03-26,p1939995863,2,1429273124,,winner,nvidia/nemotron-3-super-120b-a12b;minimaxai/minimax-m2.5;z-ai/glm5;moonshotai/kimi-k2.5,player_3,moonshotai/kimi-k2.5,1,34,14,0.4118,6,0.4286,2,63,0.0317,0,0.0000,,
exp0_m12_g4_1775261241962,0,nim,https://integrate.api.nvidia.com/v1,2026-03-26,p1939995863,2,1429273125,,winner,nvidia/nemotron-3-super-120b-a12b;minimaxai/minimax-m2.5;z-ai/glm5;moonshotai/kimi-k2.5,player_0,nvidia/nemotron-3-super-120b-a12b,1,13,6,0.4615,3,0.5000,4,37,0.1081,3,0.7500,,
exp0_m12_g4_1775261241962,0,nim,https://integrate.api.nvidia.com/v1,2026-03-26,p1939995863,2,1429273125,,winner,nvidia/nemotron-3-super-120b-a12b;minimaxai/minimax-m2.5;z-ai/glm5;moonshotai/kimi-k2.5,player_1,minimaxai/minimax-m2.5,0,12,4,0.3333,2,0.5000,14,37,0.3784,5,0.3571,,
exp0_m12_g4_1775261241962,0,nim,https://integrate.api.nvidia.com/v1,2026-03-26,p1939995863,2,1429273125,,winner,nvidia/nemotron-3-super-120b-a12b;minimaxai/minimax-m2.5;z-ai/glm5;moonshotai/kimi-k2.5,player_2,z-ai/glm5,0,12,3,0.2500,1,0.3333,3,25,0.1200,2,0.6667,,
exp0_m12_g4_1775261241962,0,nim,https://integrate.api.nvidia.com/v1,2026-03-26,p1939995863,2,1429273125,,winner,nvidia/nemotron-3-super-120b-a12b;minimaxai/minimax-m2.5;z-ai/glm5;moonshotai/kimi-k2.5,player_3,moonshotai/kimi-k2.5,0,13,7,0.5385,3,0.4286,1,24,0.0417,1,1.0000,,
exp0_m12_g5_1775266563666,0,nim,https://integrate.api.nvidia.com/v1,2026-03-26,p1939995863,2,1429273126,,winner,z-ai/glm5;moonshotai/kimi-k2.5;minimaxai/minimax-m2.5;nvidia/nemotron-3-super-120b-a12b,player_0,z-ai/glm5,0,11,1,0.0909,0,0.0000,6,36,0.1667,4,0.6667,,
exp0_m12_g5_1775266563666,0,nim,https://integrate.api.nvidia.com/v1,2026-03-26,p1939995863,2,1429273126,,winner,z-ai/glm5;moonshotai/kimi-k2.5;minimaxai/minimax-m2.5;nvidia/nemotron-3-super-120b-a12b,player_1,moonshotai/kimi-k2.5,0,12,9,0.7500,6,0.6667,3,32,0.0938,2,0.6667,,
exp0_m12_g5_1775266563666,0,nim,https://integrate.api.nvidia.com/v1,2026-03-26,p1939995863,2,1429273126,,winner,z-ai/glm5;moonshotai/kimi-k2.5;minimaxai/minimax-m2.5;nvidia/nemotron-3-super-120b-a12b,player_2,minimaxai/minimax-m2.5,0,12,2,0.1667,1,0.5000,5,28,0.1786,1,0.2000,,
exp0_m12_g5_1775266563666,0,nim,https://integrate.api.nvidia.com/v1,2026-03-26,p1939995863,2,1429273126,,winner,z-ai/glm5;moonshotai/kimi-k2.5;minimaxai/minimax-m2.5;nvidia/nemotron-3-super-120b-a12b,player_3,nvidia/nemotron-3-super-120b-a12b,1,12,6,0.5000,4,0.6667,0,26,0.0000,0,0.0000,,
exp0_m12_g6_1775269968800,0,nim,https://integrate.api.nvidia.com/v1,2026-03-26,p1939995863,2,1429273127,,winner,moonshotai/kimi-k2.5;minimaxai/minimax-m2.5;nvidia/nemotron-3-super-120b-a12b;z-ai/glm5,player_0,moonshotai/kimi-k2.5,0,24,8,0.3333,2,0.2500,7,72,0.0972,5,0.7143,,
exp0_m12_g6_1775269968800,0,nim,https://integrate.api.nvidia.com/v1,2026-03-26,p1939995863,2,1429273127,,winner,moonshotai/kimi-k2.5;minimaxai/minimax-m2.5;nvidia/nemotron-3-super-120b-a12b;z-ai/glm5,player_1,minimaxai/minimax-m2.5,0,24,6,0.2500,5,0.8333,25,66,0.3788,14,0.5600,,
exp0_m12_g6_1775269968800,0,nim,https://integrate.api.nvidia.com/v1,2026-03-26,p1939995863,2,1429273127,,winner,moonshotai/kimi-k2.5;minimaxai/minimax-m2.5;nvidia/nemotron-3-super-120b-a12b;z-ai/glm5,player_2,nvidia/nemotron-3-super-120b-a12b,1,24,8,0.3333,1,0.1250,1,54,0.0185,1,1.0000,,
exp0_m12_g6_1775269968800,0,nim,https://integrate.api.nvidia.com/v1,2026-03-26,p1939995863,2,1429273127,,winner,moonshotai/kimi-k2.5;minimaxai/minimax-m2.5;nvidia/nemotron-3-super-120b-a12b;z-ai/glm5,player_3,z-ai/glm5,0,24,10,0.4167,2,0.2000,7,48,0.1458,2,0.2857,,
exp0_m12_g7_1775278059960,0,nim,https://integrate.api.nvidia.com/v1,2026-03-26,p1939995863,2,1429273128,,winner,z-ai/glm5;nvidia/nemotron-3-super-120b-a12b;minimaxai/minimax-m2.5;moonshotai/kimi-k2.5,player_0,z-ai/glm5,0,14,6,0.4286,3,0.5000,6,45,0.1333,2,0.3333,,
exp0_m12_g7_1775278059960,0,nim,https://integrate.api.nvidia.com/v1,2026-03-26,p1939995863,2,1429273128,,winner,z-ai/glm5;nvidia/nemotron-3-super-120b-a12b;minimaxai/minimax-m2.5;moonshotai/kimi-k2.5,player_1,nvidia/nemotron-3-super-120b-a12b,0,15,7,0.4667,4,0.5714,2,40,0.0500,2,1.0000,,
exp0_m12_g7_1775278059960,0,nim,https://integrate.api.nvidia.com/v1,2026-03-26,p1939995863,2,1429273128,,winner,z-ai/glm5;nvidia/nemotron-3-super-120b-a12b;minimaxai/minimax-m2.5;moonshotai/kimi-k2.5,player_2,minimaxai/minimax-m2.5,0,15,2,0.1333,2,1.0000,9,38,0.2368,5,0.5556,,
exp0_m12_g7_1775278059960,0,nim,https://integrate.api.nvidia.com/v1,2026-03-26,p1939995863,2,1429273128,,winner,z-ai/glm5;nvidia/nemotron-3-super-120b-a12b;minimaxai/minimax-m2.5;moonshotai/kimi-k2.5,player_3,moonshotai/kimi-k2.5,1,15,7,0.4667,4,0.5714,0,33,0.0000,0,0.0000,,
exp0_m12_g8_1775284483185,0,nim,https://integrate.api.nvidia.com/v1,2026-03-26,p1939995863,2,1429273129,,winner,nvidia/nemotron-3-super-120b-a12b;z-ai/glm5;moonshotai/kimi-k2.5;minimaxai/minimax-m2.5,player_0,nvidia/nemotron-3-super-120b-a12b,0,20,6,0.3000,3,0.5000,1,59,0.0169,0,0.0000,,
exp0_m12_g8_1775284483185,0,nim,https://integrate.api.nvidia.com/v1,2026-03-26,p1939995863,2,1429273129,,winner,nvidia/nemotron-3-super-120b-a12b;z-ai/glm5;moonshotai/kimi-k2.5;minimaxai/minimax-m2.5,player_1,z-ai/glm5,0,20,6,0.3000,2,0.3333,1,58,0.0172,0,0.0000,,
exp0_m12_g8_1775284483185,0,nim,https://integrate.api.nvidia.com/v1,2026-03-26,p1939995863,2,1429273129,,winner,nvidia/nemotron-3-super-120b-a12b;z-ai/glm5;moonshotai/kimi-k2.5;minimaxai/minimax-m2.5,player_2,moonshotai/kimi-k2.5,1,20,8,0.4000,5,0.6250,3,57,0.0526,2,0.6667,,
exp0_m12_g8_1775284483185,0,nim,https://integrate.api.nvidia.com/v1,2026-03-26,p1939995863,2,1429273129,,winner,nvidia/nemotron-3-super-120b-a12b;z-ai/glm5;moonshotai/kimi-k2.5;minimaxai/minimax-m2.5,player_3,minimaxai/minimax-m2.5,0,19,1,0.0526,1,1.0000,17,57,0.2982,8,0.4706,,
exp0_m12_g9_1775300730676,0,nim,https://integrate.api.nvidia.com/v1,2026-03-26,p1939995863,2,1429273130,,winner,nvidia/nemotron-3-super-120b-a12b;z-ai/glm5;minimaxai/minimax-m2.5;moonshotai/kimi-k2.5,player_0,nvidia/nemotron-3-super-120b-a12b,0,20,7,0.3500,1,0.1429,5,62,0.0806,3,0.6000,,
exp0_m12_g9_1775300730676,0,nim,https://integrate.api.nvidia.com/v1,2026-03-26,p1939995863,2,1429273130,,winner,nvidia/nemotron-3-super-120b-a12b;z-ai/glm5;minimaxai/minimax-m2.5;moonshotai/kimi-k2.5,player_1,z-ai/glm5,0,20,5,0.2500,0,0.0000,3,58,0.0517,1,0.3333,,
exp0_m12_g9_1775300730676,0,nim,https://integrate.api.nvidia.com/v1,2026-03-26,p1939995863,2,1429273130,,winner,nvidia/nemotron-3-super-120b-a12b;z-ai/glm5;minimaxai/minimax-m2.5;moonshotai/kimi-k2.5,player_2,minimaxai/minimax-m2.5,0,21,6,0.2857,3,0.5000,21,57,0.3684,10,0.4762,,
exp0_m12_g9_1775300730676,0,nim,https://integrate.api.nvidia.com/v1,2026-03-26,p1939995863,2,1429273130,,winner,nvidia/nemotron-3-super-120b-a12b;z-ai/glm5;minimaxai/minimax-m2.5;moonshotai/kimi-k2.5,player_3,moonshotai/kimi-k2.5,1,21,8,0.3810,5,0.6250,6,42,0.1429,3,0.5000,,
exp0_m13_g0_1775318500708,0,nim,https://integrate.api.nvidia.com/v1,2026-03-26,p1939995863,2,1429274082,,winner,mistralai/mistral-small-4-119b-2603;z-ai/glm5;moonshotai/kimi-k2.5;minimaxai/minimax-m2.5,player_0,mistralai/mistral-small-4-119b-2603,0,16,2,0.1250,1,0.5000,37,48,0.7708,17,0.4595,,
exp0_m13_g0_1775318500708,0,nim,https://integrate.api.nvidia.com/v1,2026-03-26,p1939995863,2,1429274082,,winner,mistralai/mistral-small-4-119b-2603;z-ai/glm5;moonshotai/kimi-k2.5;minimaxai/minimax-m2.5,player_1,z-ai/glm5,0,16,7,0.4375,0,0.0000,2,26,0.0769,0,0.0000,,
exp0_m13_g0_1775318500708,0,nim,https://integrate.api.nvidia.com/v1,2026-03-26,p1939995863,2,1429274082,,winner,mistralai/mistral-small-4-119b-2603;z-ai/glm5;moonshotai/kimi-k2.5;minimaxai/minimax-m2.5,player_2,moonshotai/kimi-k2.5,1,16,8,0.5000,3,0.3750,1,19,0.0526,0,0.0000,,
exp0_m13_g0_1775318500708,0,nim,https://integrate.api.nvidia.com/v1,2026-03-26,p1939995863,2,1429274082,,winner,mistralai/mistral-small-4-119b-2603;z-ai/glm5;moonshotai/kimi-k2.5;minimaxai/minimax-m2.5,player_3,minimaxai/minimax-m2.5,0,16,6,0.3750,1,0.1667,5,22,0.2273,1,0.2000,,
exp0_m13_g1_1775322953021,0,nim,https://integrate.api.nvidia.com/v1,2026-03-26,p1939995863,2,1429274083,,winner,moonshotai/kimi-k2.5;mistralai/mistral-small-4-119b-2603;z-ai/glm5;minimaxai/minimax-m2.5,player_0,moonshotai/kimi-k2.5,1,19,12,0.6316,2,0.1667,1,56,0.0179,1,1.0000,,
exp0_m13_g1_1775322953021,0,nim,https://integrate.api.nvidia.com/v1,2026-03-26,p1939995863,2,1429274083,,winner,moonshotai/kimi-k2.5;mistralai/mistral-small-4-119b-2603;z-ai/glm5;minimaxai/minimax-m2.5,player_1,mistralai/mistral-small-4-119b-2603,0,18,2,0.1111,1,0.5000,41,56,0.7321,18,0.4390,,
exp0_m13_g1_1775322953021,0,nim,https://integrate.api.nvidia.com/v1,2026-03-26,p1939995863,2,1429274083,,winner,moonshotai/kimi-k2.5;mistralai/mistral-small-4-119b-2603;z-ai/glm5;minimaxai/minimax-m2.5,player_2,z-ai/glm5,0,19,9,0.4737,2,0.2222,4,26,0.1538,2,0.5000,,
exp0_m13_g1_1775322953021,0,nim,https://integrate.api.nvidia.com/v1,2026-03-26,p1939995863,2,1429274083,,winner,moonshotai/kimi-k2.5;mistralai/mistral-small-4-119b-2603;z-ai/glm5;minimaxai/minimax-m2.5,player_3,minimaxai/minimax-m2.5,0,19,5,0.2632,0,0.0000,8,27,0.2963,2,0.2500,,
exp0_m13_g2_1775330070753,0,nim,https://integrate.api.nvidia.com/v1,2026-03-26,p1939995863,2,1429274084,,winner,minimaxai/minimax-m2.5;z-ai/glm5;mistralai/mistral-small-4-119b-2603;moonshotai/kimi-k2.5,player_0,minimaxai/minimax-m2.5,0,25,5,0.2000,0,0.0000,36,74,0.4865,19,0.5278,,
exp0_m13_g2_1775330070753,0,nim,https://integrate.api.nvidia.com/v1,2026-03-26,p1939995863,2,1429274084,,winner,minimaxai/minimax-m2.5;z-ai/glm5;mistralai/mistral-small-4-119b-2603;moonshotai/kimi-k2.5,player_1,z-ai/glm5,1,25,10,0.4000,1,0.1000,5,48,0.1042,2,0.4000,,
exp0_m13_g2_1775330070753,0,nim,https://integrate.api.nvidia.com/v1,2026-03-26,p1939995863,2,1429274084,,winner,minimaxai/minimax-m2.5;z-ai/glm5;mistralai/mistral-small-4-119b-2603;moonshotai/kimi-k2.5,player_2,mistralai/mistral-small-4-119b-2603,0,24,3,0.1250,0,0.0000,30,46,0.6522,9,0.3000,,
exp0_m13_g2_1775330070753,0,nim,https://integrate.api.nvidia.com/v1,2026-03-26,p1939995863,2,1429274084,,winner,minimaxai/minimax-m2.5;z-ai/glm5;mistralai/mistral-small-4-119b-2603;moonshotai/kimi-k2.5,player_3,moonshotai/kimi-k2.5,0,25,17,0.6800,3,0.1765,3,24,0.1250,1,0.3333,,
exp0_m13_g3_1775338506940,0,nim,https://integrate.api.nvidia.com/v1,2026-03-26,p1939995863,2,1429274085,,winner,moonshotai/kimi-k2.5;minimaxai/minimax-m2.5;z-ai/glm5;mistralai/mistral-small-4-119b-2603,player_0,moonshotai/kimi-k2.5,0,25,11,0.4400,2,0.1818,4,77,0.0519,3,0.7500,,
exp0_m13_g3_1775338506940,0,nim,https://integrate.api.nvidia.com/v1,2026-03-26,p1939995863,2,1429274085,,winner,moonshotai/kimi-k2.5;minimaxai/minimax-m2.5;z-ai/glm5;mistralai/mistral-small-4-119b-2603,player_1,minimaxai/minimax-m2.5,0,26,7,0.2692,2,0.2857,24,73,0.3288,11,0.4583,,
exp0_m13_g3_1775338506940,0,nim,https://integrate.api.nvidia.com/v1,2026-03-26,p1939995863,2,1429274085,,winner,moonshotai/kimi-k2.5;minimaxai/minimax-m2.5;z-ai/glm5;mistralai/mistral-small-4-119b-2603,player_2,z-ai/glm5,1,26,14,0.5385,3,0.2143,8,57,0.1404,5,0.6250,,
exp0_m13_g3_1775338506940,0,nim,https://integrate.api.nvidia.com/v1,2026-03-26,p1939995863,2,1429274085,,winner,moonshotai/kimi-k2.5;minimaxai/minimax-m2.5;z-ai/glm5;mistralai/mistral-small-4-119b-2603,player_3,mistralai/mistral-small-4-119b-2603,0,25,3,0.1200,0,0.0000,35,53,0.6604,9,0.2571,,
exp0_m13_g4_1775350720679,0,nim,https://integrate.api.nvidia.com/v1,2026-03-26,p1939995863,2,1429274086,,winner,z-ai/glm5;mistralai/mistral-small-4-119b-2603;moonshotai/kimi-k2.5;minimaxai/minimax-m2.5,player_0,z-ai/glm5,1,13,7,0.5385,4,0.5714,3,36,0.0833,1,0.3333,,
exp0_m13_g4_1775350720679,0,nim,https://integrate.api.nvidia.com/v1,2026-03-26,p1939995863,2,1429274086,,winner,z-ai/glm5;mistralai/mistral-small-4-119b-2603;moonshotai/kimi-k2.5;minimaxai/minimax-m2.5,player_1,mistralai/mistral-small-4-119b-2603,0,12,4,0.3333,2,0.5000,27,34,0.7941,10,0.3704,,
exp0_m13_g4_1775350720679,0,nim,https://integrate.api.nvidia.com/v1,2026-03-26,p1939995863,2,1429274086,,winner,z-ai/glm5;mistralai/mistral-small-4-119b-2603;moonshotai/kimi-k2.5;minimaxai/minimax-m2.5,player_2,moonshotai/kimi-k2.5,0,12,5,0.4167,0,0.0000,1,17,0.0588,1,1.0000,,
exp0_m13_g4_1775350720679,0,nim,https://integrate.api.nvidia.com/v1,2026-03-26,p1939995863,2,1429274086,,winner,z-ai/glm5;mistralai/mistral-small-4-119b-2603;moonshotai/kimi-k2.5;minimaxai/minimax-m2.5,player_3,minimaxai/minimax-m2.5,0,12,3,0.2500,0,0.0000,5,17,0.2941,1,0.2000,,
exp0_m13_g5_1775353834878,0,nim,https://integrate.api.nvidia.com/v1,2026-03-26,p1939995863,2,1429274087,,winner,moonshotai/kimi-k2.5;z-ai/glm5;mistralai/mistral-small-4-119b-2603;minimaxai/minimax-m2.5,player_0,moonshotai/kimi-k2.5,0,10,4,0.4000,2,0.5000,2,31,0.0645,1,0.5000,,
exp0_m13_g5_1775353834878,0,nim,https://integrate.api.nvidia.com/v1,2026-03-26,p1939995863,2,1429274087,,winner,moonshotai/kimi-k2.5;z-ai/glm5;mistralai/mistral-small-4-119b-2603;minimaxai/minimax-m2.5,player_1,z-ai/glm5,1,11,4,0.3636,2,0.5000,1,28,0.0357,1,1.0000,,
exp0_m13_g5_1775353834878,0,nim,https://integrate.api.nvidia.com/v1,2026-03-26,p1939995863,2,1429274087,,winner,moonshotai/kimi-k2.5;z-ai/glm5;mistralai/mistral-small-4-119b-2603;minimaxai/minimax-m2.5,player_2,mistralai/mistral-small-4-119b-2603,0,10,2,0.2000,2,1.0000,15,28,0.5357,4,0.2667,,
exp0_m13_g5_1775353834878,0,nim,https://integrate.api.nvidia.com/v1,2026-03-26,p1939995863,2,1429274087,,winner,moonshotai/kimi-k2.5;z-ai/glm5;mistralai/mistral-small-4-119b-2603;minimaxai/minimax-m2.5,player_3,minimaxai/minimax-m2.5,0,10,5,0.5000,2,0.4000,4,20,0.2000,1,0.2500,,
exp0_m13_g6_1775357340685,0,nim,https://integrate.api.nvidia.com/v1,2026-03-26,p1939995863,2,1429274088,,winner,z-ai/glm5;minimaxai/minimax-m2.5;moonshotai/kimi-k2.5;mistralai/mistral-small-4-119b-2603,player_0,z-ai/glm5,0,31,18,0.5806,5,0.2778,14,94,0.1489,6,0.4286,,
exp0_m13_g6_1775357340685,0,nim,https://integrate.api.nvidia.com/v1,2026-03-26,p1939995863,2,1429274088,,winner,z-ai/glm5;minimaxai/minimax-m2.5;moonshotai/kimi-k2.5;mistralai/mistral-small-4-119b-2603,player_1,minimaxai/minimax-m2.5,0,31,7,0.2258,1,0.1429,33,85,0.3882,12,0.3636,,
exp0_m13_g6_1775357340685,0,nim,https://integrate.api.nvidia.com/v1,2026-03-26,p1939995863,2,1429274088,,winner,z-ai/glm5;minimaxai/minimax-m2.5;moonshotai/kimi-k2.5;mistralai/mistral-small-4-119b-2603,player_2,moonshotai/kimi-k2.5,1,32,21,0.6563,7,0.3333,4,59,0.0678,4,1.0000,,
exp0_m13_g6_1775357340685,0,nim,https://integrate.api.nvidia.com/v1,2026-03-26,p1939995863,2,1429274088,,winner,z-ai/glm5;minimaxai/minimax-m2.5;moonshotai/kimi-k2.5;mistralai/mistral-small-4-119b-2603,player_3,mistralai/mistral-small-4-119b-2603,0,31,3,0.0968,2,0.6667,37,58,0.6379,12,0.3243,,
exp0_m13_g7_1775364968607,0,nim,https://integrate.api.nvidia.com/v1,2026-03-26,p1939995863,2,1429274089,,winner,z-ai/glm5;mistralai/mistral-small-4-119b-2603;moonshotai/kimi-k2.5;minimaxai/minimax-m2.5,player_0,z-ai/glm5,0,26,7,0.2692,0,0.0000,22,80,0.2750,12,0.5455,,
exp0_m13_g7_1775364968607,0,nim,https://integrate.api.nvidia.com/v1,2026-03-26,p1939995863,2,1429274089,,winner,z-ai/glm5;mistralai/mistral-small-4-119b-2603;moonshotai/kimi-k2.5;minimaxai/minimax-m2.5,player_1,mistralai/mistral-small-4-119b-2603,0,26,4,0.1538,2,0.5000,46,63,0.7302,20,0.4348,,
exp0_m13_g7_1775364968607,0,nim,https://integrate.api.nvidia.com/v1,2026-03-26,p1939995863,2,1429274089,,winner,z-ai/glm5;mistralai/mistral-small-4-119b-2603;moonshotai/kimi-k2.5;minimaxai/minimax-m2.5,player_2,moonshotai/kimi-k2.5,0,27,13,0.4815,2,0.1538,4,33,0.1212,1,0.2500,,
exp0_m13_g7_1775364968607,0,nim,https://integrate.api.nvidia.com/v1,2026-03-26,p1939995863,2,1429274089,,winner,z-ai/glm5;mistralai/mistral-small-4-119b-2603;moonshotai/kimi-k2.5;minimaxai/minimax-m2.5,player_3,minimaxai/minimax-m2.5,1,27,18,0.6667,3,0.1667,6,28,0.2143,2,0.3333,,
exp0_m13_g8_1775371467629,0,nim,https://integrate.api.nvidia.com/v1,2026-03-26,p1939995863,2,1429274090,,winner,z-ai/glm5;moonshotai/kimi-k2.5;minimaxai/minimax-m2.5;mistralai/mistral-small-4-119b-2603,player_0,z-ai/glm5,0,21,5,0.2381,1,0.2000,10,61,0.1639,4,0.4000,,
exp0_m13_g8_1775371467629,0,nim,https://integrate.api.nvidia.com/v1,2026-03-26,p1939995863,2,1429274090,,winner,z-ai/glm5;moonshotai/kimi-k2.5;minimaxai/minimax-m2.5;mistralai/mistral-small-4-119b-2603,player_1,moonshotai/kimi-k2.5,1,21,11,0.5238,3,0.2727,1,54,0.0185,1,1.0000,,
exp0_m13_g8_1775371467629,0,nim,https://integrate.api.nvidia.com/v1,2026-03-26,p1939995863,2,1429274090,,winner,z-ai/glm5;moonshotai/kimi-k2.5;minimaxai/minimax-m2.5;mistralai/mistral-small-4-119b-2603,player_2,minimaxai/minimax-m2.5,0,20,5,0.2500,1,0.2000,19,54,0.3519,9,0.4737,,
exp0_m13_g8_1775371467629,0,nim,https://integrate.api.nvidia.com/v1,2026-03-26,p1939995863,2,1429274090,,winner,z-ai/glm5;moonshotai/kimi-k2.5;minimaxai/minimax-m2.5;mistralai/mistral-small-4-119b-2603,player_3,mistralai/mistral-small-4-119b-2603,0,20,7,0.3500,3,0.4286,21,41,0.5122,6,0.2857,,
exp0_m13_g9_1775380647319,0,nim,https://integrate.api.nvidia.com/v1,2026-03-26,p1939995863,2,1429274091,,winner,moonshotai/kimi-k2.5;z-ai/glm5;mistralai/mistral-small-4-119b-2603;minimaxai/minimax-m2.5,player_0,moonshotai/kimi-k2.5,0,23,10,0.4348,2,0.2000,1,68,0.0147,0,0.0000,,
exp0_m13_g9_1775380647319,0,nim,https://integrate.api.nvidia.com/v1,2026-03-26,p1939995863,2,1429274091,,winner,moonshotai/kimi-k2.5;z-ai/glm5;mistralai/mistral-small-4-119b-2603;minimaxai/minimax-m2.5,player_1,z-ai/glm5,1,23,11,0.4783,4,0.3636,3,67,0.0448,1,0.3333,,
exp0_m13_g9_1775380647319,0,nim,https://integrate.api.nvidia.com/v1,2026-03-26,p1939995863,2,1429274091,,winner,moonshotai/kimi-k2.5;z-ai/glm5;mistralai/mistral-small-4-119b-2603;minimaxai/minimax-m2.5,player_2,mistralai/mistral-small-4-119b-2603,0,22,1,0.0455,1,1.0000,33,66,0.5000,13,0.3939,,
exp0_m13_g9_1775380647319,0,nim,https://integrate.api.nvidia.com/v1,2026-03-26,p1939995863,2,1429274091,,winner,moonshotai/kimi-k2.5;z-ai/glm5;mistralai/mistral-small-4-119b-2603;minimaxai/minimax-m2.5,player_3,minimaxai/minimax-m2.5,0,23,5,0.2174,4,0.8000,10,44,0.2273,2,0.2000,,
exp0_m14_g0_1775402766306,0,nim,https://integrate.api.nvidia.com/v1,2026-03-26,p1939995863,2,1429275043,,winner,mistralai/mistral-small-4-119b-2603;z-ai/glm5;nvidia/nemotron-3-super-120b-a12b;moonshotai/kimi-k2.5,player_0,mistralai/mistral-small-4-119b-2603,0,19,6,0.3158,4,0.6667,46,59,0.7797,22,0.4783,,
exp0_m14_g0_1775402766306,0,nim,https://integrate.api.nvidia.com/v1,2026-03-26,p1939995863,2,1429275043,,winner,mistralai/mistral-small-4-119b-2603;z-ai/glm5;nvidia/nemotron-3-super-120b-a12b;moonshotai/kimi-k2.5,player_1,z-ai/glm5,0,19,11,0.5789,3,0.2727,3,28,0.1071,2,0.6667,,
exp0_m14_g0_1775402766306,0,nim,https://integrate.api.nvidia.com/v1,2026-03-26,p1939995863,2,1429275043,,winner,mistralai/mistral-small-4-119b-2603;z-ai/glm5;nvidia/nemotron-3-super-120b-a12b;moonshotai/kimi-k2.5,player_2,nvidia/nemotron-3-super-120b-a12b,0,20,8,0.4000,1,0.1250,3,27,0.1111,2,0.6667,,
exp0_m14_g0_1775402766306,0,nim,https://integrate.api.nvidia.com/v1,2026-03-26,p1939995863,2,1429275043,,winner,mistralai/mistral-small-4-119b-2603;z-ai/glm5;nvidia/nemotron-3-super-120b-a12b;moonshotai/kimi-k2.5,player_3,moonshotai/kimi-k2.5,1,20,12,0.6000,3,0.2500,0,21,0.0000,0,0.0000,,
exp0_m14_g1_1775408880435,0,nim,https://integrate.api.nvidia.com/v1,2026-03-26,p1939995863,2,1429275044,,winner,nvidia/nemotron-3-super-120b-a12b;z-ai/glm5;mistralai/mistral-small-4-119b-2603;moonshotai/kimi-k2.5,player_0,nvidia/nemotron-3-super-120b-a12b,1,16,7,0.4375,2,0.2857,1,46,0.0217,0,0.0000,,
exp0_m14_g1_1775408880435,0,nim,https://integrate.api.nvidia.com/v1,2026-03-26,p1939995863,2,1429275044,,winner,nvidia/nemotron-3-super-120b-a12b;z-ai/glm5;mistralai/mistral-small-4-119b-2603;moonshotai/kimi-k2.5,player_1,z-ai/glm5,0,15,5,0.3333,2,0.4000,2,46,0.0435,0,0.0000,,
exp0_m14_g1_1775408880435,0,nim,https://integrate.api.nvidia.com/v1,2026-03-26,p1939995863,2,1429275044,,winner,nvidia/nemotron-3-super-120b-a12b;z-ai/glm5;mistralai/mistral-small-4-119b-2603;moonshotai/kimi-k2.5,player_2,mistralai/mistral-small-4-119b-2603,0,15,3,0.2000,3,1.0000,27,45,0.6000,13,0.4815,,
exp0_m14_g1_1775408880435,0,nim,https://integrate.api.nvidia.com/v1,2026-03-26,p1939995863,2,1429275044,,winner,nvidia/nemotron-3-super-120b-a12b;z-ai/glm5;mistralai/mistral-small-4-119b-2603;moonshotai/kimi-k2.5,player_3,moonshotai/kimi-k2.5,0,16,7,0.4375,2,0.2857,1,26,0.0385,0,0.0000,,
exp0_m14_g2_1775415953375,0,nim,https://integrate.api.nvidia.com/v1,2026-03-26,p1939995863,2,1429275045,,winner,z-ai/glm5;mistralai/mistral-small-4-119b-2603;nvidia/nemotron-3-super-120b-a12b;moonshotai/kimi-k2.5,player_0,z-ai/glm5,1,17,7,0.4118,4,0.5714,6,50,0.1200,5,0.8333,,
exp0_m14_g2_1775415953375,0,nim,https://integrate.api.nvidia.com/v1,2026-03-26,p1939995863,2,1429275045,,winner,z-ai/glm5;mistralai/mistral-small-4-119b-2603;nvidia/nemotron-3-super-120b-a12b;moonshotai/kimi-k2.5,player_1,mistralai/mistral-small-4-119b-2603,0,16,3,0.1875,3,1.0000,21,45,0.4667,5,0.2381,,
exp0_m14_g2_1775415953375,0,nim,https://integrate.api.nvidia.com/v1,2026-03-26,p1939995863,2,1429275045,,winner,z-ai/glm5;mistralai/mistral-small-4-119b-2603;nvidia/nemotron-3-super-120b-a12b;moonshotai/kimi-k2.5,player_2,nvidia/nemotron-3-super-120b-a12b,0,17,6,0.3529,3,0.5000,1,33,0.0303,0,0.0000,,
exp0_m14_g2_1775415953375,0,nim,https://integrate.api.nvidia.com/v1,2026-03-26,p1939995863,2,1429275045,,winner,z-ai/glm5;mistralai/mistral-small-4-119b-2603;nvidia/nemotron-3-super-120b-a12b;moonshotai/kimi-k2.5,player_3,moonshotai/kimi-k2.5,0,17,8,0.4706,4,0.5000,0,31,0.0000,0,0.0000,,
exp0_m14_g3_1775421705159,0,nim,https://integrate.api.nvidia.com/v1,2026-03-26,p1939995863,2,1429275046,,winner,mistralai/mistral-small-4-119b-2603;moonshotai/kimi-k2.5;nvidia/nemotron-3-super-120b-a12b;z-ai/glm5,player_0,mistralai/mistral-small-4-119b-2603,0,17,4,0.2353,1,0.2500,38,53,0.7170,19,0.5000,,
exp0_m14_g3_1775421705159,0,nim,https://integrate.api.nvidia.com/v1,2026-03-26,p1939995863,2,1429275046,,winner,mistralai/mistral-small-4-119b-2603;moonshotai/kimi-k2.5;nvidia/nemotron-3-super-120b-a12b;z-ai/glm5,player_1,moonshotai/kimi-k2.5,0,18,8,0.4444,2,0.2500,2,27,0.0741,2,1.0000,,
exp0_m14_g3_1775421705159,0,nim,https://integrate.api.nvidia.com/v1,2026-03-26,p1939995863,2,1429275046,,winner,mistralai/mistral-small-4-119b-2603;moonshotai/kimi-k2.5;nvidia/nemotron-3-super-120b-a12b;z-ai/glm5,player_2,nvidia/nemotron-3-super-120b-a12b,1,18,10,0.5556,2,0.2000,0,25,0.0000,0,0.0000,,
exp0_m14_g3_1775421705159,0,nim,https://integrate.api.nvidia.com/v1,2026-03-26,p1939995863,2,1429275046,,winner,mistralai/mistral-small-4-119b-2603;moonshotai/kimi-k2.5;nvidia/nemotron-3-super-120b-a12b;z-ai/glm5,player_3,z-ai/glm5,0,17,9,0.5294,3,0.3333,2,25,0.0800,2,1.0000,,
exp0_m14_g4_1775433221150,0,nim,https://integrate.api.nvidia.com/v1,2026-03-26,p1939995863,2,1429275047,,winner,moonshotai/kimi-k2.5;mistralai/mistral-small-4-119b-2603;nvidia/nemotron-3-super-120b-a12b;z-ai/glm5,player_0,moonshotai/kimi-k2.5,1,21,13,0.6190,3,0.2308,2,62,0.0323,1,0.5000,,
exp0_m14_g4_1775433221150,0,nim,https://integrate.api.nvidia.com/v1,2026-03-26,p1939995863,2,1429275047,,winner,moonshotai/kimi-k2.5;mistralai/mistral-small-4-119b-2603;nvidia/nemotron-3-super-120b-a12b;z-ai/glm5,player_1,mistralai/mistral-small-4-119b-2603,0,20,2,0.1000,2,1.0000,46,62,0.7419,23,0.5000,,
exp0_m14_g4_1775433221150,0,nim,https://integrate.api.nvidia.com/v1,2026-03-26,p1939995863,2,1429275047,,winner,moonshotai/kimi-k2.5;mistralai/mistral-small-4-119b-2603;nvidia/nemotron-3-super-120b-a12b;z-ai/glm5,player_2,nvidia/nemotron-3-super-120b-a12b,0,21,9,0.4286,3,0.3333,1,30,0.0333,0,0.0000,,
exp0_m14_g4_1775433221150,0,nim,https://integrate.api.nvidia.com/v1,2026-03-26,p1939995863,2,1429275047,,winner,moonshotai/kimi-k2.5;mistralai/mistral-small-4-119b-2603;nvidia/nemotron-3-super-120b-a12b;z-ai/glm5,player_3,z-ai/glm5,0,21,11,0.5238,2,0.1818,3,30,0.1000,1,0.3333,,
exp0_m14_g5_1775444575599,0,nim,https://integrate.api.nvidia.com/v1,2026-03-26,p1939995863,2,1429275048,,winner,nvidia/nemotron-3-super-120b-a12b;mistralai/mistral-small-4-119b-2603;z-ai/glm5;moonshotai/kimi-k2.5,player_0,nvidia/nemotron-3-super-120b-a12b,0,11,3,0.2727,0,0.0000,2,35,0.0571,1,0.5000,,
exp0_m14_g5_1775444575599,0,nim,https://integrate.api.nvidia.com/v1,2026-03-26,p1939995863,2,1429275048,,winner,nvidia/nemotron-3-super-120b-a12b;mistralai/mistral-small-4-119b-2603;z-ai/glm5;moonshotai/kimi-k2.5,player_1,mistralai/mistral-small-4-119b-2603,0,11,5,0.4545,4,0.8000,21,34,0.6176,10,0.4762,,
exp0_m14_g5_1775444575599,0,nim,https://integrate.api.nvidia.com/v1,2026-03-26,p1939995863,2,1429275048,,winner,nvidia/nemotron-3-super-120b-a12b;mistralai/mistral-small-4-119b-2603;z-ai/glm5;moonshotai/kimi-k2.5,player_2,z-ai/glm5,0,12,6,0.5000,1,0.1667,1,19,0.0526,0,0.0000,,
exp0_m14_g5_1775444575599,0,nim,https://integrate.api.nvidia.com/v1,2026-03-26,p1939995863,2,1429275048,,winner,nvidia/nemotron-3-super-120b-a12b;mistralai/mistral-small-4-119b-2603;z-ai/glm5;moonshotai/kimi-k2.5,player_3,moonshotai/kimi-k2.5,1,12,5,0.4167,2,0.4000,1,18,0.0556,1,1.0000,,
exp0_m14_g6_1775448098372,0,nim,https://integrate.api.nvidia.com/v1,2026-03-26,p1939995863,2,1429275049,,winner,nvidia/nemotron-3-super-120b-a12b;mistralai/mistral-small-4-119b-2603;z-ai/glm5;moonshotai/kimi-k2.5,player_0,nvidia/nemotron-3-super-120b-a12b,1,18,7,0.3889,1,0.1429,5,54,0.0926,3,0.6000,,
exp0_m14_g6_1775448098372,0,nim,https://integrate.api.nvidia.com/v1,2026-03-26,p1939995863,2,1429275049,,winner,nvidia/nemotron-3-super-120b-a12b;mistralai/mistral-small-4-119b-2603;z-ai/glm5;moonshotai/kimi-k2.5,player_1,mistralai/mistral-small-4-119b-2603,0,18,1,0.0556,1,1.0000,36,50,0.7200,15,0.4167,,
exp0_m14_g6_1775448098372,0,nim,https://integrate.api.nvidia.com/v1,2026-03-26,p1939995863,2,1429275049,,winner,nvidia/nemotron-3-super-120b-a12b;mistralai/mistral-small-4-119b-2603;z-ai/glm5;moonshotai/kimi-k2.5,player_2,z-ai/glm5,0,18,8,0.4444,1,0.1250,4,27,0.1481,3,0.7500,,
exp0_m14_g6_1775448098372,0,nim,https://integrate.api.nvidia.com/v1,2026-03-26,p1939995863,2,1429275049,,winner,nvidia/nemotron-3-super-120b-a12b;mistralai/mistral-small-4-119b-2603;z-ai/glm5;moonshotai/kimi-k2.5,player_3,moonshotai/kimi-k2.5,0,18,10,0.5556,1,0.1000,2,24,0.0833,1,0.5000,,
exp0_m14_g7_1775483842350,0,nim,https://integrate.api.nvidia.com/v1,2026-03-26,p1939995863,2,1429275050,,winner,z-ai/glm5;nvidia/nemotron-3-super-120b-a12b;moonshotai/kimi-k2.5;mistralai/mistral-small-4-119b-2603,player_0,z-ai/glm5,0,27,12,0.4444,3,0.2500,12,81,0.1481,7,0.5833,,
exp0_m14_g7_1775483842350,0,nim,https://integrate.api.nvidia.com/v1,2026-03-26,p1939995863,2,1429275050,,winner,z-ai/glm5;nvidia/nemotron-3-super-120b-a12b;moonshotai/kimi-k2.5;mistralai/mistral-small-4-119b-2603,player_1,nvidia/nemotron-3-super-120b-a12b,1,27,6,0.2222,2,0.3333,4,72,0.0556,1,0.2500,,
exp0_m14_g7_1775483842350,0,nim,https://integrate.api.nvidia.com/v1,2026-03-26,p1939995863,2,1429275050,,winner,z-ai/glm5;nvidia/nemotron-3-super-120b-a12b;moonshotai/kimi-k2.5;mistralai/mistral-small-4-119b-2603,player_2,moonshotai/kimi-k2.5,0,27,12,0.4444,2,0.1667,3,72,0.0417,0,0.0000,,
exp0_m14_g7_1775483842350,0,nim,https://integrate.api.nvidia.com/v1,2026-03-26,p1939995863,2,1429275050,,winner,z-ai/glm5;nvidia/nemotron-3-super-120b-a12b;moonshotai/kimi-k2.5;mistralai/mistral-small-4-119b-2603,player_3,mistralai/mistral-small-4-119b-2603,0,27,3,0.1111,2,0.6667,37,66,0.5606,16,0.4324,,
exp0_m14_g8_1775498186261,0,nim,https://integrate.api.nvidia.com/v1,2026-03-26,p1939995863,2,1429275051,,winner,nvidia/nemotron-3-super-120b-a12b;mistralai/mistral-small-4-119b-2603;moonshotai/kimi-k2.5;z-ai/glm5,player_0,nvidia/nemotron-3-super-120b-a12b,1,11,5,0.4545,3,0.6000,1,31,0.0323,0,0.0000,,
exp0_m14_g8_1775498186261,0,nim,https://integrate.api.nvidia.com/v1,2026-03-26,p1939995863,2,1429275051,,winner,nvidia/nemotron-3-super-120b-a12b;mistralai/mistral-small-4-119b-2603;moonshotai/kimi-k2.5;z-ai/glm5,player_1,mistralai/mistral-small-4-119b-2603,0,10,1,0.1000,0,0.0000,19,31,0.6129,9,0.4737,,
exp0_m14_g8_1775498186261,0,nim,https://integrate.api.nvidia.com/v1,2026-03-26,p1939995863,2,1429275051,,winner,nvidia/nemotron-3-super-120b-a12b;mistralai/mistral-small-4-119b-2603;moonshotai/kimi-k2.5;z-ai/glm5,player_2,moonshotai/kimi-k2.5,0,10,5,0.5000,1,0.2000,1,21,0.0476,0,0.0000,,
exp0_m14_g8_1775498186261,0,nim,https://integrate.api.nvidia.com/v1,2026-03-26,p1939995863,2,1429275051,,winner,nvidia/nemotron-3-super-120b-a12b;mistralai/mistral-small-4-119b-2603;moonshotai/kimi-k2.5;z-ai/glm5,player_3,z-ai/glm5,0,11,5,0.4545,2,0.4000,2,16,0.1250,1,0.5000,,
exp0_m14_g9_1775502734044,0,nim,https://integrate.api.nvidia.com/v1,2026-03-26,p1939995863,2,1429275052,,winner,nvidia/nemotron-3-super-120b-a12b;mistralai/mistral-small-4-119b-2603;z-ai/glm5;moonshotai/kimi-k2.5,player_0,nvidia/nemotron-3-super-120b-a12b,1,11,6,0.5455,4,0.6667,2,31,0.0645,2,1.0000,,
exp0_m14_g9_1775502734044,0,nim,https://integrate.api.nvidia.com/v1,2026-03-26,p1939995863,2,1429275052,,winner,nvidia/nemotron-3-super-120b-a12b;mistralai/mistral-small-4-119b-2603;z-ai/glm5;moonshotai/kimi-k2.5,player_1,mistralai/mistral-small-4-119b-2603,0,10,1,0.1000,0,0.0000,17,30,0.5667,7,0.4118,,
exp0_m14_g9_1775502734044,0,nim,https://integrate.api.nvidia.com/v1,2026-03-26,p1939995863,2,1429275052,,winner,nvidia/nemotron-3-super-120b-a12b;mistralai/mistral-small-4-119b-2603;z-ai/glm5;moonshotai/kimi-k2.5,player_2,z-ai/glm5,0,10,3,0.3000,1,0.3333,1,20,0.0500,0,0.0000,,
exp0_m14_g9_1775502734044,0,nim,https://integrate.api.nvidia.com/v1,2026-03-26,p1939995863,2,1429275052,,winner,nvidia/nemotron-3-super-120b-a12b;mistralai/mistral-small-4-119b-2603;z-ai/glm5;moonshotai/kimi-k2.5,player_3,moonshotai/kimi-k2.5,0,11,7,0.6364,2,0.2857,2,18,0.1111,1,0.5000,,
exp0_m1_g0_1774912106973,0,nim,https://integrate.api.nvidia.com/v1,2026-03-26,p1939995863,2,46105821,,winner,qwen/qwen3.5-397b-a17b;nvidia/nemotron-3-super-120b-a12b;z-ai/glm5;minimaxai/minimax-m2.5,player_0,qwen/qwen3.5-397b-a17b,0,27,8,0.2963,5,0.6250,11,81,0.1358,3,0.2727,,
exp0_m1_g0_1774912106973,0,nim,https://integrate.api.nvidia.com/v1,2026-03-26,p1939995863,2,46105821,,winner,qwen/qwen3.5-397b-a17b;nvidia/nemotron-3-super-120b-a12b;z-ai/glm5;minimaxai/minimax-m2.5,player_1,nvidia/nemotron-3-super-120b-a12b,1,27,11,0.4074,7,0.6364,3,76,0.0395,0,0.0000,,
exp0_m1_g0_1774912106973,0,nim,https://integrate.api.nvidia.com/v1,2026-03-26,p1939995863,2,46105821,,winner,qwen/qwen3.5-397b-a17b;nvidia/nemotron-3-super-120b-a12b;z-ai/glm5;minimaxai/minimax-m2.5,player_2,z-ai/glm5,0,27,8,0.2963,2,0.2500,6,70,0.0857,6,1.0000,,
exp0_m1_g0_1774912106973,0,nim,https://integrate.api.nvidia.com/v1,2026-03-26,p1939995863,2,46105821,,winner,qwen/qwen3.5-397b-a17b;nvidia/nemotron-3-super-120b-a12b;z-ai/glm5;minimaxai/minimax-m2.5,player_3,minimaxai/minimax-m2.5,0,27,6,0.2222,4,0.6667,17,66,0.2576,6,0.3529,,
exp0_m1_g1_1774926752760,0,nim,https://integrate.api.nvidia.com/v1,2026-03-26,p1939995863,2,46105822,,winner,z-ai/glm5;nvidia/nemotron-3-super-120b-a12b;qwen/qwen3.5-397b-a17b;minimaxai/minimax-m2.5,player_0,z-ai/glm5,0,21,5,0.2381,1,0.2000,8,61,0.1311,7,0.8750,,
exp0_m1_g1_1774926752760,0,nim,https://integrate.api.nvidia.com/v1,2026-03-26,p1939995863,2,46105822,,winner,z-ai/glm5;nvidia/nemotron-3-super-120b-a12b;qwen/qwen3.5-397b-a17b;minimaxai/minimax-m2.5,player_1,nvidia/nemotron-3-super-120b-a12b,1,21,10,0.4762,5,0.5000,1,56,0.0179,1,1.0000,,
exp0_m1_g1_1774926752760,0,nim,https://integrate.api.nvidia.com/v1,2026-03-26,p1939995863,2,46105822,,winner,z-ai/glm5;nvidia/nemotron-3-super-120b-a12b;qwen/qwen3.5-397b-a17b;minimaxai/minimax-m2.5,player_2,qwen/qwen3.5-397b-a17b,0,20,9,0.4500,6,0.6667,9,54,0.1667,5,0.5556,,
exp0_m1_g1_1774926752760,0,nim,https://integrate.api.nvidia.com/v1,2026-03-26,p1939995863,2,46105822,,winner,z-ai/glm5;nvidia/nemotron-3-super-120b-a12b;qwen/qwen3.5-397b-a17b;minimaxai/minimax-m2.5,player_3,minimaxai/minimax-m2.5,0,20,6,0.3000,2,0.3333,13,51,0.2549,3,0.2308,,
exp0_m1_g2_1774934269236,0,nim,https://integrate.api.nvidia.com/v1,2026-03-26,p1939995863,2,46105823,,winner,minimaxai/minimax-m2.5;qwen/qwen3.5-397b-a17b;z-ai/glm5;nvidia/nemotron-3-super-120b-a12b,player_0,minimaxai/minimax-m2.5,0,34,10,0.2941,4,0.4000,32,103,0.3107,16,0.5000,,
exp0_m1_g2_1774934269236,0,nim,https://integrate.api.nvidia.com/v1,2026-03-26,p1939995863,2,46105823,,winner,minimaxai/minimax-m2.5;qwen/qwen3.5-397b-a17b;z-ai/glm5;nvidia/nemotron-3-super-120b-a12b,player_1,qwen/qwen3.5-397b-a17b,0,34,10,0.2941,4,0.4000,11,84,0.1310,7,0.6364,,
exp0_m1_g2_1774934269236,0,nim,https://integrate.api.nvidia.com/v1,2026-03-26,p1939995863,2,46105823,,winner,minimaxai/minimax-m2.5;qwen/qwen3.5-397b-a17b;z-ai/glm5;nvidia/nemotron-3-super-120b-a12b,player_2,z-ai/glm5,0,34,8,0.2353,4,0.5000,9,69,0.1304,4,0.4444,,
exp0_m1_g2_1774934269236,0,nim,https://integrate.api.nvidia.com/v1,2026-03-26,p1939995863,2,46105823,,winner,minimaxai/minimax-m2.5;qwen/qwen3.5-397b-a17b;z-ai/glm5;nvidia/nemotron-3-super-120b-a12b,player_3,nvidia/nemotron-3-super-120b-a12b,1,35,20,0.5714,9,0.4500,1,65,0.0154,0,0.0000,,
exp0_m1_g3_1775075963430,0,nim,https://integrate.api.nvidia.com/v1,2026-03-26,p1939995863,2,46105824,,winner,nvidia/nemotron-3-super-120b-a12b;qwen/qwen3.5-397b-a17b;z-ai/glm5;minimaxai/minimax-m2.5,player_0,nvidia/nemotron-3-super-120b-a12b,0,18,6,0.3333,4,0.6667,5,56,0.0893,3,0.6000,,
exp0_m1_g3_1775075963430,0,nim,https://integrate.api.nvidia.com/v1,2026-03-26,p1939995863,2,46105824,,winner,nvidia/nemotron-3-super-120b-a12b;qwen/qwen3.5-397b-a17b;z-ai/glm5;minimaxai/minimax-m2.5,player_1,qwen/qwen3.5-397b-a17b,0,19,7,0.3684,6,0.8571,8,52,0.1538,4,0.5000,,
exp0_m1_g3_1775075963430,0,nim,https://integrate.api.nvidia.com/v1,2026-03-26,p1939995863,2,46105824,,winner,nvidia/nemotron-3-super-120b-a12b;qwen/qwen3.5-397b-a17b;z-ai/glm5;minimaxai/minimax-m2.5,player_2,z-ai/glm5,1,19,11,0.5789,6,0.5455,2,46,0.0435,2,1.0000,,
exp0_m1_g3_1775075963430,0,nim,https://integrate.api.nvidia.com/v1,2026-03-26,p1939995863,2,46105824,,winner,nvidia/nemotron-3-super-120b-a12b;qwen/qwen3.5-397b-a17b;z-ai/glm5;minimaxai/minimax-m2.5,player_3,minimaxai/minimax-m2.5,0,18,5,0.2778,2,0.4000,4,47,0.0851,2,0.5000,,
exp0_m1_g4_1775080656103,0,nim,https://integrate.api.nvidia.com/v1,2026-03-26,p1939995863,2,46105825,,winner,minimaxai/minimax-m2.5;nvidia/nemotron-3-super-120b-a12b;qwen/qwen3.5-397b-a17b;z-ai/glm5,player_0,minimaxai/minimax-m2.5,0,48,8,0.1667,2,0.2500,53,142,0.3732,31,0.5849,,
exp0_m1_g4_1775080656103,0,nim,https://integrate.api.nvidia.com/v1,2026-03-26,p1939995863,2,46105825,,winner,minimaxai/minimax-m2.5;nvidia/nemotron-3-super-120b-a12b;qwen/qwen3.5-397b-a17b;z-ai/glm5,player_1,nvidia/nemotron-3-super-120b-a12b,1,48,23,0.4792,3,0.1304,3,107,0.0280,2,0.6667,,
exp0_m1_g4_1775080656103,0,nim,https://integrate.api.nvidia.com/v1,2026-03-26,p1939995863,2,46105825,,winner,minimaxai/minimax-m2.5;nvidia/nemotron-3-super-120b-a12b;qwen/qwen3.5-397b-a17b;z-ai/glm5,player_2,qwen/qwen3.5-397b-a17b,0,47,14,0.2979,3,0.2143,29,105,0.2762,16,0.5517,,
exp0_m1_g4_1775080656103,0,nim,https://integrate.api.nvidia.com/v1,2026-03-26,p1939995863,2,46105825,,winner,minimaxai/minimax-m2.5;nvidia/nemotron-3-super-120b-a12b;qwen/qwen3.5-397b-a17b;z-ai/glm5,player_3,z-ai/glm5,0,47,20,0.4255,6,0.3000,10,83,0.1205,2,0.2000,,
exp0_m1_g5_1775094970532,0,nim,https://integrate.api.nvidia.com/v1,2026-03-26,p1939995863,2,46105826,,winner,qwen/qwen3.5-397b-a17b;nvidia/nemotron-3-super-120b-a12b;z-ai/glm5;minimaxai/minimax-m2.5,player_0,qwen/qwen3.5-397b-a17b,0,38,13,0.3421,6,0.4615,22,114,0.1930,13,0.5909,,
exp0_m1_g5_1775094970532,0,nim,https://integrate.api.nvidia.com/v1,2026-03-26,p1939995863,2,46105826,,winner,qwen/qwen3.5-397b-a17b;nvidia/nemotron-3-super-120b-a12b;z-ai/glm5;minimaxai/minimax-m2.5,player_1,nvidia/nemotron-3-super-120b-a12b,0,38,15,0.3947,1,0.0667,5,100,0.0500,2,0.4000,,
exp0_m1_g5_1775094970532,0,nim,https://integrate.api.nvidia.com/v1,2026-03-26,p1939995863,2,46105826,,winner,qwen/qwen3.5-397b-a17b;nvidia/nemotron-3-super-120b-a12b;z-ai/glm5;minimaxai/minimax-m2.5,player_2,z-ai/glm5,1,38,19,0.5000,7,0.3684,14,94,0.1489,6,0.4286,,
exp0_m1_g5_1775094970532,0,nim,https://integrate.api.nvidia.com/v1,2026-03-26,p1939995863,2,46105826,,winner,qwen/qwen3.5-397b-a17b;nvidia/nemotron-3-super-120b-a12b;z-ai/glm5;minimaxai/minimax-m2.5,player_3,minimaxai/minimax-m2.5,0,38,4,0.1053,3,0.7500,28,86,0.3256,13,0.4643,,
exp0_m1_g6_1775155091227,0,nim,https://integrate.api.nvidia.com/v1,2026-03-26,p1939995863,2,46105827,,winner,z-ai/glm5;minimaxai/minimax-m2.5;nvidia/nemotron-3-super-120b-a12b;qwen/qwen3.5-397b-a17b,player_0,z-ai/glm5,0,10,4,0.4000,2,0.5000,6,32,0.1875,2,0.3333,,
exp0_m1_g6_1775155091227,0,nim,https://integrate.api.nvidia.com/v1,2026-03-26,p1939995863,2,46105827,,winner,z-ai/glm5;minimaxai/minimax-m2.5;nvidia/nemotron-3-super-120b-a12b;qwen/qwen3.5-397b-a17b,player_1,minimaxai/minimax-m2.5,0,10,4,0.4000,2,0.5000,4,29,0.1379,2,0.5000,,
exp0_m1_g6_1775155091227,0,nim,https://integrate.api.nvidia.com/v1,2026-03-26,p1939995863,2,46105827,,winner,z-ai/glm5;minimaxai/minimax-m2.5;nvidia/nemotron-3-super-120b-a12b;qwen/qwen3.5-397b-a17b,player_2,nvidia/nemotron-3-super-120b-a12b,0,11,2,0.1818,1,0.5000,1,24,0.0417,1,1.0000,,
exp0_m1_g6_1775155091227,0,nim,https://integrate.api.nvidia.com/v1,2026-03-26,p1939995863,2,46105827,,winner,z-ai/glm5;minimaxai/minimax-m2.5;nvidia/nemotron-3-super-120b-a12b;qwen/qwen3.5-397b-a17b,player_3,qwen/qwen3.5-397b-a17b,1,11,7,0.6364,6,0.8571,1,23,0.0435,1,1.0000,,
exp0_m1_g7_1775157400661,0,nim,https://integrate.api.nvidia.com/v1,2026-03-26,p1939995863,2,46105828,,winner,z-ai/glm5;nvidia/nemotron-3-super-120b-a12b;minimaxai/minimax-m2.5;qwen/qwen3.5-397b-a17b,player_0,z-ai/glm5,1,20,7,0.3500,3,0.4286,3,57,0.0526,0,0.0000,,
exp0_m1_g7_1775157400661,0,nim,https://integrate.api.nvidia.com/v1,2026-03-26,p1939995863,2,46105828,,winner,z-ai/glm5;nvidia/nemotron-3-super-120b-a12b;minimaxai/minimax-m2.5;qwen/qwen3.5-397b-a17b,player_1,nvidia/nemotron-3-super-120b-a12b,0,19,7,0.3684,3,0.4286,8,55,0.1455,5,0.6250,,
exp0_m1_g7_1775157400661,0,nim,https://integrate.api.nvidia.com/v1,2026-03-26,p1939995863,2,46105828,,winner,z-ai/glm5;nvidia/nemotron-3-super-120b-a12b;minimaxai/minimax-m2.5;qwen/qwen3.5-397b-a17b,player_2,minimaxai/minimax-m2.5,0,19,4,0.2105,3,0.7500,14,50,0.2800,6,0.4286,,
exp0_m1_g7_1775157400661,0,nim,https://integrate.api.nvidia.com/v1,2026-03-26,p1939995863,2,46105828,,winner,z-ai/glm5;nvidia/nemotron-3-super-120b-a12b;minimaxai/minimax-m2.5;qwen/qwen3.5-397b-a17b,player_3,qwen/qwen3.5-397b-a17b,0,19,3,0.1579,1,0.3333,3,43,0.0698,0,0.0000,,
exp0_m1_g8_1775162646214,0,nim,https://integrate.api.nvidia.com/v1,2026-03-26,p1939995863,2,46105829,,winner,nvidia/nemotron-3-super-120b-a12b;z-ai/glm5;qwen/qwen3.5-397b-a17b;minimaxai/minimax-m2.5,player_0,nvidia/nemotron-3-super-120b-a12b,0,49,24,0.4898,8,0.3333,3,148,0.0203,2,0.6667,,
exp0_m1_g8_1775162646214,0,nim,https://integrate.api.nvidia.com/v1,2026-03-26,p1939995863,2,46105829,,winner,nvidia/nemotron-3-super-120b-a12b;z-ai/glm5;qwen/qwen3.5-397b-a17b;minimaxai/minimax-m2.5,player_1,z-ai/glm5,0,49,22,0.4490,7,0.3182,15,147,0.1020,8,0.5333,,
exp0_m1_g8_1775162646214,0,nim,https://integrate.api.nvidia.com/v1,2026-03-26,p1939995863,2,46105829,,winner,nvidia/nemotron-3-super-120b-a12b;z-ai/glm5;qwen/qwen3.5-397b-a17b;minimaxai/minimax-m2.5,player_2,qwen/qwen3.5-397b-a17b,1,50,12,0.2400,6,0.5000,31,133,0.2331,17,0.5484,,
exp0_m1_g8_1775162646214,0,nim,https://integrate.api.nvidia.com/v1,2026-03-26,p1939995863,2,46105829,,winner,nvidia/nemotron-3-super-120b-a12b;z-ai/glm5;qwen/qwen3.5-397b-a17b;minimaxai/minimax-m2.5,player_3,minimaxai/minimax-m2.5,0,49,8,0.1633,4,0.5000,36,109,0.3303,14,0.3889,,
exp0_m1_g9_1775174402290,0,nim,https://integrate.api.nvidia.com/v1,2026-03-26,p1939995863,2,46105830,,winner,minimaxai/minimax-m2.5;z-ai/glm5;qwen/qwen3.5-397b-a17b;nvidia/nemotron-3-super-120b-a12b,player_0,minimaxai/minimax-m2.5,0,20,5,0.2500,4,0.8000,19,60,0.3167,9,0.4737,,
exp0_m1_g9_1775174402290,0,nim,https://integrate.api.nvidia.com/v1,2026-03-26,p1939995863,2,46105830,,winner,minimaxai/minimax-m2.5;z-ai/glm5;qwen/qwen3.5-397b-a17b;nvidia/nemotron-3-super-120b-a12b,player_1,z-ai/glm5,0,20,6,0.3000,0,0.0000,7,50,0.1400,4,0.5714,,
exp0_m1_g9_1775174402290,0,nim,https://integrate.api.nvidia.com/v1,2026-03-26,p1939995863,2,46105830,,winner,minimaxai/minimax-m2.5;z-ai/glm5;qwen/qwen3.5-397b-a17b;nvidia/nemotron-3-super-120b-a12b,player_2,qwen/qwen3.5-397b-a17b,0,20,7,0.3500,2,0.2857,6,40,0.1500,2,0.3333,,
exp0_m1_g9_1775174402290,0,nim,https://integrate.api.nvidia.com/v1,2026-03-26,p1939995863,2,46105830,,winner,minimaxai/minimax-m2.5;z-ai/glm5;qwen/qwen3.5-397b-a17b;nvidia/nemotron-3-super-120b-a12b,player_3,nvidia/nemotron-3-super-120b-a12b,1,20,6,0.3000,2,0.3333,2,37,0.0541,1,0.5000,,
exp0_m2_g0_1775179439202,0,nim,https://integrate.api.nvidia.com/v1,2026-03-26,p1939995863,2,46106782,,winner,moonshotai/kimi-k2.5;minimaxai/minimax-m2.5;nvidia/nemotron-3-super-120b-a12b;qwen/qwen3.5-397b-a17b,player_0,moonshotai/kimi-k2.5,0,12,5,0.4167,1,0.2000,0,38,0.0000,0,0.0000,,
exp0_m2_g0_1775179439202,0,nim,https://integrate.api.nvidia.com/v1,2026-03-26,p1939995863,2,46106782,,winner,moonshotai/kimi-k2.5;minimaxai/minimax-m2.5;nvidia/nemotron-3-super-120b-a12b;qwen/qwen3.5-397b-a17b,player_1,minimaxai/minimax-m2.5,0,13,3,0.2308,1,0.3333,11,37,0.2973,5,0.4545,,
exp0_m2_g0_1775179439202,0,nim,https://integrate.api.nvidia.com/v1,2026-03-26,p1939995863,2,46106782,,winner,moonshotai/kimi-k2.5;minimaxai/minimax-m2.5;nvidia/nemotron-3-super-120b-a12b;qwen/qwen3.5-397b-a17b,player_2,nvidia/nemotron-3-super-120b-a12b,1,13,6,0.4615,3,0.5000,0,27,0.0000,0,0.0000,,
exp0_m2_g0_1775179439202,0,nim,https://integrate.api.nvidia.com/v1,2026-03-26,p1939995863,2,46106782,,winner,moonshotai/kimi-k2.5;minimaxai/minimax-m2.5;nvidia/nemotron-3-super-120b-a12b;qwen/qwen3.5-397b-a17b,player_3,qwen/qwen3.5-397b-a17b,0,12,3,0.2500,1,0.3333,10,32,0.3125,6,0.6000,,
exp0_m2_g1_1775187195799,0,nim,https://integrate.api.nvidia.com/v1,2026-03-26,p1939995863,2,46106783,,winner,moonshotai/kimi-k2.5;minimaxai/minimax-m2.5;nvidia/nemotron-3-super-120b-a12b;qwen/qwen3.5-397b-a17b,player_0,moonshotai/kimi-k2.5,1,8,5,0.6250,5,1.0000,2,23,0.0870,1,0.5000,,
exp0_m2_g1_1775187195799,0,nim,https://integrate.api.nvidia.com/v1,2026-03-26,p1939995863,2,46106783,,winner,moonshotai/kimi-k2.5;minimaxai/minimax-m2.5;nvidia/nemotron-3-super-120b-a12b;qwen/qwen3.5-397b-a17b,player_1,minimaxai/minimax-m2.5,0,7,2,0.2857,0,0.0000,3,23,0.1304,0,0.0000,,
exp0_m2_g1_1775187195799,0,nim,https://integrate.api.nvidia.com/v1,2026-03-26,p1939995863,2,46106783,,winner,moonshotai/kimi-k2.5;minimaxai/minimax-m2.5;nvidia/nemotron-3-super-120b-a12b;qwen/qwen3.5-397b-a17b,player_2,nvidia/nemotron-3-super-120b-a12b,0,8,3,0.3750,2,0.6667,0,19,0.0000,0,0.0000,,
exp0_m2_g1_1775187195799,0,nim,https://integrate.api.nvidia.com/v1,2026-03-26,p1939995863,2,46106783,,winner,moonshotai/kimi-k2.5;minimaxai/minimax-m2.5;nvidia/nemotron-3-super-120b-a12b;qwen/qwen3.5-397b-a17b,player_3,qwen/qwen3.5-397b-a17b,0,8,1,0.1250,1,1.0000,4,20,0.2000,2,0.5000,,
exp0_m2_g2_1775190602391,0,nim,https://integrate.api.nvidia.com/v1,2026-03-26,p1939995863,2,46106784,,winner,moonshotai/kimi-k2.5;nvidia/nemotron-3-super-120b-a12b;minimaxai/minimax-m2.5;qwen/qwen3.5-397b-a17b,player_0,moonshotai/kimi-k2.5,1,18,6,0.3333,2,0.3333,2,53,0.0377,2,1.0000,,
exp0_m2_g2_1775190602391,0,nim,https://integrate.api.nvidia.com/v1,2026-03-26,p1939995863,2,46106784,,winner,moonshotai/kimi-k2.5;nvidia/nemotron-3-super-120b-a12b;minimaxai/minimax-m2.5;qwen/qwen3.5-397b-a17b,player_1,nvidia/nemotron-3-super-120b-a12b,0,17,5,0.2941,1,0.2000,1,53,0.0189,1,1.0000,,
exp0_m2_g2_1775190602391,0,nim,https://integrate.api.nvidia.com/v1,2026-03-26,p1939995863,2,46106784,,winner,moonshotai/kimi-k2.5;nvidia/nemotron-3-super-120b-a12b;minimaxai/minimax-m2.5;qwen/qwen3.5-397b-a17b,player_2,minimaxai/minimax-m2.5,0,18,3,0.1667,2,0.6667,22,50,0.4400,11,0.5000,,
exp0_m2_g2_1775190602391,0,nim,https://integrate.api.nvidia.com/v1,2026-03-26,p1939995863,2,46106784,,winner,moonshotai/kimi-k2.5;nvidia/nemotron-3-super-120b-a12b;minimaxai/minimax-m2.5;qwen/qwen3.5-397b-a17b,player_3,qwen/qwen3.5-397b-a17b,0,18,11,0.6111,5,0.4545,2,37,0.0541,1,0.5000,,
exp0_m2_g3_1775202188357,0,nim,https://integrate.api.nvidia.com/v1,2026-03-26,p1939995863,2,46106785,,winner,nvidia/nemotron-3-super-120b-a12b;moonshotai/kimi-k2.5;minimaxai/minimax-m2.5;qwen/qwen3.5-397b-a17b,player_0,nvidia/nemotron-3-super-120b-a12b,0,39,16,0.4103,2,0.1250,2,118,0.0169,1,0.5000,,
exp0_m2_g3_1775202188357,0,nim,https://integrate.api.nvidia.com/v1,2026-03-26,p1939995863,2,46106785,,winner,nvidia/nemotron-3-super-120b-a12b;moonshotai/kimi-k2.5;minimaxai/minimax-m2.5;qwen/qwen3.5-397b-a17b,player_1,moonshotai/kimi-k2.5,0,39,13,0.3333,5,0.3846,13,116,0.1121,11,0.8462,,
exp0_m2_g3_1775202188357,0,nim,https://integrate.api.nvidia.com/v1,2026-03-26,p1939995863,2,46106785,,winner,nvidia/nemotron-3-super-120b-a12b;moonshotai/kimi-k2.5;minimaxai/minimax-m2.5;qwen/qwen3.5-397b-a17b,player_2,minimaxai/minimax-m2.5,0,39,8,0.2051,4,0.5000,39,105,0.3714,15,0.3846,,
exp0_m2_g3_1775202188357,0,nim,https://integrate.api.nvidia.com/v1,2026-03-26,p1939995863,2,46106785,,winner,nvidia/nemotron-3-super-120b-a12b;moonshotai/kimi-k2.5;minimaxai/minimax-m2.5;qwen/qwen3.5-397b-a17b,player_3,qwen/qwen3.5-397b-a17b,1,40,12,0.3000,7,0.5833,13,79,0.1646,4,0.3077,,
exp0_m2_g4_1775227434073,0,nim,https://integrate.api.nvidia.com/v1,2026-03-26,p1939995863,2,46106786,,winner,minimaxai/minimax-m2.5;nvidia/nemotron-3-super-120b-a12b;qwen/qwen3.5-397b-a17b;moonshotai/kimi-k2.5,player_0,minimaxai/minimax-m2.5,0,28,9,0.3214,6,0.6667,32,85,0.3765,15,0.4688,,
exp0_m2_g4_1775227434073,0,nim,https://integrate.api.nvidia.com/v1,2026-03-26,p1939995863,2,46106786,,winner,minimaxai/minimax-m2.5;nvidia/nemotron-3-super-120b-a12b;qwen/qwen3.5-397b-a17b;moonshotai/kimi-k2.5,player_1,nvidia/nemotron-3-super-120b-a12b,1,29,11,0.3793,3,0.2727,1,61,0.0164,0,0.0000,,
exp0_m2_g4_1775227434073,0,nim,https://integrate.api.nvidia.com/v1,2026-03-26,p1939995863,2,46106786,,winner,minimaxai/minimax-m2.5;nvidia/nemotron-3-super-120b-a12b;qwen/qwen3.5-397b-a17b;moonshotai/kimi-k2.5,player_2,qwen/qwen3.5-397b-a17b,0,28,4,0.1429,2,0.5000,10,62,0.1613,6,0.6000,,
exp0_m2_g4_1775227434073,0,nim,https://integrate.api.nvidia.com/v1,2026-03-26,p1939995863,2,46106786,,winner,minimaxai/minimax-m2.5;nvidia/nemotron-3-super-120b-a12b;qwen/qwen3.5-397b-a17b;moonshotai/kimi-k2.5,player_3,moonshotai/kimi-k2.5,0,28,14,0.5000,6,0.4286,0,57,0.0000,0,0.0000,,
exp0_m2_g5_1775238251716,0,nim,https://integrate.api.nvidia.com/v1,2026-03-26,p1939995863,2,46106787,,winner,moonshotai/kimi-k2.5;nvidia/nemotron-3-super-120b-a12b;qwen/qwen3.5-397b-a17b;minimaxai/minimax-m2.5,player_0,moonshotai/kimi-k2.5,1,27,8,0.2963,1,0.1250,3,80,0.0375,2,0.6667,,
exp0_m2_g5_1775238251716,0,nim,https://integrate.api.nvidia.com/v1,2026-03-26,p1939995863,2,46106787,,winner,moonshotai/kimi-k2.5;nvidia/nemotron-3-super-120b-a12b;qwen/qwen3.5-397b-a17b;minimaxai/minimax-m2.5,player_1,nvidia/nemotron-3-super-120b-a12b,0,26,9,0.3462,3,0.3333,8,78,0.1026,7,0.8750,,
exp0_m2_g5_1775238251716,0,nim,https://integrate.api.nvidia.com/v1,2026-03-26,p1939995863,2,46106787,,winner,moonshotai/kimi-k2.5;nvidia/nemotron-3-super-120b-a12b;qwen/qwen3.5-397b-a17b;minimaxai/minimax-m2.5,player_2,qwen/qwen3.5-397b-a17b,0,27,9,0.3333,7,0.7778,16,70,0.2286,9,0.5625,,
exp0_m2_g5_1775238251716,0,nim,https://integrate.api.nvidia.com/v1,2026-03-26,p1939995863,2,46106787,,winner,moonshotai/kimi-k2.5;nvidia/nemotron-3-super-120b-a12b;qwen/qwen3.5-397b-a17b;minimaxai/minimax-m2.5,player_3,minimaxai/minimax-m2.5,0,27,11,0.4074,5,0.4545,15,62,0.2419,3,0.2000,,
exp0_m2_g6_1775251020180,0,nim,https://integrate.api.nvidia.com/v1,2026-03-26,p1939995863,2,46106788,,winner,moonshotai/kimi-k2.5;qwen/qwen3.5-397b-a17b;nvidia/nemotron-3-super-120b-a12b;minimaxai/minimax-m2.5,player_0,moonshotai/kimi-k2.5,0,13,5,0.3846,3,0.6000,2,39,0.0513,2,1.0000,,
exp0_m2_g6_1775251020180,0,nim,https://integrate.api.nvidia.com/v1,2026-03-26,p1939995863,2,46106788,,winner,moonshotai/kimi-k2.5;qwen/qwen3.5-397b-a17b;nvidia/nemotron-3-super-120b-a12b;minimaxai/minimax-m2.5,player_1,qwen/qwen3.5-397b-a17b,0,13,2,0.1538,1,0.5000,3,37,0.0811,1,0.3333,,
exp0_m2_g6_1775251020180,0,nim,https://integrate.api.nvidia.com/v1,2026-03-26,p1939995863,2,46106788,,winner,moonshotai/kimi-k2.5;qwen/qwen3.5-397b-a17b;nvidia/nemotron-3-super-120b-a12b;minimaxai/minimax-m2.5,player_2,nvidia/nemotron-3-super-120b-a12b,1,13,2,0.1538,1,0.5000,0,35,0.0000,0,0.0000,,
exp0_m2_g6_1775251020180,0,nim,https://integrate.api.nvidia.com/v1,2026-03-26,p1939995863,2,46106788,,winner,moonshotai/kimi-k2.5;qwen/qwen3.5-397b-a17b;nvidia/nemotron-3-super-120b-a12b;minimaxai/minimax-m2.5,player_3,minimaxai/minimax-m2.5,0,13,2,0.1538,0,0.0000,8,36,0.2222,3,0.3750,,
exp0_m2_g7_1775256454362,0,nim,https://integrate.api.nvidia.com/v1,2026-03-26,p1939995863,2,46106789,,winner,minimaxai/minimax-m2.5;moonshotai/kimi-k2.5;qwen/qwen3.5-397b-a17b;nvidia/nemotron-3-super-120b-a12b,player_0,minimaxai/minimax-m2.5,0,21,6,0.2857,3,0.5000,14,64,0.2188,5,0.3571,,
exp0_m2_g7_1775256454362,0,nim,https://integrate.api.nvidia.com/v1,2026-03-26,p1939995863,2,46106789,,winner,minimaxai/minimax-m2.5;moonshotai/kimi-k2.5;qwen/qwen3.5-397b-a17b;nvidia/nemotron-3-super-120b-a12b,player_1,moonshotai/kimi-k2.5,0,21,10,0.4762,4,0.4000,0,56,0.0000,0,0.0000,,
exp0_m2_g7_1775256454362,0,nim,https://integrate.api.nvidia.com/v1,2026-03-26,p1939995863,2,46106789,,winner,minimaxai/minimax-m2.5;moonshotai/kimi-k2.5;qwen/qwen3.5-397b-a17b;nvidia/nemotron-3-super-120b-a12b,player_2,qwen/qwen3.5-397b-a17b,0,21,6,0.2857,6,1.0000,12,56,0.2143,8,0.6667,,
exp0_m2_g7_1775256454362,0,nim,https://integrate.api.nvidia.com/v1,2026-03-26,p1939995863,2,46106789,,winner,minimaxai/minimax-m2.5;moonshotai/kimi-k2.5;qwen/qwen3.5-397b-a17b;nvidia/nemotron-3-super-120b-a12b,player_3,nvidia/nemotron-3-super-120b-a12b,1,22,9,0.4091,5,0.5556,0,43,0.0000,0,0.0000,,
exp0_m2_g8_1775264885649,0,nim,https://integrate.api.nvidia.com/v1,2026-03-26,p1939995863,2,46106790,,winner,nvidia/nemotron-3-super-120b-a12b;minimaxai/minimax-m2.5;moonshotai/kimi-k2.5;qwen/qwen3.5-397b-a17b,player_0,nvidia/nemotron-3-super-120b-a12b,0,18,7,0.3889,1,0.1429,1,54,0.0185,0,0.0000,,
exp0_m2_g8_1775264885649,0,nim,https://integrate.api.nvidia.com/v1,2026-03-26,p1939995863,2,46106790,,winner,nvidia/nemotron-3-super-120b-a12b;minimaxai/minimax-m2.5;moonshotai/kimi-k2.5;qwen/qwen3.5-397b-a17b,player_1,minimaxai/minimax-m2.5,0,18,1,0.0556,1,1.0000,24,53,0.4528,12,0.5000,,
exp0_m2_g8_1775264885649,0,nim,https://integrate.api.nvidia.com/v1,2026-03-26,p1939995863,2,46106790,,winner,nvidia/nemotron-3-super-120b-a12b;minimaxai/minimax-m2.5;moonshotai/kimi-k2.5;qwen/qwen3.5-397b-a17b,player_2,moonshotai/kimi-k2.5,1,18,9,0.5000,5,0.5556,0,37,0.0000,0,0.0000,,
exp0_m2_g8_1775264885649,0,nim,https://integrate.api.nvidia.com/v1,2026-03-26,p1939995863,2,46106790,,winner,nvidia/nemotron-3-super-120b-a12b;minimaxai/minimax-m2.5;moonshotai/kimi-k2.5;qwen/qwen3.5-397b-a17b,player_3,qwen/qwen3.5-397b-a17b,0,18,2,0.1111,0,0.0000,3,35,0.0857,0,0.0000,,
exp0_m2_g9_1775269717990,0,nim,https://integrate.api.nvidia.com/v1,2026-03-26,p1939995863,2,46106791,,winner,moonshotai/kimi-k2.5;nvidia/nemotron-3-super-120b-a12b;qwen/qwen3.5-397b-a17b;minimaxai/minimax-m2.5,player_0,moonshotai/kimi-k2.5,0,19,9,0.4737,4,0.4444,4,57,0.0702,3,0.7500,,
exp0_m2_g9_1775269717990,0,nim,https://integrate.api.nvidia.com/v1,2026-03-26,p1939995863,2,46106791,,winner,moonshotai/kimi-k2.5;nvidia/nemotron-3-super-120b-a12b;qwen/qwen3.5-397b-a17b;minimaxai/minimax-m2.5,player_1,nvidia/nemotron-3-super-120b-a12b,0,19,3,0.1579,1,0.3333,7,55,0.1273,5,0.7143,,
exp0_m2_g9_1775269717990,0,nim,https://integrate.api.nvidia.com/v1,2026-03-26,p1939995863,2,46106791,,winner,moonshotai/kimi-k2.5;nvidia/nemotron-3-super-120b-a12b;qwen/qwen3.5-397b-a17b;minimaxai/minimax-m2.5,player_2,qwen/qwen3.5-397b-a17b,1,19,10,0.5263,8,0.8000,3,49,0.0612,1,0.3333,,
exp0_m2_g9_1775269717990,0,nim,https://integrate.api.nvidia.com/v1,2026-03-26,p1939995863,2,46106791,,winner,moonshotai/kimi-k2.5;nvidia/nemotron-3-super-120b-a12b;qwen/qwen3.5-397b-a17b;minimaxai/minimax-m2.5,player_3,minimaxai/minimax-m2.5,0,19,4,0.2105,2,0.5000,8,47,0.1702,2,0.2500,,
exp0_m3_g0_1775276586540,0,nim,https://integrate.api.nvidia.com/v1,2026-03-26,p1939995863,2,46107743,,winner,qwen/qwen3.5-397b-a17b;z-ai/glm5;mistralai/mistral-small-4-119b-2603;minimaxai/minimax-m2.5,player_0,qwen/qwen3.5-397b-a17b,1,10,5,0.5000,5,1.0000,1,27,0.0370,0,0.0000,,
exp0_m3_g0_1775276586540,0,nim,https://integrate.api.nvidia.com/v1,2026-03-26,p1939995863,2,46107743,,winner,qwen/qwen3.5-397b-a17b;z-ai/glm5;mistralai/mistral-small-4-119b-2603;minimaxai/minimax-m2.5,player_1,z-ai/glm5,0,9,4,0.4444,3,0.7500,0,27,0.0000,0,0.0000,,
exp0_m3_g0_1775276586540,0,nim,https://integrate.api.nvidia.com/v1,2026-03-26,p1939995863,2,46107743,,winner,qwen/qwen3.5-397b-a17b;z-ai/glm5;mistralai/mistral-small-4-119b-2603;minimaxai/minimax-m2.5,player_2,mistralai/mistral-small-4-119b-2603,0,9,1,0.1111,1,1.0000,10,28,0.3571,2,0.2000,,
exp0_m3_g0_1775276586540,0,nim,https://integrate.api.nvidia.com/v1,2026-03-26,p1939995863,2,46107743,,winner,qwen/qwen3.5-397b-a17b;z-ai/glm5;mistralai/mistral-small-4-119b-2603;minimaxai/minimax-m2.5,player_3,minimaxai/minimax-m2.5,0,9,1,0.1111,0,0.0000,1,21,0.0476,0,0.0000,,
exp0_m3_g1_1774963668163,0,nim,https://integrate.api.nvidia.com/v1,2026-03-26,p1939995863,2,46107744,,winner,mistralai/mistral-small-4-119b-2603;z-ai/glm5;qwen/qwen3.5-397b-a17b;minimaxai/minimax-m2.5,player_0,mistralai/mistral-small-4-119b-2603,0,14,2,0.1429,0,0.0000,31,43,0.7209,11,0.3548,,
exp0_m3_g1_1774963668163,0,nim,https://integrate.api.nvidia.com/v1,2026-03-26,p1939995863,2,46107744,,winner,mistralai/mistral-small-4-119b-2603;z-ai/glm5;qwen/qwen3.5-397b-a17b;minimaxai/minimax-m2.5,player_1,z-ai/glm5,1,15,4,0.2667,1,0.2500,0,21,0.0000,0,0.0000,,
exp0_m3_g1_1774963668163,0,nim,https://integrate.api.nvidia.com/v1,2026-03-26,p1939995863,2,46107744,,winner,mistralai/mistral-small-4-119b-2603;z-ai/glm5;qwen/qwen3.5-397b-a17b;minimaxai/minimax-m2.5,player_2,qwen/qwen3.5-397b-a17b,0,14,5,0.3571,1,0.2000,5,22,0.2273,2,0.4000,,
exp0_m3_g1_1774963668163,0,nim,https://integrate.api.nvidia.com/v1,2026-03-26,p1939995863,2,46107744,,winner,mistralai/mistral-small-4-119b-2603;z-ai/glm5;qwen/qwen3.5-397b-a17b;minimaxai/minimax-m2.5,player_3,minimaxai/minimax-m2.5,0,14,4,0.2857,0,0.0000,5,19,0.2632,0,0.0000,,
exp0_m3_g2_1774966040950,0,nim,https://integrate.api.nvidia.com/v1,2026-03-26,p1939995863,2,46107745,,winner,minimaxai/minimax-m2.5;qwen/qwen3.5-397b-a17b;z-ai/glm5;mistralai/mistral-small-4-119b-2603,player_0,minimaxai/minimax-m2.5,0,22,9,0.4091,2,0.2222,13,65,0.2000,4,0.3077,,
exp0_m3_g2_1774966040950,0,nim,https://integrate.api.nvidia.com/v1,2026-03-26,p1939995863,2,46107745,,winner,minimaxai/minimax-m2.5;qwen/qwen3.5-397b-a17b;z-ai/glm5;mistralai/mistral-small-4-119b-2603,player_1,qwen/qwen3.5-397b-a17b,0,22,9,0.4091,3,0.3333,4,58,0.0690,1,0.2500,,
exp0_m3_g2_1774966040950,0,nim,https://integrate.api.nvidia.com/v1,2026-03-26,p1939995863,2,46107745,,winner,minimaxai/minimax-m2.5;qwen/qwen3.5-397b-a17b;z-ai/glm5;mistralai/mistral-small-4-119b-2603,player_2,z-ai/glm5,1,22,7,0.3182,4,0.5714,2,53,0.0377,1,0.5000,,
exp0_m3_g2_1774966040950,0,nim,https://integrate.api.nvidia.com/v1,2026-03-26,p1939995863,2,46107745,,winner,minimaxai/minimax-m2.5;qwen/qwen3.5-397b-a17b;z-ai/glm5;mistralai/mistral-small-4-119b-2603,player_3,mistralai/mistral-small-4-119b-2603,0,21,4,0.1905,3,0.7500,24,51,0.4706,11,0.4583,,
exp0_m3_g3_1774973835442,0,nim,https://integrate.api.nvidia.com/v1,2026-03-26,p1939995863,2,46107746,,winner,z-ai/glm5;mistralai/mistral-small-4-119b-2603;minimaxai/minimax-m2.5;qwen/qwen3.5-397b-a17b,player_0,z-ai/glm5,0,17,7,0.4118,1,0.1429,5,54,0.0926,2,0.4000,,
exp0_m3_g3_1774973835442,0,nim,https://integrate.api.nvidia.com/v1,2026-03-26,p1939995863,2,46107746,,winner,z-ai/glm5;mistralai/mistral-small-4-119b-2603;minimaxai/minimax-m2.5;qwen/qwen3.5-397b-a17b,player_1,mistralai/mistral-small-4-119b-2603,0,18,3,0.1667,2,0.6667,29,48,0.6042,12,0.4138,,
exp0_m3_g3_1774973835442,0,nim,https://integrate.api.nvidia.com/v1,2026-03-26,p1939995863,2,46107746,,winner,z-ai/glm5;mistralai/mistral-small-4-119b-2603;minimaxai/minimax-m2.5;qwen/qwen3.5-397b-a17b,player_2,minimaxai/minimax-m2.5,0,18,5,0.2778,2,0.4000,11,31,0.3548,2,0.1818,,
exp0_m3_g3_1774973835442,0,nim,https://integrate.api.nvidia.com/v1,2026-03-26,p1939995863,2,46107746,,winner,z-ai/glm5;mistralai/mistral-small-4-119b-2603;minimaxai/minimax-m2.5;qwen/qwen3.5-397b-a17b,player_3,qwen/qwen3.5-397b-a17b,1,18,11,0.6111,4,0.3636,1,19,0.0526,1,1.0000,,
exp0_m3_g4_1774977038608,0,nim,https://integrate.api.nvidia.com/v1,2026-03-26,p1939995863,2,46107747,,winner,z-ai/glm5;qwen/qwen3.5-397b-a17b;mistralai/mistral-small-4-119b-2603;minimaxai/minimax-m2.5,player_0,z-ai/glm5,0,54,32,0.5926,6,0.1875,20,160,0.1250,12,0.6000,,
exp0_m3_g4_1774977038608,0,nim,https://integrate.api.nvidia.com/v1,2026-03-26,p1939995863,2,46107747,,winner,z-ai/glm5;qwen/qwen3.5-397b-a17b;mistralai/mistral-small-4-119b-2603;minimaxai/minimax-m2.5,player_1,qwen/qwen3.5-397b-a17b,1,54,20,0.3704,5,0.2500,25,149,0.1678,6,0.2400,,
exp0_m3_g4_1774977038608,0,nim,https://integrate.api.nvidia.com/v1,2026-03-26,p1939995863,2,46107747,,winner,z-ai/glm5;qwen/qwen3.5-397b-a17b;mistralai/mistral-small-4-119b-2603;minimaxai/minimax-m2.5,player_2,mistralai/mistral-small-4-119b-2603,0,53,4,0.0755,2,0.5000,84,126,0.6667,36,0.4286,,
exp0_m3_g4_1774977038608,0,nim,https://integrate.api.nvidia.com/v1,2026-03-26,p1939995863,2,46107747,,winner,z-ai/glm5;qwen/qwen3.5-397b-a17b;mistralai/mistral-small-4-119b-2603;minimaxai/minimax-m2.5,player_3,minimaxai/minimax-m2.5,0,53,24,0.4528,6,0.2500,22,73,0.3014,7,0.3182,,
exp0_m3_g5_1775278256222,0,nim,https://integrate.api.nvidia.com/v1,2026-03-26,p1939995863,2,46107748,,winner,minimaxai/minimax-m2.5;z-ai/glm5;mistralai/mistral-small-4-119b-2603;qwen/qwen3.5-397b-a17b,player_0,minimaxai/minimax-m2.5,0,14,6,0.4286,3,0.5000,9,42,0.2143,3,0.3333,,
exp0_m3_g5_1775278256222,0,nim,https://integrate.api.nvidia.com/v1,2026-03-26,p1939995863,2,46107748,,winner,minimaxai/minimax-m2.5;z-ai/glm5;mistralai/mistral-small-4-119b-2603;qwen/qwen3.5-397b-a17b,player_1,z-ai/glm5,1,14,2,0.1429,2,1.0000,2,37,0.0541,1,0.5000,,
exp0_m3_g5_1775278256222,0,nim,https://integrate.api.nvidia.com/v1,2026-03-26,p1939995863,2,46107748,,winner,minimaxai/minimax-m2.5;z-ai/glm5;mistralai/mistral-small-4-119b-2603;qwen/qwen3.5-397b-a17b,player_2,mistralai/mistral-small-4-119b-2603,0,14,5,0.3571,3,0.6000,15,34,0.4412,3,0.2000,,
exp0_m3_g5_1775278256222,0,nim,https://integrate.api.nvidia.com/v1,2026-03-26,p1939995863,2,46107748,,winner,minimaxai/minimax-m2.5;z-ai/glm5;mistralai/mistral-small-4-119b-2603;qwen/qwen3.5-397b-a17b,player_3,qwen/qwen3.5-397b-a17b,0,14,6,0.4286,4,0.6667,1,23,0.0435,0,0.0000,,
exp0_m3_g6_1775280745031,0,nim,https://integrate.api.nvidia.com/v1,2026-03-26,p1939995863,2,46107749,,winner,minimaxai/minimax-m2.5;z-ai/glm5;qwen/qwen3.5-397b-a17b;mistralai/mistral-small-4-119b-2603,player_0,minimaxai/minimax-m2.5,0,18,6,0.3333,1,0.1667,19,55,0.3455,8,0.4211,,
exp0_m3_g6_1775280745031,0,nim,https://integrate.api.nvidia.com/v1,2026-03-26,p1939995863,2,46107749,,winner,minimaxai/minimax-m2.5;z-ai/glm5;qwen/qwen3.5-397b-a17b;mistralai/mistral-small-4-119b-2603,player_1,z-ai/glm5,1,19,10,0.5263,5,0.5000,4,41,0.0976,3,0.7500,,
exp0_m3_g6_1775280745031,0,nim,https://integrate.api.nvidia.com/v1,2026-03-26,p1939995863,2,46107749,,winner,minimaxai/minimax-m2.5;z-ai/glm5;qwen/qwen3.5-397b-a17b;mistralai/mistral-small-4-119b-2603,player_2,qwen/qwen3.5-397b-a17b,0,18,10,0.5556,4,0.4000,4,38,0.1053,2,0.5000,,
exp0_m3_g6_1775280745031,0,nim,https://integrate.api.nvidia.com/v1,2026-03-26,p1939995863,2,46107749,,winner,minimaxai/minimax-m2.5;z-ai/glm5;qwen/qwen3.5-397b-a17b;mistralai/mistral-small-4-119b-2603,player_3,mistralai/mistral-small-4-119b-2603,0,18,4,0.2222,2,0.5000,19,36,0.5278,5,0.2632,,
exp0_m3_g7_1775284998557,0,nim,https://integrate.api.nvidia.com/v1,2026-03-26,p1939995863,2,46107750,,winner,qwen/qwen3.5-397b-a17b;minimaxai/minimax-m2.5;z-ai/glm5;mistralai/mistral-small-4-119b-2603,player_0,qwen/qwen3.5-397b-a17b,1,15,6,0.4000,3,0.5000,7,44,0.1591,4,0.5714,,
exp0_m3_g7_1775284998557,0,nim,https://integrate.api.nvidia.com/v1,2026-03-26,p1939995863,2,46107750,,winner,qwen/qwen3.5-397b-a17b;minimaxai/minimax-m2.5;z-ai/glm5;mistralai/mistral-small-4-119b-2603,player_1,minimaxai/minimax-m2.5,0,14,6,0.4286,3,0.5000,8,40,0.2000,4,0.5000,,
exp0_m3_g7_1775284998557,0,nim,https://integrate.api.nvidia.com/v1,2026-03-26,p1939995863,2,46107750,,winner,qwen/qwen3.5-397b-a17b;minimaxai/minimax-m2.5;z-ai/glm5;mistralai/mistral-small-4-119b-2603,player_2,z-ai/glm5,0,15,5,0.3333,2,0.4000,1,33,0.0303,0,0.0000,,
exp0_m3_g7_1775284998557,0,nim,https://integrate.api.nvidia.com/v1,2026-03-26,p1939995863,2,46107750,,winner,qwen/qwen3.5-397b-a17b;minimaxai/minimax-m2.5;z-ai/glm5;mistralai/mistral-small-4-119b-2603,player_3,mistralai/mistral-small-4-119b-2603,0,15,3,0.2000,0,0.0000,20,35,0.5714,4,0.2000,,
exp0_m3_g8_1775287860516,0,nim,https://integrate.api.nvidia.com/v1,2026-03-26,p1939995863,2,46107751,,winner,mistralai/mistral-small-4-119b-2603;z-ai/glm5;minimaxai/minimax-m2.5;qwen/qwen3.5-397b-a17b,player_0,mistralai/mistral-small-4-119b-2603,0,39,2,0.0513,1,0.5000,78,118,0.6610,39,0.5000,,
exp0_m3_g8_1775287860516,0,nim,https://integrate.api.nvidia.com/v1,2026-03-26,p1939995863,2,46107751,,winner,mistralai/mistral-small-4-119b-2603;z-ai/glm5;minimaxai/minimax-m2.5;qwen/qwen3.5-397b-a17b,player_1,z-ai/glm5,1,40,20,0.5000,4,0.2000,2,66,0.0303,2,1.0000,,
exp0_m3_g8_1775287860516,0,nim,https://integrate.api.nvidia.com/v1,2026-03-26,p1939995863,2,46107751,,winner,mistralai/mistral-small-4-119b-2603;z-ai/glm5;minimaxai/minimax-m2.5;qwen/qwen3.5-397b-a17b,player_2,minimaxai/minimax-m2.5,0,39,20,0.5128,7,0.3500,23,63,0.3651,4,0.1739,,
exp0_m3_g8_1775287860516,0,nim,https://integrate.api.nvidia.com/v1,2026-03-26,p1939995863,2,46107751,,winner,mistralai/mistral-small-4-119b-2603;z-ai/glm5;minimaxai/minimax-m2.5;qwen/qwen3.5-397b-a17b,player_3,qwen/qwen3.5-397b-a17b,0,39,22,0.5641,5,0.2273,4,45,0.0889,2,0.5000,,
exp0_m3_g9_1775297406428,0,nim,https://integrate.api.nvidia.com/v1,2026-03-26,p1939995863,2,46107752,,winner,minimaxai/minimax-m2.5;z-ai/glm5;qwen/qwen3.5-397b-a17b;mistralai/mistral-small-4-119b-2603,player_0,minimaxai/minimax-m2.5,0,8,4,0.5000,1,0.2500,6,26,0.2308,1,0.1667,,
exp0_m3_g9_1775297406428,0,nim,https://integrate.api.nvidia.com/v1,2026-03-26,p1939995863,2,46107752,,winner,minimaxai/minimax-m2.5;z-ai/glm5;qwen/qwen3.5-397b-a17b;mistralai/mistral-small-4-119b-2603,player_1,z-ai/glm5,0,9,3,0.3333,1,0.3333,4,21,0.1905,2,0.5000,,
exp0_m3_g9_1775297406428,0,nim,https://integrate.api.nvidia.com/v1,2026-03-26,p1939995863,2,46107752,,winner,minimaxai/minimax-m2.5;z-ai/glm5;qwen/qwen3.5-397b-a17b;mistralai/mistral-small-4-119b-2603,player_2,qwen/qwen3.5-397b-a17b,1,9,2,0.2222,2,1.0000,2,20,0.1000,2,1.0000,,
exp0_m3_g9_1775297406428,0,nim,https://integrate.api.nvidia.com/v1,2026-03-26,p1939995863,2,46107752,,winner,minimaxai/minimax-m2.5;z-ai/glm5;qwen/qwen3.5-397b-a17b;mistralai/mistral-small-4-119b-2603,player_3,mistralai/mistral-small-4-119b-2603,0,8,2,0.2500,1,0.5000,9,16,0.5625,1,0.1111,,
exp0_m4_g0_1775303954040,0,nim,https://integrate.api.nvidia.com/v1,2026-03-26,p1939995863,2,46108704,,winner,minimaxai/minimax-m2.5;mistralai/mistral-small-4-119b-2603;qwen/qwen3.5-397b-a17b;moonshotai/kimi-k2.5,player_0,minimaxai/minimax-m2.5,0,23,8,0.3478,4,0.5000,28,70,0.4000,13,0.4643,,
exp0_m4_g0_1775303954040,0,nim,https://integrate.api.nvidia.com/v1,2026-03-26,p1939995863,2,46108704,,winner,minimaxai/minimax-m2.5;mistralai/mistral-small-4-119b-2603;qwen/qwen3.5-397b-a17b;moonshotai/kimi-k2.5,player_1,mistralai/mistral-small-4-119b-2603,0,23,3,0.1304,0,0.0000,29,49,0.5918,13,0.4483,,
exp0_m4_g0_1775303954040,0,nim,https://integrate.api.nvidia.com/v1,2026-03-26,p1939995863,2,46108704,,winner,minimaxai/minimax-m2.5;mistralai/mistral-small-4-119b-2603;qwen/qwen3.5-397b-a17b;moonshotai/kimi-k2.5,player_2,qwen/qwen3.5-397b-a17b,0,23,8,0.3478,2,0.2500,3,32,0.0938,1,0.3333,,
exp0_m4_g0_1775303954040,0,nim,https://integrate.api.nvidia.com/v1,2026-03-26,p1939995863,2,46108704,,winner,minimaxai/minimax-m2.5;mistralai/mistral-small-4-119b-2603;qwen/qwen3.5-397b-a17b;moonshotai/kimi-k2.5,player_3,moonshotai/kimi-k2.5,1,24,16,0.6667,1,0.0625,1,28,0.0357,1,1.0000,,
exp0_m4_g1_1775314540005,0,nim,https://integrate.api.nvidia.com/v1,2026-03-26,p1939995863,2,46108705,,winner,moonshotai/kimi-k2.5;mistralai/mistral-small-4-119b-2603;minimaxai/minimax-m2.5;qwen/qwen3.5-397b-a17b,player_0,moonshotai/kimi-k2.5,1,26,13,0.5000,1,0.0769,1,78,0.0128,1,1.0000,,
exp0_m4_g1_1775314540005,0,nim,https://integrate.api.nvidia.com/v1,2026-03-26,p1939995863,2,46108705,,winner,moonshotai/kimi-k2.5;mistralai/mistral-small-4-119b-2603;minimaxai/minimax-m2.5;qwen/qwen3.5-397b-a17b,player_1,mistralai/mistral-small-4-119b-2603,0,26,1,0.0385,1,1.0000,48,77,0.6234,23,0.4792,,
exp0_m4_g1_1775314540005,0,nim,https://integrate.api.nvidia.com/v1,2026-03-26,p1939995863,2,46108705,,winner,moonshotai/kimi-k2.5;mistralai/mistral-small-4-119b-2603;minimaxai/minimax-m2.5;qwen/qwen3.5-397b-a17b,player_2,minimaxai/minimax-m2.5,0,26,10,0.3846,2,0.2000,16,47,0.3404,4,0.2500,,
exp0_m4_g1_1775314540005,0,nim,https://integrate.api.nvidia.com/v1,2026-03-26,p1939995863,2,46108705,,winner,moonshotai/kimi-k2.5;mistralai/mistral-small-4-119b-2603;minimaxai/minimax-m2.5;qwen/qwen3.5-397b-a17b,player_3,qwen/qwen3.5-397b-a17b,0,26,13,0.5000,4,0.3077,6,31,0.1935,1,0.1667,,
exp0_m4_g2_1775324504745,0,nim,https://integrate.api.nvidia.com/v1,2026-03-26,p1939995863,2,46108706,,winner,minimaxai/minimax-m2.5;moonshotai/kimi-k2.5;qwen/qwen3.5-397b-a17b;mistralai/mistral-small-4-119b-2603,player_0,minimaxai/minimax-m2.5,0,21,5,0.2381,1,0.2000,25,63,0.3968,12,0.4800,,
exp0_m4_g2_1775324504745,0,nim,https://integrate.api.nvidia.com/v1,2026-03-26,p1939995863,2,46108706,,winner,minimaxai/minimax-m2.5;moonshotai/kimi-k2.5;qwen/qwen3.5-397b-a17b;mistralai/mistral-small-4-119b-2603,player_1,moonshotai/kimi-k2.5,1,21,12,0.5714,1,0.0833,1,41,0.0244,1,1.0000,,
exp0_m4_g2_1775324504745,0,nim,https://integrate.api.nvidia.com/v1,2026-03-26,p1939995863,2,46108706,,winner,minimaxai/minimax-m2.5;moonshotai/kimi-k2.5;qwen/qwen3.5-397b-a17b;mistralai/mistral-small-4-119b-2603,player_2,qwen/qwen3.5-397b-a17b,0,21,7,0.3333,0,0.0000,9,50,0.1800,6,0.6667,,
exp0_m4_g2_1775324504745,0,nim,https://integrate.api.nvidia.com/v1,2026-03-26,p1939995863,2,46108706,,winner,minimaxai/minimax-m2.5;moonshotai/kimi-k2.5;qwen/qwen3.5-397b-a17b;mistralai/mistral-small-4-119b-2603,player_3,mistralai/mistral-small-4-119b-2603,0,21,6,0.2857,1,0.1667,28,38,0.7368,8,0.2857,,
exp0_m4_g3_1775331207927,0,nim,https://integrate.api.nvidia.com/v1,2026-03-26,p1939995863,2,46108707,,winner,qwen/qwen3.5-397b-a17b;minimaxai/minimax-m2.5;moonshotai/kimi-k2.5;mistralai/mistral-small-4-119b-2603,player_0,qwen/qwen3.5-397b-a17b,0,22,4,0.1818,1,0.2500,15,65,0.2308,9,0.6000,,
exp0_m4_g3_1775331207927,0,nim,https://integrate.api.nvidia.com/v1,2026-03-26,p1939995863,2,46108707,,winner,qwen/qwen3.5-397b-a17b;minimaxai/minimax-m2.5;moonshotai/kimi-k2.5;mistralai/mistral-small-4-119b-2603,player_1,minimaxai/minimax-m2.5,0,22,7,0.3182,3,0.4286,10,54,0.1852,2,0.2000,,
exp0_m4_g3_1775331207927,0,nim,https://integrate.api.nvidia.com/v1,2026-03-26,p1939995863,2,46108707,,winner,qwen/qwen3.5-397b-a17b;minimaxai/minimax-m2.5;moonshotai/kimi-k2.5;mistralai/mistral-small-4-119b-2603,player_2,moonshotai/kimi-k2.5,1,22,15,0.6818,4,0.2667,1,50,0.0200,1,1.0000,,
exp0_m4_g3_1775331207927,0,nim,https://integrate.api.nvidia.com/v1,2026-03-26,p1939995863,2,46108707,,winner,qwen/qwen3.5-397b-a17b;minimaxai/minimax-m2.5;moonshotai/kimi-k2.5;mistralai/mistral-small-4-119b-2603,player_3,mistralai/mistral-small-4-119b-2603,0,21,4,0.1905,4,1.0000,21,47,0.4468,6,0.2857,,
exp0_m4_g4_1775341973821,0,nim,https://integrate.api.nvidia.com/v1,2026-03-26,p1939995863,2,46108708,,winner,mistralai/mistral-small-4-119b-2603;moonshotai/kimi-k2.5;minimaxai/minimax-m2.5;qwen/qwen3.5-397b-a17b,player_0,mistralai/mistral-small-4-119b-2603,0,35,3,0.0857,1,0.3333,80,108,0.7407,43,0.5375,,
exp0_m4_g4_1775341973821,0,nim,https://integrate.api.nvidia.com/v1,2026-03-26,p1939995863,2,46108708,,winner,mistralai/mistral-small-4-119b-2603;moonshotai/kimi-k2.5;minimaxai/minimax-m2.5;qwen/qwen3.5-397b-a17b,player_1,moonshotai/kimi-k2.5,0,36,20,0.5556,2,0.1000,6,57,0.1053,1,0.1667,,
exp0_m4_g4_1775341973821,0,nim,https://integrate.api.nvidia.com/v1,2026-03-26,p1939995863,2,46108708,,winner,mistralai/mistral-small-4-119b-2603;moonshotai/kimi-k2.5;minimaxai/minimax-m2.5;qwen/qwen3.5-397b-a17b,player_2,minimaxai/minimax-m2.5,0,36,19,0.5278,5,0.2632,14,48,0.2917,2,0.1429,,
exp0_m4_g4_1775341973821,0,nim,https://integrate.api.nvidia.com/v1,2026-03-26,p1939995863,2,46108708,,winner,mistralai/mistral-small-4-119b-2603;moonshotai/kimi-k2.5;minimaxai/minimax-m2.5;qwen/qwen3.5-397b-a17b,player_3,qwen/qwen3.5-397b-a17b,1,36,20,0.5556,6,0.3000,5,33,0.1515,2,0.4000,,
exp0_m4_g5_1775352851915,0,nim,https://integrate.api.nvidia.com/v1,2026-03-26,p1939995863,2,46108709,,winner,qwen/qwen3.5-397b-a17b;mistralai/mistral-small-4-119b-2603;minimaxai/minimax-m2.5;moonshotai/kimi-k2.5,player_0,qwen/qwen3.5-397b-a17b,1,13,4,0.3077,2,0.5000,6,39,0.1538,3,0.5000,,
exp0_m4_g5_1775352851915,0,nim,https://integrate.api.nvidia.com/v1,2026-03-26,p1939995863,2,46108709,,winner,qwen/qwen3.5-397b-a17b;mistralai/mistral-small-4-119b-2603;minimaxai/minimax-m2.5;moonshotai/kimi-k2.5,player_1,mistralai/mistral-small-4-119b-2603,0,13,4,0.3077,2,0.5000,21,34,0.6176,6,0.2857,,
exp0_m4_g5_1775352851915,0,nim,https://integrate.api.nvidia.com/v1,2026-03-26,p1939995863,2,46108709,,winner,qwen/qwen3.5-397b-a17b;mistralai/mistral-small-4-119b-2603;minimaxai/minimax-m2.5;moonshotai/kimi-k2.5,player_2,minimaxai/minimax-m2.5,0,13,3,0.2308,0,0.0000,4,22,0.1818,3,0.7500,,
exp0_m4_g5_1775352851915,0,nim,https://integrate.api.nvidia.com/v1,2026-03-26,p1939995863,2,46108709,,winner,qwen/qwen3.5-397b-a17b;mistralai/mistral-small-4-119b-2603;minimaxai/minimax-m2.5;moonshotai/kimi-k2.5,player_3,moonshotai/kimi-k2.5,0,13,7,0.5385,2,0.2857,0,17,0.0000,0,0.0000,,
exp0_m4_g6_1775355587454,0,nim,https://integrate.api.nvidia.com/v1,2026-03-26,p1939995863,2,46108710,,winner,qwen/qwen3.5-397b-a17b;moonshotai/kimi-k2.5;mistralai/mistral-small-4-119b-2603;minimaxai/minimax-m2.5,player_0,qwen/qwen3.5-397b-a17b,1,11,5,0.4545,2,0.4000,3,31,0.0968,2,0.6667,,
exp0_m4_g6_1775355587454,0,nim,https://integrate.api.nvidia.com/v1,2026-03-26,p1939995863,2,46108710,,winner,qwen/qwen3.5-397b-a17b;moonshotai/kimi-k2.5;mistralai/mistral-small-4-119b-2603;minimaxai/minimax-m2.5,player_1,moonshotai/kimi-k2.5,0,10,5,0.5000,0,0.0000,2,29,0.0690,1,0.5000,,
exp0_m4_g6_1775355587454,0,nim,https://integrate.api.nvidia.com/v1,2026-03-26,p1939995863,2,46108710,,winner,qwen/qwen3.5-397b-a17b;moonshotai/kimi-k2.5;mistralai/mistral-small-4-119b-2603;minimaxai/minimax-m2.5,player_2,mistralai/mistral-small-4-119b-2603,0,10,3,0.3000,1,0.3333,21,29,0.7241,9,0.4286,,
exp0_m4_g6_1775355587454,0,nim,https://integrate.api.nvidia.com/v1,2026-03-26,p1939995863,2,46108710,,winner,qwen/qwen3.5-397b-a17b;moonshotai/kimi-k2.5;mistralai/mistral-small-4-119b-2603;minimaxai/minimax-m2.5,player_3,minimaxai/minimax-m2.5,0,11,4,0.3636,1,0.2500,3,14,0.2143,1,0.3333,,
exp0_m4_g7_1775360524050,0,nim,https://integrate.api.nvidia.com/v1,2026-03-26,p1939995863,2,46108711,,winner,qwen/qwen3.5-397b-a17b;moonshotai/kimi-k2.5;minimaxai/minimax-m2.5;mistralai/mistral-small-4-119b-2603,player_0,qwen/qwen3.5-397b-a17b,0,12,2,0.1667,0,0.0000,5,37,0.1351,3,0.6000,,
exp0_m4_g7_1775360524050,0,nim,https://integrate.api.nvidia.com/v1,2026-03-26,p1939995863,2,46108711,,winner,qwen/qwen3.5-397b-a17b;moonshotai/kimi-k2.5;minimaxai/minimax-m2.5;mistralai/mistral-small-4-119b-2603,player_1,moonshotai/kimi-k2.5,1,13,7,0.5385,3,0.4286,0,32,0.0000,0,0.0000,,
exp0_m4_g7_1775360524050,0,nim,https://integrate.api.nvidia.com/v1,2026-03-26,p1939995863,2,46108711,,winner,qwen/qwen3.5-397b-a17b;moonshotai/kimi-k2.5;minimaxai/minimax-m2.5;mistralai/mistral-small-4-119b-2603,player_2,minimaxai/minimax-m2.5,0,12,6,0.5000,4,0.6667,6,34,0.1765,1,0.1667,,
exp0_m4_g7_1775360524050,0,nim,https://integrate.api.nvidia.com/v1,2026-03-26,p1939995863,2,46108711,,winner,qwen/qwen3.5-397b-a17b;moonshotai/kimi-k2.5;minimaxai/minimax-m2.5;mistralai/mistral-small-4-119b-2603,player_3,mistralai/mistral-small-4-119b-2603,0,12,2,0.1667,1,0.5000,17,30,0.5667,5,0.2941,,
exp0_m4_g8_1775364502476,0,nim,https://integrate.api.nvidia.com/v1,2026-03-26,p1939995863,2,46108712,,winner,minimaxai/minimax-m2.5;mistralai/mistral-small-4-119b-2603;qwen/qwen3.5-397b-a17b;moonshotai/kimi-k2.5,player_0,minimaxai/minimax-m2.5,0,28,6,0.2143,0,0.0000,37,86,0.4302,16,0.4324,,
exp0_m4_g8_1775364502476,0,nim,https://integrate.api.nvidia.com/v1,2026-03-26,p1939995863,2,46108712,,winner,minimaxai/minimax-m2.5;mistralai/mistral-small-4-119b-2603;qwen/qwen3.5-397b-a17b;moonshotai/kimi-k2.5,player_1,mistralai/mistral-small-4-119b-2603,0,29,4,0.1379,3,0.7500,42,60,0.7000,14,0.3333,,
exp0_m4_g8_1775364502476,0,nim,https://integrate.api.nvidia.com/v1,2026-03-26,p1939995863,2,46108712,,winner,minimaxai/minimax-m2.5;mistralai/mistral-small-4-119b-2603;qwen/qwen3.5-397b-a17b;moonshotai/kimi-k2.5,player_2,qwen/qwen3.5-397b-a17b,1,29,12,0.4138,3,0.2500,4,29,0.1379,0,0.0000,,
exp0_m4_g8_1775364502476,0,nim,https://integrate.api.nvidia.com/v1,2026-03-26,p1939995863,2,46108712,,winner,minimaxai/minimax-m2.5;mistralai/mistral-small-4-119b-2603;qwen/qwen3.5-397b-a17b;moonshotai/kimi-k2.5,player_3,moonshotai/kimi-k2.5,0,28,16,0.5714,1,0.0625,1,27,0.0370,1,1.0000,,
exp0_m4_g9_1775371701351,0,nim,https://integrate.api.nvidia.com/v1,2026-03-26,p1939995863,2,46108713,,winner,mistralai/mistral-small-4-119b-2603;moonshotai/kimi-k2.5;qwen/qwen3.5-397b-a17b;minimaxai/minimax-m2.5,player_0,mistralai/mistral-small-4-119b-2603,0,22,2,0.0909,2,1.0000,42,66,0.6364,21,0.5000,,
exp0_m4_g9_1775371701351,0,nim,https://integrate.api.nvidia.com/v1,2026-03-26,p1939995863,2,46108713,,winner,mistralai/mistral-small-4-119b-2603;moonshotai/kimi-k2.5;qwen/qwen3.5-397b-a17b;minimaxai/minimax-m2.5,player_1,moonshotai/kimi-k2.5,1,22,10,0.4545,2,0.2000,2,42,0.0476,1,0.5000,,
exp0_m4_g9_1775371701351,0,nim,https://integrate.api.nvidia.com/v1,2026-03-26,p1939995863,2,46108713,,winner,mistralai/mistral-small-4-119b-2603;moonshotai/kimi-k2.5;qwen/qwen3.5-397b-a17b;minimaxai/minimax-m2.5,player_2,qwen/qwen3.5-397b-a17b,0,22,12,0.5455,2,0.1667,6,35,0.1714,1,0.1667,,
exp0_m4_g9_1775371701351,0,nim,https://integrate.api.nvidia.com/v1,2026-03-26,p1939995863,2,46108713,,winner,mistralai/mistral-small-4-119b-2603;moonshotai/kimi-k2.5;qwen/qwen3.5-397b-a17b;minimaxai/minimax-m2.5,player_3,minimaxai/minimax-m2.5,0,22,10,0.4545,4,0.4000,10,30,0.3333,1,0.1000,,
exp0_m5_g0_1775059130612,0,nim,https://integrate.api.nvidia.com/v1,2026-03-26,p1939995863,2,46109665,,winner,moonshotai/kimi-k2.5;minimaxai/minimax-m2.5;qwen/qwen3.5-397b-a17b;z-ai/glm5,player_0,moonshotai/kimi-k2.5,0,8,1,0.1250,0,0.0000,6,26,0.2308,3,0.5000,,
exp0_m5_g0_1775059130612,0,nim,https://integrate.api.nvidia.com/v1,2026-03-26,p1939995863,2,46109665,,winner,moonshotai/kimi-k2.5;minimaxai/minimax-m2.5;qwen/qwen3.5-397b-a17b;z-ai/glm5,player_1,minimaxai/minimax-m2.5,0,9,1,0.1111,0,0.0000,4,20,0.2000,1,0.2500,,
exp0_m5_g0_1775059130612,0,nim,https://integrate.api.nvidia.com/v1,2026-03-26,p1939995863,2,46109665,,winner,moonshotai/kimi-k2.5;minimaxai/minimax-m2.5;qwen/qwen3.5-397b-a17b;z-ai/glm5,player_2,qwen/qwen3.5-397b-a17b,1,9,4,0.4444,4,1.0000,0,18,0.0000,0,0.0000,,
exp0_m5_g0_1775059130612,0,nim,https://integrate.api.nvidia.com/v1,2026-03-26,p1939995863,2,46109665,,winner,moonshotai/kimi-k2.5;minimaxai/minimax-m2.5;qwen/qwen3.5-397b-a17b;z-ai/glm5,player_3,z-ai/glm5,0,8,4,0.5000,2,0.5000,0,19,0.0000,0,0.0000,,
exp0_m5_g1_1775066503946,0,nim,https://integrate.api.nvidia.com/v1,2026-03-26,p1939995863,2,46109666,,winner,qwen/qwen3.5-397b-a17b;z-ai/glm5;moonshotai/kimi-k2.5;minimaxai/minimax-m2.5,player_0,qwen/qwen3.5-397b-a17b,0,48,19,0.3958,10,0.5263,22,146,0.1507,6,0.2727,,
exp0_m5_g1_1775066503946,0,nim,https://integrate.api.nvidia.com/v1,2026-03-26,p1939995863,2,46109666,,winner,qwen/qwen3.5-397b-a17b;z-ai/glm5;moonshotai/kimi-k2.5;minimaxai/minimax-m2.5,player_1,z-ai/glm5,0,49,17,0.3469,7,0.4118,15,129,0.1163,9,0.6000,,
exp0_m5_g1_1775066503946,0,nim,https://integrate.api.nvidia.com/v1,2026-03-26,p1939995863,2,46109666,,winner,qwen/qwen3.5-397b-a17b;z-ai/glm5;moonshotai/kimi-k2.5;minimaxai/minimax-m2.5,player_2,moonshotai/kimi-k2.5,1,49,26,0.5306,9,0.3462,4,122,0.0328,2,0.5000,,
exp0_m5_g1_1775066503946,0,nim,https://integrate.api.nvidia.com/v1,2026-03-26,p1939995863,2,46109666,,winner,qwen/qwen3.5-397b-a17b;z-ai/glm5;moonshotai/kimi-k2.5;minimaxai/minimax-m2.5,player_3,minimaxai/minimax-m2.5,0,48,8,0.1667,5,0.6250,37,119,0.3109,22,0.5946,,
exp0_m5_g2_1775091101186,0,nim,https://integrate.api.nvidia.com/v1,2026-03-26,p1939995863,2,46109667,,winner,minimaxai/minimax-m2.5;moonshotai/kimi-k2.5;qwen/qwen3.5-397b-a17b;z-ai/glm5,player_0,minimaxai/minimax-m2.5,0,27,5,0.1852,2,0.4000,36,80,0.4500,20,0.5556,,
exp0_m5_g2_1775091101186,0,nim,https://integrate.api.nvidia.com/v1,2026-03-26,p1939995863,2,46109667,,winner,minimaxai/minimax-m2.5;moonshotai/kimi-k2.5;qwen/qwen3.5-397b-a17b;z-ai/glm5,player_1,moonshotai/kimi-k2.5,0,27,8,0.2963,4,0.5000,5,56,0.0893,3,0.6000,,
exp0_m5_g2_1775091101186,0,nim,https://integrate.api.nvidia.com/v1,2026-03-26,p1939995863,2,46109667,,winner,minimaxai/minimax-m2.5;moonshotai/kimi-k2.5;qwen/qwen3.5-397b-a17b;z-ai/glm5,player_2,qwen/qwen3.5-397b-a17b,1,27,14,0.5185,6,0.4286,3,51,0.0588,2,0.6667,,
exp0_m5_g2_1775091101186,0,nim,https://integrate.api.nvidia.com/v1,2026-03-26,p1939995863,2,46109667,,winner,minimaxai/minimax-m2.5;moonshotai/kimi-k2.5;qwen/qwen3.5-397b-a17b;z-ai/glm5,player_3,z-ai/glm5,0,26,13,0.5000,1,0.0769,4,50,0.0800,2,0.5000,,
exp0_m5_g3_1775099077061,0,nim,https://integrate.api.nvidia.com/v1,2026-03-26,p1939995863,2,46109668,,winner,qwen/qwen3.5-397b-a17b;minimaxai/minimax-m2.5;moonshotai/kimi-k2.5;z-ai/glm5,player_0,qwen/qwen3.5-397b-a17b,0,24,7,0.2917,6,0.8571,13,74,0.1757,6,0.4615,,
exp0_m5_g3_1775099077061,0,nim,https://integrate.api.nvidia.com/v1,2026-03-26,p1939995863,2,46109668,,winner,qwen/qwen3.5-397b-a17b;minimaxai/minimax-m2.5;moonshotai/kimi-k2.5;z-ai/glm5,player_1,minimaxai/minimax-m2.5,0,24,4,0.1667,3,0.7500,20,64,0.3125,6,0.3000,,
exp0_m5_g3_1775099077061,0,nim,https://integrate.api.nvidia.com/v1,2026-03-26,p1939995863,2,46109668,,winner,qwen/qwen3.5-397b-a17b;minimaxai/minimax-m2.5;moonshotai/kimi-k2.5;z-ai/glm5,player_2,moonshotai/kimi-k2.5,0,25,12,0.4800,6,0.5000,2,49,0.0408,2,1.0000,,
exp0_m5_g3_1775099077061,0,nim,https://integrate.api.nvidia.com/v1,2026-03-26,p1939995863,2,46109668,,winner,qwen/qwen3.5-397b-a17b;minimaxai/minimax-m2.5;moonshotai/kimi-k2.5;z-ai/glm5,player_3,z-ai/glm5,1,25,8,0.3200,2,0.2500,0,52,0.0000,0,0.0000,,
exp0_m5_g4_1775155627896,0,nim,https://integrate.api.nvidia.com/v1,2026-03-26,p1939995863,2,46109669,,winner,z-ai/glm5;qwen/qwen3.5-397b-a17b;moonshotai/kimi-k2.5;minimaxai/minimax-m2.5,player_0,z-ai/glm5,0,15,3,0.2000,2,0.6667,5,43,0.1163,1,0.2000,,
exp0_m5_g4_1775155627896,0,nim,https://integrate.api.nvidia.com/v1,2026-03-26,p1939995863,2,46109669,,winner,z-ai/glm5;qwen/qwen3.5-397b-a17b;moonshotai/kimi-k2.5;minimaxai/minimax-m2.5,player_1,qwen/qwen3.5-397b-a17b,1,15,9,0.6000,5,0.5556,3,39,0.0769,2,0.6667,,
exp0_m5_g4_1775155627896,0,nim,https://integrate.api.nvidia.com/v1,2026-03-26,p1939995863,2,46109669,,winner,z-ai/glm5;qwen/qwen3.5-397b-a17b;moonshotai/kimi-k2.5;minimaxai/minimax-m2.5,player_2,moonshotai/kimi-k2.5,0,14,5,0.3571,1,0.2000,1,38,0.0263,1,1.0000,,
exp0_m5_g4_1775155627896,0,nim,https://integrate.api.nvidia.com/v1,2026-03-26,p1939995863,2,46109669,,winner,z-ai/glm5;qwen/qwen3.5-397b-a17b;moonshotai/kimi-k2.5;minimaxai/minimax-m2.5,player_3,minimaxai/minimax-m2.5,0,14,2,0.1429,1,0.5000,12,40,0.3000,6,0.5000,,
exp0_m5_g5_1775161217602,0,nim,https://integrate.api.nvidia.com/v1,2026-03-26,p1939995863,2,46109670,,winner,minimaxai/minimax-m2.5;qwen/qwen3.5-397b-a17b;moonshotai/kimi-k2.5;z-ai/glm5,player_0,minimaxai/minimax-m2.5,0,7,4,0.5714,3,0.7500,4,22,0.1818,1,0.2500,,
exp0_m5_g5_1775161217602,0,nim,https://integrate.api.nvidia.com/v1,2026-03-26,p1939995863,2,46109670,,winner,minimaxai/minimax-m2.5;qwen/qwen3.5-397b-a17b;moonshotai/kimi-k2.5;z-ai/glm5,player_1,qwen/qwen3.5-397b-a17b,0,7,1,0.1429,0,0.0000,3,20,0.1500,2,0.6667,,
exp0_m5_g5_1775161217602,0,nim,https://integrate.api.nvidia.com/v1,2026-03-26,p1939995863,2,46109670,,winner,minimaxai/minimax-m2.5;qwen/qwen3.5-397b-a17b;moonshotai/kimi-k2.5;z-ai/glm5,player_2,moonshotai/kimi-k2.5,1,8,2,0.2500,2,1.0000,0,16,0.0000,0,0.0000,,
exp0_m5_g5_1775161217602,0,nim,https://integrate.api.nvidia.com/v1,2026-03-26,p1939995863,2,46109670,,winner,minimaxai/minimax-m2.5;qwen/qwen3.5-397b-a17b;moonshotai/kimi-k2.5;z-ai/glm5,player_3,z-ai/glm5,0,7,3,0.4286,2,0.6667,0,16,0.0000,0,0.0000,,
exp0_m5_g6_1775163700978,0,nim,https://integrate.api.nvidia.com/v1,2026-03-26,p1939995863,2,46109671,,winner,qwen/qwen3.5-397b-a17b;z-ai/glm5;moonshotai/kimi-k2.5;minimaxai/minimax-m2.5,player_0,qwen/qwen3.5-397b-a17b,0,36,9,0.2500,4,0.4444,23,109,0.2110,13,0.5652,,
exp0_m5_g6_1775163700978,0,nim,https://integrate.api.nvidia.com/v1,2026-03-26,p1939995863,2,46109671,,winner,qwen/qwen3.5-397b-a17b;z-ai/glm5;moonshotai/kimi-k2.5;minimaxai/minimax-m2.5,player_1,z-ai/glm5,1,37,20,0.5405,8,0.4000,9,93,0.0968,3,0.3333,,
exp0_m5_g6_1775163700978,0,nim,https://integrate.api.nvidia.com/v1,2026-03-26,p1939995863,2,46109671,,winner,qwen/qwen3.5-397b-a17b;z-ai/glm5;moonshotai/kimi-k2.5;minimaxai/minimax-m2.5,player_2,moonshotai/kimi-k2.5,0,36,13,0.3611,0,0.0000,4,88,0.0455,3,0.7500,,
exp0_m5_g6_1775163700978,0,nim,https://integrate.api.nvidia.com/v1,2026-03-26,p1939995863,2,46109671,,winner,qwen/qwen3.5-397b-a17b;z-ai/glm5;moonshotai/kimi-k2.5;minimaxai/minimax-m2.5,player_3,minimaxai/minimax-m2.5,0,36,6,0.1667,4,0.6667,31,83,0.3735,13,0.4194,,
exp0_m5_g7_1775177492902,0,nim,https://integrate.api.nvidia.com/v1,2026-03-26,p1939995863,2,46109672,,winner,qwen/qwen3.5-397b-a17b;minimaxai/minimax-m2.5;moonshotai/kimi-k2.5;z-ai/glm5,player_0,qwen/qwen3.5-397b-a17b,0,34,12,0.3529,7,0.5833,28,104,0.2692,15,0.5357,,
exp0_m5_g7_1775177492902,0,nim,https://integrate.api.nvidia.com/v1,2026-03-26,p1939995863,2,46109672,,winner,qwen/qwen3.5-397b-a17b;minimaxai/minimax-m2.5;moonshotai/kimi-k2.5;z-ai/glm5,player_1,minimaxai/minimax-m2.5,0,34,9,0.2647,2,0.2222,22,83,0.2651,6,0.2727,,
exp0_m5_g7_1775177492902,0,nim,https://integrate.api.nvidia.com/v1,2026-03-26,p1939995863,2,46109672,,winner,qwen/qwen3.5-397b-a17b;minimaxai/minimax-m2.5;moonshotai/kimi-k2.5;z-ai/glm5,player_2,moonshotai/kimi-k2.5,0,35,12,0.3429,2,0.1667,4,70,0.0571,3,0.7500,,
exp0_m5_g7_1775177492902,0,nim,https://integrate.api.nvidia.com/v1,2026-03-26,p1939995863,2,46109672,,winner,qwen/qwen3.5-397b-a17b;minimaxai/minimax-m2.5;moonshotai/kimi-k2.5;z-ai/glm5,player_3,z-ai/glm5,1,35,13,0.3714,6,0.4615,7,66,0.1061,5,0.7143,,
exp0_m5_g8_1775192225385,0,nim,https://integrate.api.nvidia.com/v1,2026-03-26,p1939995863,2,46109673,,winner,minimaxai/minimax-m2.5;qwen/qwen3.5-397b-a17b;moonshotai/kimi-k2.5;z-ai/glm5,player_0,minimaxai/minimax-m2.5,0,39,6,0.1538,3,0.5000,46,119,0.3866,28,0.6087,,
exp0_m5_g8_1775192225385,0,nim,https://integrate.api.nvidia.com/v1,2026-03-26,p1939995863,2,46109673,,winner,minimaxai/minimax-m2.5;qwen/qwen3.5-397b-a17b;moonshotai/kimi-k2.5;z-ai/glm5,player_1,qwen/qwen3.5-397b-a17b,0,40,15,0.3750,7,0.4667,13,84,0.1548,3,0.2308,,
exp0_m5_g8_1775192225385,0,nim,https://integrate.api.nvidia.com/v1,2026-03-26,p1939995863,2,46109673,,winner,minimaxai/minimax-m2.5;qwen/qwen3.5-397b-a17b;moonshotai/kimi-k2.5;z-ai/glm5,player_2,moonshotai/kimi-k2.5,1,40,20,0.5000,9,0.4500,4,78,0.0513,2,0.5000,,
exp0_m5_g8_1775192225385,0,nim,https://integrate.api.nvidia.com/v1,2026-03-26,p1939995863,2,46109673,,winner,minimaxai/minimax-m2.5;qwen/qwen3.5-397b-a17b;moonshotai/kimi-k2.5;z-ai/glm5,player_3,z-ai/glm5,0,39,20,0.5128,7,0.3500,5,75,0.0667,2,0.4000,,
exp0_m5_g9_1775209933727,0,nim,https://integrate.api.nvidia.com/v1,2026-03-26,p1939995863,2,46109674,,winner,z-ai/glm5;moonshotai/kimi-k2.5;minimaxai/minimax-m2.5;qwen/qwen3.5-397b-a17b,player_0,z-ai/glm5,1,11,4,0.3636,2,0.5000,1,32,0.0313,1,1.0000,,
exp0_m5_g9_1775209933727,0,nim,https://integrate.api.nvidia.com/v1,2026-03-26,p1939995863,2,46109674,,winner,z-ai/glm5;moonshotai/kimi-k2.5;minimaxai/minimax-m2.5;qwen/qwen3.5-397b-a17b,player_1,moonshotai/kimi-k2.5,0,10,3,0.3000,1,0.3333,1,33,0.0303,1,1.0000,,
exp0_m5_g9_1775209933727,0,nim,https://integrate.api.nvidia.com/v1,2026-03-26,p1939995863,2,46109674,,winner,z-ai/glm5;moonshotai/kimi-k2.5;minimaxai/minimax-m2.5;qwen/qwen3.5-397b-a17b,player_2,minimaxai/minimax-m2.5,0,11,3,0.2727,0,0.0000,9,31,0.2903,5,0.5556,,
exp0_m5_g9_1775209933727,0,nim,https://integrate.api.nvidia.com/v1,2026-03-26,p1939995863,2,46109674,,winner,z-ai/glm5;moonshotai/kimi-k2.5;minimaxai/minimax-m2.5;qwen/qwen3.5-397b-a17b,player_3,qwen/qwen3.5-397b-a17b,0,11,3,0.2727,1,0.3333,6,24,0.2500,2,0.3333,,
exp0_m6_g0_1775216044175,0,nim,https://integrate.api.nvidia.com/v1,2026-03-26,p1939995863,2,46110626,,winner,qwen/qwen3.5-397b-a17b;nvidia/nemotron-3-super-120b-a12b;z-ai/glm5;mistralai/mistral-small-4-119b-2603,player_0,qwen/qwen3.5-397b-a17b,0,20,6,0.3000,3,0.5000,12,60,0.2000,7,0.5833,,
exp0_m6_g0_1775216044175,0,nim,https://integrate.api.nvidia.com/v1,2026-03-26,p1939995863,2,46110626,,winner,qwen/qwen3.5-397b-a17b;nvidia/nemotron-3-super-120b-a12b;z-ai/glm5;mistralai/mistral-small-4-119b-2603,player_1,nvidia/nemotron-3-super-120b-a12b,1,20,11,0.5500,5,0.4545,4,52,0.0769,3,0.7500,,
exp0_m6_g0_1775216044175,0,nim,https://integrate.api.nvidia.com/v1,2026-03-26,p1939995863,2,46110626,,winner,qwen/qwen3.5-397b-a17b;nvidia/nemotron-3-super-120b-a12b;z-ai/glm5;mistralai/mistral-small-4-119b-2603,player_2,z-ai/glm5,0,20,10,0.5000,2,0.2000,6,50,0.1200,3,0.5000,,
exp0_m6_g0_1775216044175,0,nim,https://integrate.api.nvidia.com/v1,2026-03-26,p1939995863,2,46110626,,winner,qwen/qwen3.5-397b-a17b;nvidia/nemotron-3-super-120b-a12b;z-ai/glm5;mistralai/mistral-small-4-119b-2603,player_3,mistralai/mistral-small-4-119b-2603,0,20,1,0.0500,1,1.0000,24,43,0.5581,4,0.1667,,
exp0_m6_g1_1775221647018,0,nim,https://integrate.api.nvidia.com/v1,2026-03-26,p1939995863,2,46110627,,winner,mistralai/mistral-small-4-119b-2603;z-ai/glm5;qwen/qwen3.5-397b-a17b;nvidia/nemotron-3-super-120b-a12b,player_0,mistralai/mistral-small-4-119b-2603,0,13,1,0.0769,1,1.0000,26,40,0.6500,9,0.3462,,
exp0_m6_g1_1775221647018,0,nim,https://integrate.api.nvidia.com/v1,2026-03-26,p1939995863,2,46110627,,winner,mistralai/mistral-small-4-119b-2603;z-ai/glm5;qwen/qwen3.5-397b-a17b;nvidia/nemotron-3-super-120b-a12b,player_1,z-ai/glm5,0,13,4,0.3077,1,0.2500,3,25,0.1200,2,0.6667,,
exp0_m6_g1_1775221647018,0,nim,https://integrate.api.nvidia.com/v1,2026-03-26,p1939995863,2,46110627,,winner,mistralai/mistral-small-4-119b-2603;z-ai/glm5;qwen/qwen3.5-397b-a17b;nvidia/nemotron-3-super-120b-a12b,player_2,qwen/qwen3.5-397b-a17b,0,13,6,0.4615,2,0.3333,3,19,0.1579,1,0.3333,,
exp0_m6_g1_1775221647018,0,nim,https://integrate.api.nvidia.com/v1,2026-03-26,p1939995863,2,46110627,,winner,mistralai/mistral-small-4-119b-2603;z-ai/glm5;qwen/qwen3.5-397b-a17b;nvidia/nemotron-3-super-120b-a12b,player_3,nvidia/nemotron-3-super-120b-a12b,1,14,7,0.5000,2,0.2857,0,17,0.0000,0,0.0000,,
exp0_m6_g2_1775224092567,0,nim,https://integrate.api.nvidia.com/v1,2026-03-26,p1939995863,2,46110628,,winner,z-ai/glm5;mistralai/mistral-small-4-119b-2603;qwen/qwen3.5-397b-a17b;nvidia/nemotron-3-super-120b-a12b,player_0,z-ai/glm5,1,12,7,0.5833,5,0.7143,4,36,0.1111,2,0.5000,,
exp0_m6_g2_1775224092567,0,nim,https://integrate.api.nvidia.com/v1,2026-03-26,p1939995863,2,46110628,,winner,z-ai/glm5;mistralai/mistral-small-4-119b-2603;qwen/qwen3.5-397b-a17b;nvidia/nemotron-3-super-120b-a12b,player_1,mistralai/mistral-small-4-119b-2603,0,12,1,0.0833,1,1.0000,18,32,0.5625,5,0.2778,,
exp0_m6_g2_1775224092567,0,nim,https://integrate.api.nvidia.com/v1,2026-03-26,p1939995863,2,46110628,,winner,z-ai/glm5;mistralai/mistral-small-4-119b-2603;qwen/qwen3.5-397b-a17b;nvidia/nemotron-3-super-120b-a12b,player_2,qwen/qwen3.5-397b-a17b,0,12,3,0.2500,1,0.3333,2,24,0.0833,0,0.0000,,
exp0_m6_g2_1775224092567,0,nim,https://integrate.api.nvidia.com/v1,2026-03-26,p1939995863,2,46110628,,winner,z-ai/glm5;mistralai/mistral-small-4-119b-2603;qwen/qwen3.5-397b-a17b;nvidia/nemotron-3-super-120b-a12b,player_3,nvidia/nemotron-3-super-120b-a12b,0,12,4,0.3333,1,0.2500,0,20,0.0000,0,0.0000,,
exp0_m6_g3_1775226738560,0,nim,https://integrate.api.nvidia.com/v1,2026-03-26,p1939995863,2,46110629,,winner,nvidia/nemotron-3-super-120b-a12b;z-ai/glm5;mistralai/mistral-small-4-119b-2603;qwen/qwen3.5-397b-a17b,player_0,nvidia/nemotron-3-super-120b-a12b,0,15,5,0.3333,1,0.2000,2,47,0.0426,1,0.5000,,
exp0_m6_g3_1775226738560,0,nim,https://integrate.api.nvidia.com/v1,2026-03-26,p1939995863,2,46110629,,winner,nvidia/nemotron-3-super-120b-a12b;z-ai/glm5;mistralai/mistral-small-4-119b-2603;qwen/qwen3.5-397b-a17b,player_1,z-ai/glm5,0,15,5,0.3333,1,0.2000,5,45,0.1111,4,0.8000,,
exp0_m6_g3_1775226738560,0,nim,https://integrate.api.nvidia.com/v1,2026-03-26,p1939995863,2,46110629,,winner,nvidia/nemotron-3-super-120b-a12b;z-ai/glm5;mistralai/mistral-small-4-119b-2603;qwen/qwen3.5-397b-a17b,player_2,mistralai/mistral-small-4-119b-2603,0,16,2,0.1250,1,0.5000,25,40,0.6250,5,0.2000,,
exp0_m6_g3_1775226738560,0,nim,https://integrate.api.nvidia.com/v1,2026-03-26,p1939995863,2,46110629,,winner,nvidia/nemotron-3-super-120b-a12b;z-ai/glm5;mistralai/mistral-small-4-119b-2603;qwen/qwen3.5-397b-a17b,player_3,qwen/qwen3.5-397b-a17b,1,16,7,0.4375,4,0.5714,2,25,0.0800,2,1.0000,,
exp0_m6_g4_1775231751263,0,nim,https://integrate.api.nvidia.com/v1,2026-03-26,p1939995863,2,46110630,,winner,nvidia/nemotron-3-super-120b-a12b;qwen/qwen3.5-397b-a17b;z-ai/glm5;mistralai/mistral-small-4-119b-2603,player_0,nvidia/nemotron-3-super-120b-a12b,0,13,2,0.1538,0,0.0000,1,38,0.0263,0,0.0000,,
exp0_m6_g4_1775231751263,0,nim,https://integrate.api.nvidia.com/v1,2026-03-26,p1939995863,2,46110630,,winner,nvidia/nemotron-3-super-120b-a12b;qwen/qwen3.5-397b-a17b;z-ai/glm5;mistralai/mistral-small-4-119b-2603,player_1,qwen/qwen3.5-397b-a17b,0,13,6,0.4615,2,0.3333,4,37,0.1081,1,0.2500,,
exp0_m6_g4_1775231751263,0,nim,https://integrate.api.nvidia.com/v1,2026-03-26,p1939995863,2,46110630,,winner,nvidia/nemotron-3-super-120b-a12b;qwen/qwen3.5-397b-a17b;z-ai/glm5;mistralai/mistral-small-4-119b-2603,player_2,z-ai/glm5,1,13,4,0.3077,2,0.5000,2,37,0.0541,2,1.0000,,
exp0_m6_g4_1775231751263,0,nim,https://integrate.api.nvidia.com/v1,2026-03-26,p1939995863,2,46110630,,winner,nvidia/nemotron-3-super-120b-a12b;qwen/qwen3.5-397b-a17b;z-ai/glm5;mistralai/mistral-small-4-119b-2603,player_3,mistralai/mistral-small-4-119b-2603,0,12,1,0.0833,1,1.0000,18,33,0.5455,5,0.2778,,
exp0_m6_g5_1775235460182,0,nim,https://integrate.api.nvidia.com/v1,2026-03-26,p1939995863,2,46110631,,winner,mistralai/mistral-small-4-119b-2603;nvidia/nemotron-3-super-120b-a12b;qwen/qwen3.5-397b-a17b;z-ai/glm5,player_0,mistralai/mistral-small-4-119b-2603,0,12,0,0.0000,0,0.0000,20,36,0.5556,6,0.3000,,
exp0_m6_g5_1775235460182,0,nim,https://integrate.api.nvidia.com/v1,2026-03-26,p1939995863,2,46110631,,winner,mistralai/mistral-small-4-119b-2603;nvidia/nemotron-3-super-120b-a12b;qwen/qwen3.5-397b-a17b;z-ai/glm5,player_1,nvidia/nemotron-3-super-120b-a12b,0,12,2,0.1667,0,0.0000,1,22,0.0455,1,1.0000,,
exp0_m6_g5_1775235460182,0,nim,https://integrate.api.nvidia.com/v1,2026-03-26,p1939995863,2,46110631,,winner,mistralai/mistral-small-4-119b-2603;nvidia/nemotron-3-super-120b-a12b;qwen/qwen3.5-397b-a17b;z-ai/glm5,player_2,qwen/qwen3.5-397b-a17b,0,12,5,0.4167,2,0.4000,2,23,0.0870,0,0.0000,,
exp0_m6_g5_1775235460182,0,nim,https://integrate.api.nvidia.com/v1,2026-03-26,p1939995863,2,46110631,,winner,mistralai/mistral-small-4-119b-2603;nvidia/nemotron-3-super-120b-a12b;qwen/qwen3.5-397b-a17b;z-ai/glm5,player_3,z-ai/glm5,1,12,4,0.3333,1,0.2500,1,20,0.0500,1,1.0000,,
exp0_m6_g6_1775237426780,0,nim,https://integrate.api.nvidia.com/v1,2026-03-26,p1939995863,2,46110632,,winner,nvidia/nemotron-3-super-120b-a12b;z-ai/glm5;qwen/qwen3.5-397b-a17b;mistralai/mistral-small-4-119b-2603,player_0,nvidia/nemotron-3-super-120b-a12b,0,21,11,0.5238,2,0.1818,1,64,0.0156,1,1.0000,,
exp0_m6_g6_1775237426780,0,nim,https://integrate.api.nvidia.com/v1,2026-03-26,p1939995863,2,46110632,,winner,nvidia/nemotron-3-super-120b-a12b;z-ai/glm5;qwen/qwen3.5-397b-a17b;mistralai/mistral-small-4-119b-2603,player_1,z-ai/glm5,1,22,14,0.6364,4,0.2857,6,63,0.0952,4,0.6667,,
exp0_m6_g6_1775237426780,0,nim,https://integrate.api.nvidia.com/v1,2026-03-26,p1939995863,2,46110632,,winner,nvidia/nemotron-3-super-120b-a12b;z-ai/glm5;qwen/qwen3.5-397b-a17b;mistralai/mistral-small-4-119b-2603,player_2,qwen/qwen3.5-397b-a17b,0,21,9,0.4286,2,0.2222,12,59,0.2034,6,0.5000,,
exp0_m6_g6_1775237426780,0,nim,https://integrate.api.nvidia.com/v1,2026-03-26,p1939995863,2,46110632,,winner,nvidia/nemotron-3-super-120b-a12b;z-ai/glm5;qwen/qwen3.5-397b-a17b;mistralai/mistral-small-4-119b-2603,player_3,mistralai/mistral-small-4-119b-2603,0,21,4,0.1905,2,0.5000,36,51,0.7059,17,0.4722,,
exp0_m6_g7_1775242137975,0,nim,https://integrate.api.nvidia.com/v1,2026-03-26,p1939995863,2,46110633,,winner,nvidia/nemotron-3-super-120b-a12b;z-ai/glm5;qwen/qwen3.5-397b-a17b;mistralai/mistral-small-4-119b-2603,player_0,nvidia/nemotron-3-super-120b-a12b,0,15,5,0.3333,2,0.4000,0,45,0.0000,0,0.0000,,
exp0_m6_g7_1775242137975,0,nim,https://integrate.api.nvidia.com/v1,2026-03-26,p1939995863,2,46110633,,winner,nvidia/nemotron-3-super-120b-a12b;z-ai/glm5;qwen/qwen3.5-397b-a17b;mistralai/mistral-small-4-119b-2603,player_1,z-ai/glm5,0,15,5,0.3333,2,0.4000,2,45,0.0444,1,0.5000,,
exp0_m6_g7_1775242137975,0,nim,https://integrate.api.nvidia.com/v1,2026-03-26,p1939995863,2,46110633,,winner,nvidia/nemotron-3-super-120b-a12b;z-ai/glm5;qwen/qwen3.5-397b-a17b;mistralai/mistral-small-4-119b-2603,player_2,qwen/qwen3.5-397b-a17b,1,15,3,0.2000,2,0.6667,5,44,0.1136,3,0.6000,,
exp0_m6_g7_1775242137975,0,nim,https://integrate.api.nvidia.com/v1,2026-03-26,p1939995863,2,46110633,,winner,nvidia/nemotron-3-super-120b-a12b;z-ai/glm5;qwen/qwen3.5-397b-a17b;mistralai/mistral-small-4-119b-2603,player_3,mistralai/mistral-small-4-119b-2603,0,15,2,0.1333,2,1.0000,19,39,0.4872,3,0.1579,,
exp0_m6_g8_1775245431434,0,nim,https://integrate.api.nvidia.com/v1,2026-03-26,p1939995863,2,46110634,,winner,mistralai/mistral-small-4-119b-2603;z-ai/glm5;qwen/qwen3.5-397b-a17b;nvidia/nemotron-3-super-120b-a12b,player_0,mistralai/mistral-small-4-119b-2603,0,28,2,0.0714,2,1.0000,52,86,0.6047,27,0.5192,,
exp0_m6_g8_1775245431434,0,nim,https://integrate.api.nvidia.com/v1,2026-03-26,p1939995863,2,46110634,,winner,mistralai/mistral-small-4-119b-2603;z-ai/glm5;qwen/qwen3.5-397b-a17b;nvidia/nemotron-3-super-120b-a12b,player_1,z-ai/glm5,0,28,11,0.3929,5,0.4545,4,51,0.0784,2,0.5000,,
exp0_m6_g8_1775245431434,0,nim,https://integrate.api.nvidia.com/v1,2026-03-26,p1939995863,2,46110634,,winner,mistralai/mistral-small-4-119b-2603;z-ai/glm5;qwen/qwen3.5-397b-a17b;nvidia/nemotron-3-super-120b-a12b,player_2,qwen/qwen3.5-397b-a17b,0,29,18,0.6207,8,0.4444,8,48,0.1667,3,0.3750,,
exp0_m6_g8_1775245431434,0,nim,https://integrate.api.nvidia.com/v1,2026-03-26,p1939995863,2,46110634,,winner,mistralai/mistral-small-4-119b-2603;z-ai/glm5;qwen/qwen3.5-397b-a17b;nvidia/nemotron-3-super-120b-a12b,player_3,nvidia/nemotron-3-super-120b-a12b,1,29,20,0.6897,4,0.2000,1,42,0.0238,0,0.0000,,
exp0_m6_g9_1775249284004,0,nim,https://integrate.api.nvidia.com/v1,2026-03-26,p1939995863,2,46110635,,winner,nvidia/nemotron-3-super-120b-a12b;mistralai/mistral-small-4-119b-2603;qwen/qwen3.5-397b-a17b;z-ai/glm5,player_0,nvidia/nemotron-3-super-120b-a12b,0,10,5,0.5000,4,0.8000,3,31,0.0968,1,0.3333,,
exp0_m6_g9_1775249284004,0,nim,https://integrate.api.nvidia.com/v1,2026-03-26,p1939995863,2,46110635,,winner,nvidia/nemotron-3-super-120b-a12b;mistralai/mistral-small-4-119b-2603;qwen/qwen3.5-397b-a17b;z-ai/glm5,player_1,mistralai/mistral-small-4-119b-2603,0,10,2,0.2000,1,0.5000,13,29,0.4483,3,0.2308,,
exp0_m6_g9_1775249284004,0,nim,https://integrate.api.nvidia.com/v1,2026-03-26,p1939995863,2,46110635,,winner,nvidia/nemotron-3-super-120b-a12b;mistralai/mistral-small-4-119b-2603;qwen/qwen3.5-397b-a17b;z-ai/glm5,player_2,qwen/qwen3.5-397b-a17b,0,10,1,0.1000,0,0.0000,1,22,0.0455,1,1.0000,,
exp0_m6_g9_1775249284004,0,nim,https://integrate.api.nvidia.com/v1,2026-03-26,p1939995863,2,46110635,,winner,nvidia/nemotron-3-super-120b-a12b;mistralai/mistral-small-4-119b-2603;qwen/qwen3.5-397b-a17b;z-ai/glm5,player_3,z-ai/glm5,1,11,4,0.3636,2,0.5000,1,18,0.0556,0,0.0000,,
exp0_m7_g0_1775251371007,0,nim,https://integrate.api.nvidia.com/v1,2026-03-26,p1939995863,2,46111587,,winner,mistralai/mistral-small-4-119b-2603;moonshotai/kimi-k2.5;qwen/qwen3.5-397b-a17b;nvidia/nemotron-3-super-120b-a12b,player_0,mistralai/mistral-small-4-119b-2603,0,17,3,0.1765,1,0.3333,36,50,0.7200,15,0.4167,,
exp0_m7_g0_1775251371007,0,nim,https://integrate.api.nvidia.com/v1,2026-03-26,p1939995863,2,46111587,,winner,mistralai/mistral-small-4-119b-2603;moonshotai/kimi-k2.5;qwen/qwen3.5-397b-a17b;nvidia/nemotron-3-super-120b-a12b,player_1,moonshotai/kimi-k2.5,0,17,8,0.4706,3,0.3750,2,27,0.0741,1,0.5000,,
exp0_m7_g0_1775251371007,0,nim,https://integrate.api.nvidia.com/v1,2026-03-26,p1939995863,2,46111587,,winner,mistralai/mistral-small-4-119b-2603;moonshotai/kimi-k2.5;qwen/qwen3.5-397b-a17b;nvidia/nemotron-3-super-120b-a12b,player_2,qwen/qwen3.5-397b-a17b,1,17,5,0.2941,1,0.2000,3,23,0.1304,2,0.6667,,
exp0_m7_g0_1775251371007,0,nim,https://integrate.api.nvidia.com/v1,2026-03-26,p1939995863,2,46111587,,winner,mistralai/mistral-small-4-119b-2603;moonshotai/kimi-k2.5;qwen/qwen3.5-397b-a17b;nvidia/nemotron-3-super-120b-a12b,player_3,nvidia/nemotron-3-super-120b-a12b,0,16,7,0.4375,0,0.0000,1,23,0.0435,0,0.0000,,
exp0_m7_g1_1775255637339,0,nim,https://integrate.api.nvidia.com/v1,2026-03-26,p1939995863,2,46111588,,winner,nvidia/nemotron-3-super-120b-a12b;moonshotai/kimi-k2.5;mistralai/mistral-small-4-119b-2603;qwen/qwen3.5-397b-a17b,player_0,nvidia/nemotron-3-super-120b-a12b,0,13,2,0.1538,1,0.5000,1,38,0.0263,1,1.0000,,
exp0_m7_g1_1775255637339,0,nim,https://integrate.api.nvidia.com/v1,2026-03-26,p1939995863,2,46111588,,winner,nvidia/nemotron-3-super-120b-a12b;moonshotai/kimi-k2.5;mistralai/mistral-small-4-119b-2603;qwen/qwen3.5-397b-a17b,player_1,moonshotai/kimi-k2.5,1,13,6,0.4615,2,0.3333,1,37,0.0270,1,1.0000,,
exp0_m7_g1_1775255637339,0,nim,https://integrate.api.nvidia.com/v1,2026-03-26,p1939995863,2,46111588,,winner,nvidia/nemotron-3-super-120b-a12b;moonshotai/kimi-k2.5;mistralai/mistral-small-4-119b-2603;qwen/qwen3.5-397b-a17b,player_2,mistralai/mistral-small-4-119b-2603,0,12,1,0.0833,1,1.0000,21,37,0.5676,5,0.2381,,
exp0_m7_g1_1775255637339,0,nim,https://integrate.api.nvidia.com/v1,2026-03-26,p1939995863,2,46111588,,winner,nvidia/nemotron-3-super-120b-a12b;moonshotai/kimi-k2.5;mistralai/mistral-small-4-119b-2603;qwen/qwen3.5-397b-a17b,player_3,qwen/qwen3.5-397b-a17b,0,13,3,0.2308,0,0.0000,1,25,0.0400,1,1.0000,,
exp0_m7_g2_1775260655426,0,nim,https://integrate.api.nvidia.com/v1,2026-03-26,p1939995863,2,46111589,,winner,qwen/qwen3.5-397b-a17b;moonshotai/kimi-k2.5;mistralai/mistral-small-4-119b-2603;nvidia/nemotron-3-super-120b-a12b,player_0,qwen/qwen3.5-397b-a17b,0,13,6,0.4615,1,0.1667,7,40,0.1750,3,0.4286,,
exp0_m7_g2_1775260655426,0,nim,https://integrate.api.nvidia.com/v1,2026-03-26,p1939995863,2,46111589,,winner,qwen/qwen3.5-397b-a17b;moonshotai/kimi-k2.5;mistralai/mistral-small-4-119b-2603;nvidia/nemotron-3-super-120b-a12b,player_1,moonshotai/kimi-k2.5,1,14,8,0.5714,4,0.5000,0,34,0.0000,0,0.0000,,
exp0_m7_g2_1775260655426,0,nim,https://integrate.api.nvidia.com/v1,2026-03-26,p1939995863,2,46111589,,winner,qwen/qwen3.5-397b-a17b;moonshotai/kimi-k2.5;mistralai/mistral-small-4-119b-2603;nvidia/nemotron-3-super-120b-a12b,player_2,mistralai/mistral-small-4-119b-2603,0,13,5,0.3846,4,0.8000,24,35,0.6857,9,0.3750,,
exp0_m7_g2_1775260655426,0,nim,https://integrate.api.nvidia.com/v1,2026-03-26,p1939995863,2,46111589,,winner,qwen/qwen3.5-397b-a17b;moonshotai/kimi-k2.5;mistralai/mistral-small-4-119b-2603;nvidia/nemotron-3-super-120b-a12b,player_3,nvidia/nemotron-3-super-120b-a12b,0,13,3,0.2308,1,0.3333,1,21,0.0476,0,0.0000,,
exp0_m7_g3_1775265523765,0,nim,https://integrate.api.nvidia.com/v1,2026-03-26,p1939995863,2,46111590,,winner,mistralai/mistral-small-4-119b-2603;moonshotai/kimi-k2.5;qwen/qwen3.5-397b-a17b;nvidia/nemotron-3-super-120b-a12b,player_0,mistralai/mistral-small-4-119b-2603,0,16,3,0.1875,1,0.3333,27,49,0.5510,9,0.3333,,
exp0_m7_g3_1775265523765,0,nim,https://integrate.api.nvidia.com/v1,2026-03-26,p1939995863,2,46111590,,winner,mistralai/mistral-small-4-119b-2603;moonshotai/kimi-k2.5;qwen/qwen3.5-397b-a17b;nvidia/nemotron-3-super-120b-a12b,player_1,moonshotai/kimi-k2.5,0,16,7,0.4375,1,0.1429,2,35,0.0571,1,0.5000,,
exp0_m7_g3_1775265523765,0,nim,https://integrate.api.nvidia.com/v1,2026-03-26,p1939995863,2,46111590,,winner,mistralai/mistral-small-4-119b-2603;moonshotai/kimi-k2.5;qwen/qwen3.5-397b-a17b;nvidia/nemotron-3-super-120b-a12b,player_2,qwen/qwen3.5-397b-a17b,0,16,4,0.2500,2,0.5000,4,26,0.1538,1,0.2500,,
exp0_m7_g3_1775265523765,0,nim,https://integrate.api.nvidia.com/v1,2026-03-26,p1939995863,2,46111590,,winner,mistralai/mistral-small-4-119b-2603;moonshotai/kimi-k2.5;qwen/qwen3.5-397b-a17b;nvidia/nemotron-3-super-120b-a12b,player_3,nvidia/nemotron-3-super-120b-a12b,1,17,5,0.2941,3,0.6000,2,24,0.0833,1,0.5000,,
exp0_m7_g4_1775268477141,0,nim,https://integrate.api.nvidia.com/v1,2026-03-26,p1939995863,2,46111591,,winner,nvidia/nemotron-3-super-120b-a12b;qwen/qwen3.5-397b-a17b;mistralai/mistral-small-4-119b-2603;moonshotai/kimi-k2.5,player_0,nvidia/nemotron-3-super-120b-a12b,1,12,5,0.4167,2,0.4000,2,33,0.0606,2,1.0000,,
exp0_m7_g4_1775268477141,0,nim,https://integrate.api.nvidia.com/v1,2026-03-26,p1939995863,2,46111591,,winner,nvidia/nemotron-3-super-120b-a12b;qwen/qwen3.5-397b-a17b;mistralai/mistral-small-4-119b-2603;moonshotai/kimi-k2.5,player_1,qwen/qwen3.5-397b-a17b,0,11,4,0.3636,1,0.2500,4,33,0.1212,2,0.5000,,
exp0_m7_g4_1775268477141,0,nim,https://integrate.api.nvidia.com/v1,2026-03-26,p1939995863,2,46111591,,winner,nvidia/nemotron-3-super-120b-a12b;qwen/qwen3.5-397b-a17b;mistralai/mistral-small-4-119b-2603;moonshotai/kimi-k2.5,player_2,mistralai/mistral-small-4-119b-2603,0,11,2,0.1818,1,0.5000,20,30,0.6667,6,0.3000,,
exp0_m7_g4_1775268477141,0,nim,https://integrate.api.nvidia.com/v1,2026-03-26,p1939995863,2,46111591,,winner,nvidia/nemotron-3-super-120b-a12b;qwen/qwen3.5-397b-a17b;mistralai/mistral-small-4-119b-2603;moonshotai/kimi-k2.5,player_3,moonshotai/kimi-k2.5,0,11,4,0.3636,1,0.2500,0,17,0.0000,0,0.0000,,
exp0_m7_g5_1775271053446,0,nim,https://integrate.api.nvidia.com/v1,2026-03-26,p1939995863,2,46111592,,winner,mistralai/mistral-small-4-119b-2603;qwen/qwen3.5-397b-a17b;nvidia/nemotron-3-super-120b-a12b;moonshotai/kimi-k2.5,player_0,mistralai/mistral-small-4-119b-2603,0,12,1,0.0833,1,1.0000,21,37,0.5676,5,0.2381,,
exp0_m7_g5_1775271053446,0,nim,https://integrate.api.nvidia.com/v1,2026-03-26,p1939995863,2,46111592,,winner,mistralai/mistral-small-4-119b-2603;qwen/qwen3.5-397b-a17b;nvidia/nemotron-3-super-120b-a12b;moonshotai/kimi-k2.5,player_1,qwen/qwen3.5-397b-a17b,0,12,2,0.1667,0,0.0000,1,25,0.0400,0,0.0000,,
exp0_m7_g5_1775271053446,0,nim,https://integrate.api.nvidia.com/v1,2026-03-26,p1939995863,2,46111592,,winner,mistralai/mistral-small-4-119b-2603;qwen/qwen3.5-397b-a17b;nvidia/nemotron-3-super-120b-a12b;moonshotai/kimi-k2.5,player_2,nvidia/nemotron-3-super-120b-a12b,1,13,5,0.3846,3,0.6000,1,21,0.0476,1,1.0000,,
exp0_m7_g5_1775271053446,0,nim,https://integrate.api.nvidia.com/v1,2026-03-26,p1939995863,2,46111592,,winner,mistralai/mistral-small-4-119b-2603;qwen/qwen3.5-397b-a17b;nvidia/nemotron-3-super-120b-a12b;moonshotai/kimi-k2.5,player_3,moonshotai/kimi-k2.5,0,12,4,0.3333,1,0.2500,1,21,0.0476,1,1.0000,,
exp0_m7_g6_1775273655916,0,nim,https://integrate.api.nvidia.com/v1,2026-03-26,p1939995863,2,46111593,,winner,moonshotai/kimi-k2.5;nvidia/nemotron-3-super-120b-a12b;mistralai/mistral-small-4-119b-2603;qwen/qwen3.5-397b-a17b,player_0,moonshotai/kimi-k2.5,0,27,15,0.5556,6,0.4000,6,81,0.0741,3,0.5000,,
exp0_m7_g6_1775273655916,0,nim,https://integrate.api.nvidia.com/v1,2026-03-26,p1939995863,2,46111593,,winner,moonshotai/kimi-k2.5;nvidia/nemotron-3-super-120b-a12b;mistralai/mistral-small-4-119b-2603;qwen/qwen3.5-397b-a17b,player_1,nvidia/nemotron-3-super-120b-a12b,0,27,12,0.4444,2,0.1667,5,77,0.0649,4,0.8000,,
exp0_m7_g6_1775273655916,0,nim,https://integrate.api.nvidia.com/v1,2026-03-26,p1939995863,2,46111593,,winner,moonshotai/kimi-k2.5;nvidia/nemotron-3-super-120b-a12b;mistralai/mistral-small-4-119b-2603;qwen/qwen3.5-397b-a17b,player_2,mistralai/mistral-small-4-119b-2603,0,27,6,0.2222,4,0.6667,46,72,0.6389,18,0.3913,,
exp0_m7_g6_1775273655916,0,nim,https://integrate.api.nvidia.com/v1,2026-03-26,p1939995863,2,46111593,,winner,moonshotai/kimi-k2.5;nvidia/nemotron-3-super-120b-a12b;mistralai/mistral-small-4-119b-2603;qwen/qwen3.5-397b-a17b,player_3,qwen/qwen3.5-397b-a17b,1,27,10,0.3704,3,0.3000,8,45,0.1778,3,0.3750,,
exp0_m7_g7_1775281282826,0,nim,https://integrate.api.nvidia.com/v1,2026-03-26,p1939995863,2,46111594,,winner,moonshotai/kimi-k2.5;nvidia/nemotron-3-super-120b-a12b;mistralai/mistral-small-4-119b-2603;qwen/qwen3.5-397b-a17b,player_0,moonshotai/kimi-k2.5,0,16,7,0.4375,3,0.4286,3,46,0.0652,2,0.6667,,
exp0_m7_g7_1775281282826,0,nim,https://integrate.api.nvidia.com/v1,2026-03-26,p1939995863,2,46111594,,winner,moonshotai/kimi-k2.5;nvidia/nemotron-3-super-120b-a12b;mistralai/mistral-small-4-119b-2603;qwen/qwen3.5-397b-a17b,player_1,nvidia/nemotron-3-super-120b-a12b,1,16,9,0.5625,3,0.3333,0,43,0.0000,0,0.0000,,
exp0_m7_g7_1775281282826,0,nim,https://integrate.api.nvidia.com/v1,2026-03-26,p1939995863,2,46111594,,winner,moonshotai/kimi-k2.5;nvidia/nemotron-3-super-120b-a12b;mistralai/mistral-small-4-119b-2603;qwen/qwen3.5-397b-a17b,player_2,mistralai/mistral-small-4-119b-2603,0,15,1,0.0667,1,1.0000,28,44,0.6364,9,0.3214,,
exp0_m7_g7_1775281282826,0,nim,https://integrate.api.nvidia.com/v1,2026-03-26,p1939995863,2,46111594,,winner,moonshotai/kimi-k2.5;nvidia/nemotron-3-super-120b-a12b;mistralai/mistral-small-4-119b-2603;qwen/qwen3.5-397b-a17b,player_3,qwen/qwen3.5-397b-a17b,0,15,5,0.3333,1,0.2000,6,27,0.2222,3,0.5000,,
exp0_m7_g8_1775286305107,0,nim,https://integrate.api.nvidia.com/v1,2026-03-26,p1939995863,2,46111595,,winner,qwen/qwen3.5-397b-a17b;mistralai/mistral-small-4-119b-2603;nvidia/nemotron-3-super-120b-a12b;moonshotai/kimi-k2.5,player_0,qwen/qwen3.5-397b-a17b,0,18,5,0.2778,2,0.4000,8,56,0.1429,3,0.3750,,
exp0_m7_g8_1775286305107,0,nim,https://integrate.api.nvidia.com/v1,2026-03-26,p1939995863,2,46111595,,winner,qwen/qwen3.5-397b-a17b;mistralai/mistral-small-4-119b-2603;nvidia/nemotron-3-super-120b-a12b;moonshotai/kimi-k2.5,player_1,mistralai/mistral-small-4-119b-2603,0,19,5,0.2632,4,0.8000,28,49,0.5714,10,0.3571,,
exp0_m7_g8_1775286305107,0,nim,https://integrate.api.nvidia.com/v1,2026-03-26,p1939995863,2,46111595,,winner,qwen/qwen3.5-397b-a17b;mistralai/mistral-small-4-119b-2603;nvidia/nemotron-3-super-120b-a12b;moonshotai/kimi-k2.5,player_2,nvidia/nemotron-3-super-120b-a12b,1,19,5,0.2632,2,0.4000,1,31,0.0323,1,1.0000,,
exp0_m7_g8_1775286305107,0,nim,https://integrate.api.nvidia.com/v1,2026-03-26,p1939995863,2,46111595,,winner,qwen/qwen3.5-397b-a17b;mistralai/mistral-small-4-119b-2603;nvidia/nemotron-3-super-120b-a12b;moonshotai/kimi-k2.5,player_3,moonshotai/kimi-k2.5,0,18,11,0.6111,4,0.3636,0,30,0.0000,0,0.0000,,
exp0_m7_g9_1775296740626,0,nim,https://integrate.api.nvidia.com/v1,2026-03-26,p1939995863,2,46111596,,winner,moonshotai/kimi-k2.5;mistralai/mistral-small-4-119b-2603;qwen/qwen3.5-397b-a17b;nvidia/nemotron-3-super-120b-a12b,player_0,moonshotai/kimi-k2.5,0,16,7,0.4375,2,0.2857,5,51,0.0980,4,0.8000,,
exp0_m7_g9_1775296740626,0,nim,https://integrate.api.nvidia.com/v1,2026-03-26,p1939995863,2,46111596,,winner,moonshotai/kimi-k2.5;mistralai/mistral-small-4-119b-2603;qwen/qwen3.5-397b-a17b;nvidia/nemotron-3-super-120b-a12b,player_1,mistralai/mistral-small-4-119b-2603,0,17,1,0.0588,1,1.0000,23,45,0.5111,7,0.3043,,
exp0_m7_g9_1775296740626,0,nim,https://integrate.api.nvidia.com/v1,2026-03-26,p1939995863,2,46111596,,winner,moonshotai/kimi-k2.5;mistralai/mistral-small-4-119b-2603;qwen/qwen3.5-397b-a17b;nvidia/nemotron-3-super-120b-a12b,player_2,qwen/qwen3.5-397b-a17b,0,17,8,0.4706,4,0.5000,4,31,0.1290,2,0.5000,,
exp0_m7_g9_1775296740626,0,nim,https://integrate.api.nvidia.com/v1,2026-03-26,p1939995863,2,46111596,,winner,moonshotai/kimi-k2.5;mistralai/mistral-small-4-119b-2603;qwen/qwen3.5-397b-a17b;nvidia/nemotron-3-super-120b-a12b,player_3,nvidia/nemotron-3-super-120b-a12b,1,17,9,0.5294,5,0.5556,1,27,0.0370,0,0.0000,,
exp0_m8_g0_1775312544782,0,nim,https://integrate.api.nvidia.com/v1,2026-03-26,p1939995863,2,46112548,,winner,nvidia/nemotron-3-super-120b-a12b;z-ai/glm5;moonshotai/kimi-k2.5;qwen/qwen3.5-397b-a17b,player_0,nvidia/nemotron-3-super-120b-a12b,1,29,8,0.2759,4,0.5000,8,84,0.0952,6,0.7500,,
exp0_m8_g0_1775312544782,0,nim,https://integrate.api.nvidia.com/v1,2026-03-26,p1939995863,2,46112548,,winner,nvidia/nemotron-3-super-120b-a12b;z-ai/glm5;moonshotai/kimi-k2.5;qwen/qwen3.5-397b-a17b,player_1,z-ai/glm5,0,28,11,0.3929,5,0.4545,4,78,0.0513,2,0.5000,,
exp0_m8_g0_1775312544782,0,nim,https://integrate.api.nvidia.com/v1,2026-03-26,p1939995863,2,46112548,,winner,nvidia/nemotron-3-super-120b-a12b;z-ai/glm5;moonshotai/kimi-k2.5;qwen/qwen3.5-397b-a17b,player_2,moonshotai/kimi-k2.5,0,28,14,0.5000,5,0.3571,4,77,0.0519,4,1.0000,,
exp0_m8_g0_1775312544782,0,nim,https://integrate.api.nvidia.com/v1,2026-03-26,p1939995863,2,46112548,,winner,nvidia/nemotron-3-super-120b-a12b;z-ai/glm5;moonshotai/kimi-k2.5;qwen/qwen3.5-397b-a17b,player_3,qwen/qwen3.5-397b-a17b,0,28,3,0.1071,0,0.0000,17,74,0.2297,10,0.5882,,
exp0_m8_g1_1775325942569,0,nim,https://integrate.api.nvidia.com/v1,2026-03-26,p1939995863,2,46112549,,winner,moonshotai/kimi-k2.5;z-ai/glm5;qwen/qwen3.5-397b-a17b;nvidia/nemotron-3-super-120b-a12b,player_0,moonshotai/kimi-k2.5,0,25,9,0.3600,3,0.3333,2,74,0.0270,1,0.5000,,
exp0_m8_g1_1775325942569,0,nim,https://integrate.api.nvidia.com/v1,2026-03-26,p1939995863,2,46112549,,winner,moonshotai/kimi-k2.5;z-ai/glm5;qwen/qwen3.5-397b-a17b;nvidia/nemotron-3-super-120b-a12b,player_1,z-ai/glm5,0,25,2,0.0800,0,0.0000,6,73,0.0822,4,0.6667,,
exp0_m8_g1_1775325942569,0,nim,https://integrate.api.nvidia.com/v1,2026-03-26,p1939995863,2,46112549,,winner,moonshotai/kimi-k2.5;z-ai/glm5;qwen/qwen3.5-397b-a17b;nvidia/nemotron-3-super-120b-a12b,player_2,qwen/qwen3.5-397b-a17b,1,25,7,0.2800,6,0.8571,9,67,0.1343,7,0.7778,,
exp0_m8_g1_1775325942569,0,nim,https://integrate.api.nvidia.com/v1,2026-03-26,p1939995863,2,46112549,,winner,moonshotai/kimi-k2.5;z-ai/glm5;qwen/qwen3.5-397b-a17b;nvidia/nemotron-3-super-120b-a12b,player_3,nvidia/nemotron-3-super-120b-a12b,0,24,4,0.1667,0,0.0000,1,62,0.0161,1,1.0000,,
exp0_m8_g2_1775338336067,0,nim,https://integrate.api.nvidia.com/v1,2026-03-26,p1939995863,2,46112550,,winner,nvidia/nemotron-3-super-120b-a12b;qwen/qwen3.5-397b-a17b;moonshotai/kimi-k2.5;z-ai/glm5,player_0,nvidia/nemotron-3-super-120b-a12b,1,15,7,0.4667,3,0.4286,2,44,0.0455,2,1.0000,,
exp0_m8_g2_1775338336067,0,nim,https://integrate.api.nvidia.com/v1,2026-03-26,p1939995863,2,46112550,,winner,nvidia/nemotron-3-super-120b-a12b;qwen/qwen3.5-397b-a17b;moonshotai/kimi-k2.5;z-ai/glm5,player_1,qwen/qwen3.5-397b-a17b,0,14,4,0.2857,2,0.5000,6,43,0.1395,2,0.3333,,
exp0_m8_g2_1775338336067,0,nim,https://integrate.api.nvidia.com/v1,2026-03-26,p1939995863,2,46112550,,winner,nvidia/nemotron-3-super-120b-a12b;qwen/qwen3.5-397b-a17b;moonshotai/kimi-k2.5;z-ai/glm5,player_2,moonshotai/kimi-k2.5,0,15,6,0.4000,2,0.3333,2,38,0.0526,1,0.5000,,
exp0_m8_g2_1775338336067,0,nim,https://integrate.api.nvidia.com/v1,2026-03-26,p1939995863,2,46112550,,winner,nvidia/nemotron-3-super-120b-a12b;qwen/qwen3.5-397b-a17b;moonshotai/kimi-k2.5;z-ai/glm5,player_3,z-ai/glm5,0,15,4,0.2667,4,1.0000,7,37,0.1892,5,0.7143,,
exp0_m8_g3_1775345970071,0,nim,https://integrate.api.nvidia.com/v1,2026-03-26,p1939995863,2,46112551,,winner,qwen/qwen3.5-397b-a17b;nvidia/nemotron-3-super-120b-a12b;z-ai/glm5;moonshotai/kimi-k2.5,player_0,qwen/qwen3.5-397b-a17b,0,8,2,0.2500,2,1.0000,4,22,0.1818,2,0.5000,,
exp0_m8_g3_1775345970071,0,nim,https://integrate.api.nvidia.com/v1,2026-03-26,p1939995863,2,46112551,,winner,qwen/qwen3.5-397b-a17b;nvidia/nemotron-3-super-120b-a12b;z-ai/glm5;moonshotai/kimi-k2.5,player_1,nvidia/nemotron-3-super-120b-a12b,1,8,4,0.5000,4,1.0000,0,19,0.0000,0,0.0000,,
exp0_m8_g3_1775345970071,0,nim,https://integrate.api.nvidia.com/v1,2026-03-26,p1939995863,2,46112551,,winner,qwen/qwen3.5-397b-a17b;nvidia/nemotron-3-super-120b-a12b;z-ai/glm5;moonshotai/kimi-k2.5,player_2,z-ai/glm5,0,7,3,0.4286,1,0.3333,0,20,0.0000,0,0.0000,,
exp0_m8_g3_1775345970071,0,nim,https://integrate.api.nvidia.com/v1,2026-03-26,p1939995863,2,46112551,,winner,qwen/qwen3.5-397b-a17b;nvidia/nemotron-3-super-120b-a12b;z-ai/glm5;moonshotai/kimi-k2.5,player_3,moonshotai/kimi-k2.5,0,7,1,0.1429,0,0.0000,3,21,0.1429,1,0.3333,,
exp0_m8_g4_1775349800708,0,nim,https://integrate.api.nvidia.com/v1,2026-03-26,p1939995863,2,46112552,,winner,z-ai/glm5;moonshotai/kimi-k2.5;qwen/qwen3.5-397b-a17b;nvidia/nemotron-3-super-120b-a12b,player_0,z-ai/glm5,0,11,3,0.2727,2,0.6667,9,33,0.2727,8,0.8889,,
exp0_m8_g4_1775349800708,0,nim,https://integrate.api.nvidia.com/v1,2026-03-26,p1939995863,2,46112552,,winner,z-ai/glm5;moonshotai/kimi-k2.5;qwen/qwen3.5-397b-a17b;nvidia/nemotron-3-super-120b-a12b,player_1,moonshotai/kimi-k2.5,1,11,6,0.5455,4,0.6667,1,27,0.0370,0,0.0000,,
exp0_m8_g4_1775349800708,0,nim,https://integrate.api.nvidia.com/v1,2026-03-26,p1939995863,2,46112552,,winner,z-ai/glm5;moonshotai/kimi-k2.5;qwen/qwen3.5-397b-a17b;nvidia/nemotron-3-super-120b-a12b,player_2,qwen/qwen3.5-397b-a17b,0,11,8,0.7273,4,0.5000,3,27,0.1111,1,0.3333,,
exp0_m8_g4_1775349800708,0,nim,https://integrate.api.nvidia.com/v1,2026-03-26,p1939995863,2,46112552,,winner,z-ai/glm5;moonshotai/kimi-k2.5;qwen/qwen3.5-397b-a17b;nvidia/nemotron-3-super-120b-a12b,player_3,nvidia/nemotron-3-super-120b-a12b,0,11,3,0.2727,1,0.3333,0,23,0.0000,0,0.0000,,
exp0_m8_g5_1775354007344,0,nim,https://integrate.api.nvidia.com/v1,2026-03-26,p1939995863,2,46112553,,winner,nvidia/nemotron-3-super-120b-a12b;moonshotai/kimi-k2.5;z-ai/glm5;qwen/qwen3.5-397b-a17b,player_0,nvidia/nemotron-3-super-120b-a12b,0,36,10,0.2778,3,0.3000,9,111,0.0811,8,0.8889,,
exp0_m8_g5_1775354007344,0,nim,https://integrate.api.nvidia.com/v1,2026-03-26,p1939995863,2,46112553,,winner,nvidia/nemotron-3-super-120b-a12b;moonshotai/kimi-k2.5;z-ai/glm5;qwen/qwen3.5-397b-a17b,player_1,moonshotai/kimi-k2.5,0,37,13,0.3514,3,0.2308,7,104,0.0673,5,0.7143,,
exp0_m8_g5_1775354007344,0,nim,https://integrate.api.nvidia.com/v1,2026-03-26,p1939995863,2,46112553,,winner,nvidia/nemotron-3-super-120b-a12b;moonshotai/kimi-k2.5;z-ai/glm5;qwen/qwen3.5-397b-a17b,player_2,z-ai/glm5,0,37,13,0.3514,6,0.4615,13,99,0.1313,9,0.6923,,
exp0_m8_g5_1775354007344,0,nim,https://integrate.api.nvidia.com/v1,2026-03-26,p1939995863,2,46112553,,winner,nvidia/nemotron-3-super-120b-a12b;moonshotai/kimi-k2.5;z-ai/glm5;qwen/qwen3.5-397b-a17b,player_3,qwen/qwen3.5-397b-a17b,1,37,12,0.3243,7,0.5833,14,89,0.1573,7,0.5000,,
exp0_m8_g6_1775368587831,0,nim,https://integrate.api.nvidia.com/v1,2026-03-26,p1939995863,2,46112554,,winner,qwen/qwen3.5-397b-a17b;z-ai/glm5;moonshotai/kimi-k2.5;nvidia/nemotron-3-super-120b-a12b,player_0,qwen/qwen3.5-397b-a17b,0,23,4,0.1739,1,0.2500,9,72,0.1250,7,0.7778,,
exp0_m8_g6_1775368587831,0,nim,https://integrate.api.nvidia.com/v1,2026-03-26,p1939995863,2,46112554,,winner,qwen/qwen3.5-397b-a17b;z-ai/glm5;moonshotai/kimi-k2.5;nvidia/nemotron-3-super-120b-a12b,player_1,z-ai/glm5,0,24,11,0.4583,5,0.4545,5,64,0.0781,3,0.6000,,
exp0_m8_g6_1775368587831,0,nim,https://integrate.api.nvidia.com/v1,2026-03-26,p1939995863,2,46112554,,winner,qwen/qwen3.5-397b-a17b;z-ai/glm5;moonshotai/kimi-k2.5;nvidia/nemotron-3-super-120b-a12b,player_2,moonshotai/kimi-k2.5,0,24,10,0.4167,4,0.4000,11,63,0.1746,9,0.8182,,
exp0_m8_g6_1775368587831,0,nim,https://integrate.api.nvidia.com/v1,2026-03-26,p1939995863,2,46112554,,winner,qwen/qwen3.5-397b-a17b;z-ai/glm5;moonshotai/kimi-k2.5;nvidia/nemotron-3-super-120b-a12b,player_3,nvidia/nemotron-3-super-120b-a12b,1,24,9,0.3750,5,0.5556,0,53,0.0000,0,0.0000,,
exp0_m8_g7_1775380196864,0,nim,https://integrate.api.nvidia.com/v1,2026-03-26,p1939995863,2,46112555,,winner,qwen/qwen3.5-397b-a17b;z-ai/glm5;moonshotai/kimi-k2.5;nvidia/nemotron-3-super-120b-a12b,player_0,qwen/qwen3.5-397b-a17b,0,17,4,0.2353,3,0.7500,13,52,0.2500,7,0.5385,,
exp0_m8_g7_1775380196864,0,nim,https://integrate.api.nvidia.com/v1,2026-03-26,p1939995863,2,46112555,,winner,qwen/qwen3.5-397b-a17b;z-ai/glm5;moonshotai/kimi-k2.5;nvidia/nemotron-3-super-120b-a12b,player_1,z-ai/glm5,0,17,6,0.3529,4,0.6667,3,41,0.0732,0,0.0000,,
exp0_m8_g7_1775380196864,0,nim,https://integrate.api.nvidia.com/v1,2026-03-26,p1939995863,2,46112555,,winner,qwen/qwen3.5-397b-a17b;z-ai/glm5;moonshotai/kimi-k2.5;nvidia/nemotron-3-super-120b-a12b,player_2,moonshotai/kimi-k2.5,0,17,7,0.4118,4,0.5714,0,43,0.0000,0,0.0000,,
exp0_m8_g7_1775380196864,0,nim,https://integrate.api.nvidia.com/v1,2026-03-26,p1939995863,2,46112555,,winner,qwen/qwen3.5-397b-a17b;z-ai/glm5;moonshotai/kimi-k2.5;nvidia/nemotron-3-super-120b-a12b,player_3,nvidia/nemotron-3-super-120b-a12b,1,18,6,0.3333,3,0.5000,2,42,0.0476,2,1.0000,,
exp0_m8_g8_1775399364374,0,nim,https://integrate.api.nvidia.com/v1,2026-03-26,p1939995863,2,46112556,,winner,nvidia/nemotron-3-super-120b-a12b;qwen/qwen3.5-397b-a17b;z-ai/glm5;moonshotai/kimi-k2.5,player_0,nvidia/nemotron-3-super-120b-a12b,0,31,7,0.2258,1,0.1429,14,93,0.1505,13,0.9286,,
exp0_m8_g8_1775399364374,0,nim,https://integrate.api.nvidia.com/v1,2026-03-26,p1939995863,2,46112556,,winner,nvidia/nemotron-3-super-120b-a12b;qwen/qwen3.5-397b-a17b;z-ai/glm5;moonshotai/kimi-k2.5,player_1,qwen/qwen3.5-397b-a17b,1,31,12,0.3871,6,0.5000,14,83,0.1687,9,0.6429,,
exp0_m8_g8_1775399364374,0,nim,https://integrate.api.nvidia.com/v1,2026-03-26,p1939995863,2,46112556,,winner,nvidia/nemotron-3-super-120b-a12b;qwen/qwen3.5-397b-a17b;z-ai/glm5;moonshotai/kimi-k2.5,player_2,z-ai/glm5,0,31,14,0.4516,6,0.4286,6,72,0.0833,3,0.5000,,
exp0_m8_g8_1775399364374,0,nim,https://integrate.api.nvidia.com/v1,2026-03-26,p1939995863,2,46112556,,winner,nvidia/nemotron-3-super-120b-a12b;qwen/qwen3.5-397b-a17b;z-ai/glm5;moonshotai/kimi-k2.5,player_3,moonshotai/kimi-k2.5,0,31,11,0.3548,1,0.0909,5,73,0.0685,5,1.0000,,
exp0_m8_g9_1775414933988,0,nim,https://integrate.api.nvidia.com/v1,2026-03-26,p1939995863,2,46112557,,winner,moonshotai/kimi-k2.5;nvidia/nemotron-3-super-120b-a12b;qwen/qwen3.5-397b-a17b;z-ai/glm5,player_0,moonshotai/kimi-k2.5,0,13,3,0.2308,1,0.3333,2,39,0.0513,2,1.0000,,
exp0_m8_g9_1775414933988,0,nim,https://integrate.api.nvidia.com/v1,2026-03-26,p1939995863,2,46112557,,winner,moonshotai/kimi-k2.5;nvidia/nemotron-3-super-120b-a12b;qwen/qwen3.5-397b-a17b;z-ai/glm5,player_1,nvidia/nemotron-3-super-120b-a12b,0,13,6,0.4615,3,0.5000,3,37,0.0811,2,0.6667,,
exp0_m8_g9_1775414933988,0,nim,https://integrate.api.nvidia.com/v1,2026-03-26,p1939995863,2,46112557,,winner,moonshotai/kimi-k2.5;nvidia/nemotron-3-super-120b-a12b;qwen/qwen3.5-397b-a17b;z-ai/glm5,player_2,qwen/qwen3.5-397b-a17b,1,13,3,0.2308,3,1.0000,7,35,0.2000,4,0.5714,,
exp0_m8_g9_1775414933988,0,nim,https://integrate.api.nvidia.com/v1,2026-03-26,p1939995863,2,46112557,,winner,moonshotai/kimi-k2.5;nvidia/nemotron-3-super-120b-a12b;qwen/qwen3.5-397b-a17b;z-ai/glm5,player_3,z-ai/glm5,0,13,3,0.2308,0,0.0000,0,31,0.0000,0,0.0000,,
exp0_m9_g0_1775422067045,0,nim,https://integrate.api.nvidia.com/v1,2026-03-26,p1939995863,2,46113509,,winner,z-ai/glm5;mistralai/mistral-small-4-119b-2603;qwen/qwen3.5-397b-a17b;moonshotai/kimi-k2.5,player_0,z-ai/glm5,1,16,12,0.7500,5,0.4167,2,48,0.0417,2,1.0000,,
exp0_m9_g0_1775422067045,0,nim,https://integrate.api.nvidia.com/v1,2026-03-26,p1939995863,2,46113509,,winner,z-ai/glm5;mistralai/mistral-small-4-119b-2603;qwen/qwen3.5-397b-a17b;moonshotai/kimi-k2.5,player_1,mistralai/mistral-small-4-119b-2603,0,16,1,0.0625,1,1.0000,34,46,0.7391,16,0.4706,,
exp0_m9_g0_1775422067045,0,nim,https://integrate.api.nvidia.com/v1,2026-03-26,p1939995863,2,46113509,,winner,z-ai/glm5;mistralai/mistral-small-4-119b-2603;qwen/qwen3.5-397b-a17b;moonshotai/kimi-k2.5,player_2,qwen/qwen3.5-397b-a17b,0,16,5,0.3125,1,0.2000,4,23,0.1739,0,0.0000,,
exp0_m9_g0_1775422067045,0,nim,https://integrate.api.nvidia.com/v1,2026-03-26,p1939995863,2,46113509,,winner,z-ai/glm5;mistralai/mistral-small-4-119b-2603;qwen/qwen3.5-397b-a17b;moonshotai/kimi-k2.5,player_3,moonshotai/kimi-k2.5,0,16,7,0.4375,0,0.0000,0,22,0.0000,0,0.0000,,
exp0_m9_g1_1775429942060,0,nim,https://integrate.api.nvidia.com/v1,2026-03-26,p1939995863,2,46113510,,winner,z-ai/glm5;qwen/qwen3.5-397b-a17b;moonshotai/kimi-k2.5;mistralai/mistral-small-4-119b-2603,player_0,z-ai/glm5,0,14,5,0.3571,0,0.0000,7,44,0.1591,3,0.4286,,
exp0_m9_g1_1775429942060,0,nim,https://integrate.api.nvidia.com/v1,2026-03-26,p1939995863,2,46113510,,winner,z-ai/glm5;qwen/qwen3.5-397b-a17b;moonshotai/kimi-k2.5;mistralai/mistral-small-4-119b-2603,player_1,qwen/qwen3.5-397b-a17b,0,15,7,0.4667,3,0.4286,5,36,0.1389,2,0.4000,,
exp0_m9_g1_1775429942060,0,nim,https://integrate.api.nvidia.com/v1,2026-03-26,p1939995863,2,46113510,,winner,z-ai/glm5;qwen/qwen3.5-397b-a17b;moonshotai/kimi-k2.5;mistralai/mistral-small-4-119b-2603,player_2,moonshotai/kimi-k2.5,1,15,8,0.5333,4,0.5000,1,37,0.0270,0,0.0000,,
exp0_m9_g1_1775429942060,0,nim,https://integrate.api.nvidia.com/v1,2026-03-26,p1939995863,2,46113510,,winner,z-ai/glm5;qwen/qwen3.5-397b-a17b;moonshotai/kimi-k2.5;mistralai/mistral-small-4-119b-2603,player_3,mistralai/mistral-small-4-119b-2603,0,14,1,0.0714,1,1.0000,19,36,0.5278,8,0.4211,,
exp0_m9_g2_1775441097032,0,nim,https://integrate.api.nvidia.com/v1,2026-03-26,p1939995863,2,46113511,,winner,z-ai/glm5;mistralai/mistral-small-4-119b-2603;moonshotai/kimi-k2.5;qwen/qwen3.5-397b-a17b,player_0,z-ai/glm5,0,13,5,0.3846,1,0.2000,1,39,0.0256,0,0.0000,,
exp0_m9_g2_1775441097032,0,nim,https://integrate.api.nvidia.com/v1,2026-03-26,p1939995863,2,46113511,,winner,z-ai/glm5;mistralai/mistral-small-4-119b-2603;moonshotai/kimi-k2.5;qwen/qwen3.5-397b-a17b,player_1,mistralai/mistral-small-4-119b-2603,0,13,2,0.1538,1,0.5000,24,38,0.6316,10,0.4167,,
exp0_m9_g2_1775441097032,0,nim,https://integrate.api.nvidia.com/v1,2026-03-26,p1939995863,2,46113511,,winner,z-ai/glm5;mistralai/mistral-small-4-119b-2603;moonshotai/kimi-k2.5;qwen/qwen3.5-397b-a17b,player_2,moonshotai/kimi-k2.5,0,13,6,0.4615,1,0.1667,2,24,0.0833,2,1.0000,,
exp0_m9_g2_1775441097032,0,nim,https://integrate.api.nvidia.com/v1,2026-03-26,p1939995863,2,46113511,,winner,z-ai/glm5;mistralai/mistral-small-4-119b-2603;moonshotai/kimi-k2.5;qwen/qwen3.5-397b-a17b,player_3,qwen/qwen3.5-397b-a17b,1,13,2,0.1538,0,0.0000,2,20,0.1000,0,0.0000,,
exp0_m9_g3_1775445720909,0,nim,https://integrate.api.nvidia.com/v1,2026-03-26,p1939995863,2,46113512,,winner,moonshotai/kimi-k2.5;qwen/qwen3.5-397b-a17b;mistralai/mistral-small-4-119b-2603;z-ai/glm5,player_0,moonshotai/kimi-k2.5,0,18,11,0.6111,3,0.2727,2,56,0.0357,0,0.0000,,
exp0_m9_g3_1775445720909,0,nim,https://integrate.api.nvidia.com/v1,2026-03-26,p1939995863,2,46113512,,winner,moonshotai/kimi-k2.5;qwen/qwen3.5-397b-a17b;mistralai/mistral-small-4-119b-2603;z-ai/glm5,player_1,qwen/qwen3.5-397b-a17b,0,18,5,0.2778,1,0.2000,10,55,0.1818,7,0.7000,,
exp0_m9_g3_1775445720909,0,nim,https://integrate.api.nvidia.com/v1,2026-03-26,p1939995863,2,46113512,,winner,moonshotai/kimi-k2.5;qwen/qwen3.5-397b-a17b;mistralai/mistral-small-4-119b-2603;z-ai/glm5,player_2,mistralai/mistral-small-4-119b-2603,0,19,2,0.1053,1,0.5000,30,45,0.6667,9,0.3000,,
exp0_m9_g3_1775445720909,0,nim,https://integrate.api.nvidia.com/v1,2026-03-26,p1939995863,2,46113512,,winner,moonshotai/kimi-k2.5;qwen/qwen3.5-397b-a17b;mistralai/mistral-small-4-119b-2603;z-ai/glm5,player_3,z-ai/glm5,1,19,8,0.4211,3,0.3750,3,29,0.1034,2,0.6667,,
exp0_m9_g4_1775481356231,0,nim,https://integrate.api.nvidia.com/v1,2026-03-26,p1939995863,2,46113513,,winner,qwen/qwen3.5-397b-a17b;mistralai/mistral-small-4-119b-2603;z-ai/glm5;moonshotai/kimi-k2.5,player_0,qwen/qwen3.5-397b-a17b,0,31,18,0.5806,6,0.3333,25,95,0.2632,11,0.4400,,
exp0_m9_g4_1775481356231,0,nim,https://integrate.api.nvidia.com/v1,2026-03-26,p1939995863,2,46113513,,winner,qwen/qwen3.5-397b-a17b;mistralai/mistral-small-4-119b-2603;z-ai/glm5;moonshotai/kimi-k2.5,player_1,mistralai/mistral-small-4-119b-2603,0,31,2,0.0645,2,1.0000,46,77,0.5974,26,0.5652,,
exp0_m9_g4_1775481356231,0,nim,https://integrate.api.nvidia.com/v1,2026-03-26,p1939995863,2,46113513,,winner,qwen/qwen3.5-397b-a17b;mistralai/mistral-small-4-119b-2603;z-ai/glm5;moonshotai/kimi-k2.5,player_2,z-ai/glm5,0,32,20,0.6250,7,0.3500,7,46,0.1522,3,0.4286,,
exp0_m9_g4_1775481356231,0,nim,https://integrate.api.nvidia.com/v1,2026-03-26,p1939995863,2,46113513,,winner,qwen/qwen3.5-397b-a17b;mistralai/mistral-small-4-119b-2603;z-ai/glm5;moonshotai/kimi-k2.5,player_3,moonshotai/kimi-k2.5,1,32,21,0.6563,6,0.2857,4,39,0.1026,0,0.0000,,
exp0_m9_g5_1775491190084,0,nim,https://integrate.api.nvidia.com/v1,2026-03-26,p1939995863,2,46113514,,winner,z-ai/glm5;mistralai/mistral-small-4-119b-2603;qwen/qwen3.5-397b-a17b;moonshotai/kimi-k2.5,player_0,z-ai/glm5,0,17,7,0.4118,1,0.1429,7,52,0.1346,2,0.2857,,
exp0_m9_g5_1775491190084,0,nim,https://integrate.api.nvidia.com/v1,2026-03-26,p1939995863,2,46113514,,winner,z-ai/glm5;mistralai/mistral-small-4-119b-2603;qwen/qwen3.5-397b-a17b;moonshotai/kimi-k2.5,player_1,mistralai/mistral-small-4-119b-2603,0,17,2,0.1176,1,0.5000,31,46,0.6739,14,0.4516,,
exp0_m9_g5_1775491190084,0,nim,https://integrate.api.nvidia.com/v1,2026-03-26,p1939995863,2,46113514,,winner,z-ai/glm5;mistralai/mistral-small-4-119b-2603;qwen/qwen3.5-397b-a17b;moonshotai/kimi-k2.5,player_2,qwen/qwen3.5-397b-a17b,1,18,7,0.3889,2,0.2857,5,26,0.1923,2,0.4000,,
exp0_m9_g5_1775491190084,0,nim,https://integrate.api.nvidia.com/v1,2026-03-26,p1939995863,2,46113514,,winner,z-ai/glm5;mistralai/mistral-small-4-119b-2603;qwen/qwen3.5-397b-a17b;moonshotai/kimi-k2.5,player_3,moonshotai/kimi-k2.5,0,17,7,0.4118,1,0.1429,0,23,0.0000,0,0.0000,,
exp0_m9_g6_1775496418857,0,nim,https://integrate.api.nvidia.com/v1,2026-03-26,p1939995863,2,46113515,,winner,z-ai/glm5;mistralai/mistral-small-4-119b-2603;moonshotai/kimi-k2.5;qwen/qwen3.5-397b-a17b,player_0,z-ai/glm5,0,14,6,0.4286,3,0.5000,4,43,0.0930,2,0.5000,,
exp0_m9_g6_1775496418857,0,nim,https://integrate.api.nvidia.com/v1,2026-03-26,p1939995863,2,46113515,,winner,z-ai/glm5;mistralai/mistral-small-4-119b-2603;moonshotai/kimi-k2.5;qwen/qwen3.5-397b-a17b,player_1,mistralai/mistral-small-4-119b-2603,0,14,2,0.1429,2,1.0000,25,40,0.6250,9,0.3600,,
exp0_m9_g6_1775496418857,0,nim,https://integrate.api.nvidia.com/v1,2026-03-26,p1939995863,2,46113515,,winner,z-ai/glm5;mistralai/mistral-small-4-119b-2603;moonshotai/kimi-k2.5;qwen/qwen3.5-397b-a17b,player_2,moonshotai/kimi-k2.5,0,14,6,0.4286,1,0.1667,0,24,0.0000,0,0.0000,,
exp0_m9_g6_1775496418857,0,nim,https://integrate.api.nvidia.com/v1,2026-03-26,p1939995863,2,46113515,,winner,z-ai/glm5;mistralai/mistral-small-4-119b-2603;moonshotai/kimi-k2.5;qwen/qwen3.5-397b-a17b,player_3,qwen/qwen3.5-397b-a17b,1,15,6,0.4000,2,0.3333,1,23,0.0435,1,1.0000,,
exp0_m9_g7_1775500977896,0,nim,https://integrate.api.nvidia.com/v1,2026-03-26,p1939995863,2,46113516,,winner,mistralai/mistral-small-4-119b-2603;qwen/qwen3.5-397b-a17b;z-ai/glm5;moonshotai/kimi-k2.5,player_0,mistralai/mistral-small-4-119b-2603,0,29,2,0.0690,2,1.0000,60,86,0.6977,27,0.4500,,
exp0_m9_g7_1775500977896,0,nim,https://integrate.api.nvidia.com/v1,2026-03-26,p1939995863,2,46113516,,winner,mistralai/mistral-small-4-119b-2603;qwen/qwen3.5-397b-a17b;z-ai/glm5;moonshotai/kimi-k2.5,player_1,qwen/qwen3.5-397b-a17b,0,29,10,0.3448,4,0.4000,11,49,0.2245,5,0.4545,,
exp0_m9_g7_1775500977896,0,nim,https://integrate.api.nvidia.com/v1,2026-03-26,p1939995863,2,46113516,,winner,mistralai/mistral-small-4-119b-2603;qwen/qwen3.5-397b-a17b;z-ai/glm5;moonshotai/kimi-k2.5,player_2,z-ai/glm5,1,29,18,0.6207,6,0.3333,4,35,0.1143,1,0.2500,,
exp0_m9_g7_1775500977896,0,nim,https://integrate.api.nvidia.com/v1,2026-03-26,p1939995863,2,46113516,,winner,mistralai/mistral-small-4-119b-2603;qwen/qwen3.5-397b-a17b;z-ai/glm5;moonshotai/kimi-k2.5,player_3,moonshotai/kimi-k2.5,0,28,19,0.6786,4,0.2105,0,36,0.0000,0,0.0000,,
exp0_m9_g8_1775507353989,0,nim,https://integrate.api.nvidia.com/v1,2026-03-26,p1939995863,2,46113517,,winner,qwen/qwen3.5-397b-a17b;z-ai/glm5;moonshotai/kimi-k2.5;mistralai/mistral-small-4-119b-2603,player_0,qwen/qwen3.5-397b-a17b,0,26,8,0.3077,2,0.2500,22,78,0.2821,10,0.4545,,
exp0_m9_g8_1775507353989,0,nim,https://integrate.api.nvidia.com/v1,2026-03-26,p1939995863,2,46113517,,winner,qwen/qwen3.5-397b-a17b;z-ai/glm5;moonshotai/kimi-k2.5;mistralai/mistral-small-4-119b-2603,player_1,z-ai/glm5,0,26,12,0.4615,2,0.1667,5,64,0.0781,2,0.4000,,
exp0_m9_g8_1775507353989,0,nim,https://integrate.api.nvidia.com/v1,2026-03-26,p1939995863,2,46113517,,winner,qwen/qwen3.5-397b-a17b;z-ai/glm5;moonshotai/kimi-k2.5;mistralai/mistral-small-4-119b-2603,player_2,moonshotai/kimi-k2.5,1,26,13,0.5000,5,0.3846,7,60,0.1167,3,0.4286,,
exp0_m9_g8_1775507353989,0,nim,https://integrate.api.nvidia.com/v1,2026-03-26,p1939995863,2,46113517,,winner,qwen/qwen3.5-397b-a17b;z-ai/glm5;moonshotai/kimi-k2.5;mistralai/mistral-small-4-119b-2603,player_3,mistralai/mistral-small-4-119b-2603,0,26,6,0.2308,5,0.8333,30,52,0.5769,10,0.3333,,
exp0_m9_g9_1775512592515,0,nim,https://integrate.api.nvidia.com/v1,2026-03-26,p1939995863,2,46113518,,winner,z-ai/glm5;mistralai/mistral-small-4-119b-2603;moonshotai/kimi-k2.5;qwen/qwen3.5-397b-a17b,player_0,z-ai/glm5,0,17,8,0.4706,2,0.2500,7,53,0.1321,4,0.5714,,
exp0_m9_g9_1775512592515,0,nim,https://integrate.api.nvidia.com/v1,2026-03-26,p1939995863,2,46113518,,winner,z-ai/glm5;mistralai/mistral-small-4-119b-2603;moonshotai/kimi-k2.5;qwen/qwen3.5-397b-a17b,player_1,mistralai/mistral-small-4-119b-2603,0,17,3,0.1765,2,0.6667,29,46,0.6304,13,0.4483,,
exp0_m9_g9_1775512592515,0,nim,https://integrate.api.nvidia.com/v1,2026-03-26,p1939995863,2,46113518,,winner,z-ai/glm5;mistralai/mistral-small-4-119b-2603;moonshotai/kimi-k2.5;qwen/qwen3.5-397b-a17b,player_2,moonshotai/kimi-k2.5,0,18,11,0.6111,4,0.3636,0,27,0.0000,0,0.0000,,
exp0_m9_g9_1775512592515,0,nim,https://integrate.api.nvidia.com/v1,2026-03-26,p1939995863,2,46113518,,winner,z-ai/glm5;mistralai/mistral-small-4-119b-2603;moonshotai/kimi-k2.5;qwen/qwen3.5-397b-a17b,player_3,qwen/qwen3.5-397b-a17b,1,18,6,0.3333,2,0.3333,2,28,0.0714,1,0.5000,,
exp1_m0_g0_1774671360259,1,nim,https://integrate.api.nvidia.com/v1,2026-03-26,p1939995863,2,47028381,,winner,mistralai/mistral-small-4-119b-2603;nvidia/nemotron-3-super-120b-a12b;qwen/qwen3.5-397b-a17b;minimaxai/minimax-m2.5,player_0,mistralai/mistral-small-4-119b-2603,0,20,4,0.2000,3,0.7500,52,62,0.8387,30,0.5769,,
exp1_m0_g0_1774671360259,1,nim,https://integrate.api.nvidia.com/v1,2026-03-26,p1939995863,2,47028381,,winner,mistralai/mistral-small-4-119b-2603;nvidia/nemotron-3-super-120b-a12b;qwen/qwen3.5-397b-a17b;minimaxai/minimax-m2.5,player_1,nvidia/nemotron-3-super-120b-a12b,0,20,8,0.4000,0,0.0000,10,26,0.3846,1,0.1000,,
exp1_m0_g0_1774671360259,1,nim,https://integrate.api.nvidia.com/v1,2026-03-26,p1939995863,2,47028381,,winner,mistralai/mistral-small-4-119b-2603;nvidia/nemotron-3-super-120b-a12b;qwen/qwen3.5-397b-a17b;minimaxai/minimax-m2.5,player_2,qwen/qwen3.5-397b-a17b,0,21,15,0.7143,1,0.0667,4,18,0.2222,1,0.2500,,
exp1_m0_g0_1774671360259,1,nim,https://integrate.api.nvidia.com/v1,2026-03-26,p1939995863,2,47028381,,winner,mistralai/mistral-small-4-119b-2603;nvidia/nemotron-3-super-120b-a12b;qwen/qwen3.5-397b-a17b;minimaxai/minimax-m2.5,player_3,minimaxai/minimax-m2.5,1,21,10,0.4762,1,0.1000,4,14,0.2857,0,0.0000,,
exp1_m0_g1_1774683477698,1,nim,https://integrate.api.nvidia.com/v1,2026-03-26,p1939995863,2,47028382,,winner,minimaxai/minimax-m2.5;nvidia/nemotron-3-super-120b-a12b;mistralai/mistral-small-4-119b-2603;qwen/qwen3.5-397b-a17b,player_0,minimaxai/minimax-m2.5,0,48,13,0.2708,1,0.0769,72,144,0.5000,40,0.5556,,
exp1_m0_g1_1774683477698,1,nim,https://integrate.api.nvidia.com/v1,2026-03-26,p1939995863,2,47028382,,winner,minimaxai/minimax-m2.5;nvidia/nemotron-3-super-120b-a12b;mistralai/mistral-small-4-119b-2603;qwen/qwen3.5-397b-a17b,player_1,nvidia/nemotron-3-super-120b-a12b,0,48,26,0.5417,4,0.1538,43,98,0.4388,19,0.4419,,
exp1_m0_g1_1774683477698,1,nim,https://integrate.api.nvidia.com/v1,2026-03-26,p1939995863,2,47028382,,winner,minimaxai/minimax-m2.5;nvidia/nemotron-3-super-120b-a12b;mistralai/mistral-small-4-119b-2603;qwen/qwen3.5-397b-a17b,player_2,mistralai/mistral-small-4-119b-2603,0,48,14,0.2917,1,0.0714,38,56,0.6786,11,0.2895,,
exp1_m0_g1_1774683477698,1,nim,https://integrate.api.nvidia.com/v1,2026-03-26,p1939995863,2,47028382,,winner,minimaxai/minimax-m2.5;nvidia/nemotron-3-super-120b-a12b;mistralai/mistral-small-4-119b-2603;qwen/qwen3.5-397b-a17b,player_3,qwen/qwen3.5-397b-a17b,1,48,24,0.5000,0,0.0000,8,37,0.2162,1,0.1250,,
exp1_m0_g2_1774760642194,1,nim,https://integrate.api.nvidia.com/v1,2026-03-26,p1939995863,2,47028383,,winner,nvidia/nemotron-3-super-120b-a12b;mistralai/mistral-small-4-119b-2603;minimaxai/minimax-m2.5;qwen/qwen3.5-397b-a17b,player_0,nvidia/nemotron-3-super-120b-a12b,0,16,7,0.4375,0,0.0000,25,49,0.5102,10,0.4000,,
exp1_m0_g2_1774760642194,1,nim,https://integrate.api.nvidia.com/v1,2026-03-26,p1939995863,2,47028383,,winner,nvidia/nemotron-3-super-120b-a12b;mistralai/mistral-small-4-119b-2603;minimaxai/minimax-m2.5;qwen/qwen3.5-397b-a17b,player_1,mistralai/mistral-small-4-119b-2603,0,16,4,0.2500,1,0.2500,22,30,0.7333,9,0.4091,,
exp1_m0_g2_1774760642194,1,nim,https://integrate.api.nvidia.com/v1,2026-03-26,p1939995863,2,47028383,,winner,nvidia/nemotron-3-super-120b-a12b;mistralai/mistral-small-4-119b-2603;minimaxai/minimax-m2.5;qwen/qwen3.5-397b-a17b,player_2,minimaxai/minimax-m2.5,0,16,5,0.3125,0,0.0000,8,16,0.5000,3,0.3750,,
exp1_m0_g2_1774760642194,1,nim,https://integrate.api.nvidia.com/v1,2026-03-26,p1939995863,2,47028383,,winner,nvidia/nemotron-3-super-120b-a12b;mistralai/mistral-small-4-119b-2603;minimaxai/minimax-m2.5;qwen/qwen3.5-397b-a17b,player_3,qwen/qwen3.5-397b-a17b,1,17,10,0.5882,2,0.2000,2,7,0.2857,1,0.5000,,
exp1_m0_g3_1774766030385,1,nim,https://integrate.api.nvidia.com/v1,2026-03-26,p1939995863,2,47028384,,winner,qwen/qwen3.5-397b-a17b;nvidia/nemotron-3-super-120b-a12b;minimaxai/minimax-m2.5;mistralai/mistral-small-4-119b-2603,player_0,qwen/qwen3.5-397b-a17b,0,39,11,0.2821,0,0.0000,60,119,0.5042,32,0.5333,,
exp1_m0_g3_1774766030385,1,nim,https://integrate.api.nvidia.com/v1,2026-03-26,p1939995863,2,47028384,,winner,qwen/qwen3.5-397b-a17b;nvidia/nemotron-3-super-120b-a12b;minimaxai/minimax-m2.5;mistralai/mistral-small-4-119b-2603,player_1,nvidia/nemotron-3-super-120b-a12b,0,40,24,0.6000,1,0.0417,41,72,0.5694,19,0.4634,,
exp1_m0_g3_1774766030385,1,nim,https://integrate.api.nvidia.com/v1,2026-03-26,p1939995863,2,47028384,,winner,qwen/qwen3.5-397b-a17b;nvidia/nemotron-3-super-120b-a12b;minimaxai/minimax-m2.5;mistralai/mistral-small-4-119b-2603,player_2,minimaxai/minimax-m2.5,1,40,16,0.4000,0,0.0000,24,50,0.4800,11,0.4583,,
exp1_m0_g3_1774766030385,1,nim,https://integrate.api.nvidia.com/v1,2026-03-26,p1939995863,2,47028384,,winner,qwen/qwen3.5-397b-a17b;nvidia/nemotron-3-super-120b-a12b;minimaxai/minimax-m2.5;mistralai/mistral-small-4-119b-2603,player_3,mistralai/mistral-small-4-119b-2603,0,39,21,0.5385,1,0.0476,23,27,0.8519,8,0.3478,,
exp1_m0_g4_1774805144260,1,nim,https://integrate.api.nvidia.com/v1,2026-03-26,p1939995863,2,47028385,,winner,nvidia/nemotron-3-super-120b-a12b;minimaxai/minimax-m2.5;mistralai/mistral-small-4-119b-2603;qwen/qwen3.5-397b-a17b,player_0,nvidia/nemotron-3-super-120b-a12b,0,23,9,0.3913,0,0.0000,34,69,0.4928,20,0.5882,,
exp1_m0_g4_1774805144260,1,nim,https://integrate.api.nvidia.com/v1,2026-03-26,p1939995863,2,47028385,,winner,nvidia/nemotron-3-super-120b-a12b;minimaxai/minimax-m2.5;mistralai/mistral-small-4-119b-2603;qwen/qwen3.5-397b-a17b,player_1,minimaxai/minimax-m2.5,0,23,7,0.3043,0,0.0000,20,44,0.4545,8,0.4000,,
exp1_m0_g4_1774805144260,1,nim,https://integrate.api.nvidia.com/v1,2026-03-26,p1939995863,2,47028385,,winner,nvidia/nemotron-3-super-120b-a12b;minimaxai/minimax-m2.5;mistralai/mistral-small-4-119b-2603;qwen/qwen3.5-397b-a17b,player_2,mistralai/mistral-small-4-119b-2603,0,23,6,0.2609,0,0.0000,19,29,0.6552,4,0.2105,,
exp1_m0_g4_1774805144260,1,nim,https://integrate.api.nvidia.com/v1,2026-03-26,p1939995863,2,47028385,,winner,nvidia/nemotron-3-super-120b-a12b;minimaxai/minimax-m2.5;mistralai/mistral-small-4-119b-2603;qwen/qwen3.5-397b-a17b,player_3,qwen/qwen3.5-397b-a17b,1,23,13,0.5652,2,0.1538,3,17,0.1765,1,0.3333,,
exp1_m0_g5_1774817440176,1,nim,https://integrate.api.nvidia.com/v1,2026-03-26,p1939995863,2,47028386,,winner,minimaxai/minimax-m2.5;mistralai/mistral-small-4-119b-2603;qwen/qwen3.5-397b-a17b;nvidia/nemotron-3-super-120b-a12b,player_0,minimaxai/minimax-m2.5,0,18,4,0.2222,0,0.0000,19,56,0.3393,8,0.4211,,
exp1_m0_g5_1774817440176,1,nim,https://integrate.api.nvidia.com/v1,2026-03-26,p1939995863,2,47028386,,winner,minimaxai/minimax-m2.5;mistralai/mistral-small-4-119b-2603;qwen/qwen3.5-397b-a17b;nvidia/nemotron-3-super-120b-a12b,player_1,mistralai/mistral-small-4-119b-2603,0,19,2,0.1053,1,0.5000,29,40,0.7250,10,0.3448,,
exp1_m0_g5_1774817440176,1,nim,https://integrate.api.nvidia.com/v1,2026-03-26,p1939995863,2,47028386,,winner,minimaxai/minimax-m2.5;mistralai/mistral-small-4-119b-2603;qwen/qwen3.5-397b-a17b;nvidia/nemotron-3-super-120b-a12b,player_2,qwen/qwen3.5-397b-a17b,1,19,4,0.2105,0,0.0000,5,21,0.2381,0,0.0000,,
exp1_m0_g5_1774817440176,1,nim,https://integrate.api.nvidia.com/v1,2026-03-26,p1939995863,2,47028386,,winner,minimaxai/minimax-m2.5;mistralai/mistral-small-4-119b-2603;qwen/qwen3.5-397b-a17b;nvidia/nemotron-3-super-120b-a12b,player_3,nvidia/nemotron-3-super-120b-a12b,0,18,9,0.5000,0,0.0000,5,21,0.2381,0,0.0000,,
exp1_m0_g6_1774822565118,1,nim,https://integrate.api.nvidia.com/v1,2026-03-26,p1939995863,2,47028387,,winner,minimaxai/minimax-m2.5;qwen/qwen3.5-397b-a17b;nvidia/nemotron-3-super-120b-a12b;mistralai/mistral-small-4-119b-2603,player_0,minimaxai/minimax-m2.5,0,52,13,0.2500,1,0.0769,78,157,0.4968,40,0.5128,,
exp1_m0_g6_1774822565118,1,nim,https://integrate.api.nvidia.com/v1,2026-03-26,p1939995863,2,47028387,,winner,minimaxai/minimax-m2.5;qwen/qwen3.5-397b-a17b;nvidia/nemotron-3-super-120b-a12b;mistralai/mistral-small-4-119b-2603,player_1,qwen/qwen3.5-397b-a17b,0,52,21,0.4038,1,0.0476,47,98,0.4796,17,0.3617,,
exp1_m0_g6_1774822565118,1,nim,https://integrate.api.nvidia.com/v1,2026-03-26,p1939995863,2,47028387,,winner,minimaxai/minimax-m2.5;qwen/qwen3.5-397b-a17b;nvidia/nemotron-3-super-120b-a12b;mistralai/mistral-small-4-119b-2603,player_2,nvidia/nemotron-3-super-120b-a12b,1,53,31,0.5849,1,0.0323,25,71,0.3521,11,0.4400,,
exp1_m0_g6_1774822565118,1,nim,https://integrate.api.nvidia.com/v1,2026-03-26,p1939995863,2,47028387,,winner,minimaxai/minimax-m2.5;qwen/qwen3.5-397b-a17b;nvidia/nemotron-3-super-120b-a12b;mistralai/mistral-small-4-119b-2603,player_3,mistralai/mistral-small-4-119b-2603,0,52,15,0.2885,2,0.1333,27,47,0.5745,7,0.2593,,
exp1_m0_g7_1774837849836,1,nim,https://integrate.api.nvidia.com/v1,2026-03-26,p1939995863,2,47028388,,winner,nvidia/nemotron-3-super-120b-a12b;qwen/qwen3.5-397b-a17b;minimaxai/minimax-m2.5;mistralai/mistral-small-4-119b-2603,player_0,nvidia/nemotron-3-super-120b-a12b,0,27,11,0.4074,1,0.0909,34,80,0.4250,15,0.4412,,
exp1_m0_g7_1774837849836,1,nim,https://integrate.api.nvidia.com/v1,2026-03-26,p1939995863,2,47028388,,winner,nvidia/nemotron-3-super-120b-a12b;qwen/qwen3.5-397b-a17b;minimaxai/minimax-m2.5;mistralai/mistral-small-4-119b-2603,player_1,qwen/qwen3.5-397b-a17b,0,27,8,0.2963,1,0.1250,23,56,0.4107,9,0.3913,,
exp1_m0_g7_1774837849836,1,nim,https://integrate.api.nvidia.com/v1,2026-03-26,p1939995863,2,47028388,,winner,nvidia/nemotron-3-super-120b-a12b;qwen/qwen3.5-397b-a17b;minimaxai/minimax-m2.5;mistralai/mistral-small-4-119b-2603,player_2,minimaxai/minimax-m2.5,1,27,10,0.3704,0,0.0000,11,41,0.2683,3,0.2727,,
exp1_m0_g7_1774837849836,1,nim,https://integrate.api.nvidia.com/v1,2026-03-26,p1939995863,2,47028388,,winner,nvidia/nemotron-3-super-120b-a12b;qwen/qwen3.5-397b-a17b;minimaxai/minimax-m2.5;mistralai/mistral-small-4-119b-2603,player_3,mistralai/mistral-small-4-119b-2603,0,26,4,0.1538,0,0.0000,21,28,0.7500,4,0.1905,,
exp1_m0_g8_1774848631953,1,nim,https://integrate.api.nvidia.com/v1,2026-03-26,p1939995863,2,47028389,,winner,mistralai/mistral-small-4-119b-2603;qwen/qwen3.5-397b-a17b;nvidia/nemotron-3-super-120b-a12b;minimaxai/minimax-m2.5,player_0,mistralai/mistral-small-4-119b-2603,0,47,4,0.0851,0,0.0000,120,142,0.8451,69,0.5750,,
exp1_m0_g8_1774848631953,1,nim,https://integrate.api.nvidia.com/v1,2026-03-26,p1939995863,2,47028389,,winner,mistralai/mistral-small-4-119b-2603;qwen/qwen3.5-397b-a17b;nvidia/nemotron-3-super-120b-a12b;minimaxai/minimax-m2.5,player_1,qwen/qwen3.5-397b-a17b,0,47,16,0.3404,2,0.1250,37,59,0.6271,10,0.2703,,
exp1_m0_g8_1774848631953,1,nim,https://integrate.api.nvidia.com/v1,2026-03-26,p1939995863,2,47028389,,winner,mistralai/mistral-small-4-119b-2603;qwen/qwen3.5-397b-a17b;nvidia/nemotron-3-super-120b-a12b;minimaxai/minimax-m2.5,player_2,nvidia/nemotron-3-super-120b-a12b,0,47,31,0.6596,1,0.0323,9,30,0.3000,2,0.2222,,
exp1_m0_g8_1774848631953,1,nim,https://integrate.api.nvidia.com/v1,2026-03-26,p1939995863,2,47028389,,winner,mistralai/mistral-small-4-119b-2603;qwen/qwen3.5-397b-a17b;nvidia/nemotron-3-super-120b-a12b;minimaxai/minimax-m2.5,player_3,minimaxai/minimax-m2.5,1,48,35,0.7292,1,0.0286,4,21,0.1905,1,0.2500,,
exp1_m0_g9_1774858182189,1,nim,https://integrate.api.nvidia.com/v1,2026-03-26,p1939995863,2,47028390,,winner,minimaxai/minimax-m2.5;mistralai/mistral-small-4-119b-2603;qwen/qwen3.5-397b-a17b;nvidia/nemotron-3-super-120b-a12b,player_0,minimaxai/minimax-m2.5,0,32,6,0.1875,2,0.3333,44,95,0.4632,19,0.4318,,
exp1_m0_g9_1774858182189,1,nim,https://integrate.api.nvidia.com/v1,2026-03-26,p1939995863,2,47028390,,winner,minimaxai/minimax-m2.5;mistralai/mistral-small-4-119b-2603;qwen/qwen3.5-397b-a17b;nvidia/nemotron-3-super-120b-a12b,player_1,mistralai/mistral-small-4-119b-2603,0,32,3,0.0938,0,0.0000,47,64,0.7344,17,0.3617,,
exp1_m0_g9_1774858182189,1,nim,https://integrate.api.nvidia.com/v1,2026-03-26,p1939995863,2,47028390,,winner,minimaxai/minimax-m2.5;mistralai/mistral-small-4-119b-2603;qwen/qwen3.5-397b-a17b;nvidia/nemotron-3-super-120b-a12b,player_2,qwen/qwen3.5-397b-a17b,1,32,16,0.5000,1,0.0625,6,33,0.1818,3,0.5000,,
exp1_m0_g9_1774858182189,1,nim,https://integrate.api.nvidia.com/v1,2026-03-26,p1939995863,2,47028390,,winner,minimaxai/minimax-m2.5;mistralai/mistral-small-4-119b-2603;qwen/qwen3.5-397b-a17b;nvidia/nemotron-3-super-120b-a12b,player_3,nvidia/nemotron-3-super-120b-a12b,0,31,19,0.6129,0,0.0000,6,28,0.2143,2,0.3333,,
exp1_m10_g0_1775059476646,1,nim,https://integrate.api.nvidia.com/v1,2026-03-26,p1939995863,2,1457900350,,winner,mistralai/mistral-small-4-119b-2603;minimaxai/minimax-m2.5;z-ai/glm5;nvidia/nemotron-3-super-120b-a12b,player_0,mistralai/mistral-small-4-119b-2603,0,29,5,0.1724,1,0.2000,66,88,0.7500,34,0.5152,,
exp1_m10_g0_1775059476646,1,nim,https://integrate.api.nvidia.com/v1,2026-03-26,p1939995863,2,1457900350,,winner,mistralai/mistral-small-4-119b-2603;minimaxai/minimax-m2.5;z-ai/glm5;nvidia/nemotron-3-super-120b-a12b,player_1,minimaxai/minimax-m2.5,0,29,11,0.3793,0,0.0000,12,42,0.2857,4,0.3333,,
exp1_m10_g0_1775059476646,1,nim,https://integrate.api.nvidia.com/v1,2026-03-26,p1939995863,2,1457900350,,winner,mistralai/mistral-small-4-119b-2603;minimaxai/minimax-m2.5;z-ai/glm5;nvidia/nemotron-3-super-120b-a12b,player_2,z-ai/glm5,0,29,10,0.3448,0,0.0000,13,34,0.3824,4,0.3077,,
exp1_m10_g0_1775059476646,1,nim,https://integrate.api.nvidia.com/v1,2026-03-26,p1939995863,2,1457900350,,winner,mistralai/mistral-small-4-119b-2603;minimaxai/minimax-m2.5;z-ai/glm5;nvidia/nemotron-3-super-120b-a12b,player_3,nvidia/nemotron-3-super-120b-a12b,1,30,20,0.6667,1,0.0500,4,23,0.1739,2,0.5000,,
exp1_m10_g1_1775068897534,1,nim,https://integrate.api.nvidia.com/v1,2026-03-26,p1939995863,2,1457900351,,winner,z-ai/glm5;nvidia/nemotron-3-super-120b-a12b;mistralai/mistral-small-4-119b-2603;minimaxai/minimax-m2.5,player_0,z-ai/glm5,0,28,6,0.2143,0,0.0000,31,85,0.3647,12,0.3871,,
exp1_m10_g1_1775068897534,1,nim,https://integrate.api.nvidia.com/v1,2026-03-26,p1939995863,2,1457900351,,winner,z-ai/glm5;nvidia/nemotron-3-super-120b-a12b;mistralai/mistral-small-4-119b-2603;minimaxai/minimax-m2.5,player_1,nvidia/nemotron-3-super-120b-a12b,0,28,11,0.3929,1,0.0909,29,63,0.4603,13,0.4483,,
exp1_m10_g1_1775068897534,1,nim,https://integrate.api.nvidia.com/v1,2026-03-26,p1939995863,2,1457900351,,winner,z-ai/glm5;nvidia/nemotron-3-super-120b-a12b;mistralai/mistral-small-4-119b-2603;minimaxai/minimax-m2.5,player_2,mistralai/mistral-small-4-119b-2603,0,28,7,0.2500,3,0.4286,27,37,0.7297,7,0.2593,,
exp1_m10_g1_1775068897534,1,nim,https://integrate.api.nvidia.com/v1,2026-03-26,p1939995863,2,1457900351,,winner,z-ai/glm5;nvidia/nemotron-3-super-120b-a12b;mistralai/mistral-small-4-119b-2603;minimaxai/minimax-m2.5,player_3,minimaxai/minimax-m2.5,1,29,13,0.4483,1,0.0769,5,24,0.2083,0,0.0000,,
exp1_m10_g2_1775084730634,1,nim,https://integrate.api.nvidia.com/v1,2026-03-26,p1939995863,2,1457900352,,winner,mistralai/mistral-small-4-119b-2603;z-ai/glm5;minimaxai/minimax-m2.5;nvidia/nemotron-3-super-120b-a12b,player_0,mistralai/mistral-small-4-119b-2603,0,37,3,0.0811,1,0.3333,87,113,0.7699,43,0.4943,,
exp1_m10_g2_1775084730634,1,nim,https://integrate.api.nvidia.com/v1,2026-03-26,p1939995863,2,1457900352,,winner,mistralai/mistral-small-4-119b-2603;z-ai/glm5;minimaxai/minimax-m2.5;nvidia/nemotron-3-super-120b-a12b,player_1,z-ai/glm5,0,37,13,0.3514,2,0.1538,21,54,0.3889,5,0.2381,,
exp1_m10_g2_1775084730634,1,nim,https://integrate.api.nvidia.com/v1,2026-03-26,p1939995863,2,1457900352,,winner,mistralai/mistral-small-4-119b-2603;z-ai/glm5;minimaxai/minimax-m2.5;nvidia/nemotron-3-super-120b-a12b,player_2,minimaxai/minimax-m2.5,0,38,13,0.3421,0,0.0000,11,39,0.2821,0,0.0000,,
exp1_m10_g2_1775084730634,1,nim,https://integrate.api.nvidia.com/v1,2026-03-26,p1939995863,2,1457900352,,winner,mistralai/mistral-small-4-119b-2603;z-ai/glm5;minimaxai/minimax-m2.5;nvidia/nemotron-3-super-120b-a12b,player_3,nvidia/nemotron-3-super-120b-a12b,1,38,25,0.6579,2,0.0800,4,27,0.1481,1,0.2500,,
exp1_m10_g3_1775093940204,1,nim,https://integrate.api.nvidia.com/v1,2026-03-26,p1939995863,2,1457900353,,winner,z-ai/glm5;minimaxai/minimax-m2.5;nvidia/nemotron-3-super-120b-a12b;mistralai/mistral-small-4-119b-2603,player_0,z-ai/glm5,0,55,16,0.2909,0,0.0000,77,165,0.4667,45,0.5844,,
exp1_m10_g3_1775093940204,1,nim,https://integrate.api.nvidia.com/v1,2026-03-26,p1939995863,2,1457900353,,winner,z-ai/glm5;minimaxai/minimax-m2.5;nvidia/nemotron-3-super-120b-a12b;mistralai/mistral-small-4-119b-2603,player_1,minimaxai/minimax-m2.5,1,55,20,0.3636,1,0.0500,42,110,0.3818,16,0.3810,,
exp1_m10_g3_1775093940204,1,nim,https://integrate.api.nvidia.com/v1,2026-03-26,p1939995863,2,1457900353,,winner,z-ai/glm5;minimaxai/minimax-m2.5;nvidia/nemotron-3-super-120b-a12b;mistralai/mistral-small-4-119b-2603,player_2,nvidia/nemotron-3-super-120b-a12b,0,55,31,0.5636,1,0.0323,40,86,0.4651,14,0.3500,,
exp1_m10_g3_1775093940204,1,nim,https://integrate.api.nvidia.com/v1,2026-03-26,p1939995863,2,1457900353,,winner,z-ai/glm5;minimaxai/minimax-m2.5;nvidia/nemotron-3-super-120b-a12b;mistralai/mistral-small-4-119b-2603,player_3,mistralai/mistral-small-4-119b-2603,0,55,24,0.4364,5,0.2083,38,48,0.7917,9,0.2368,,
exp1_m10_g4_1775164903115,1,nim,https://integrate.api.nvidia.com/v1,2026-03-26,p1939995863,2,1457900354,,winner,mistralai/mistral-small-4-119b-2603;z-ai/glm5;nvidia/nemotron-3-super-120b-a12b;minimaxai/minimax-m2.5,player_0,mistralai/mistral-small-4-119b-2603,0,20,5,0.2500,3,0.6000,56,63,0.8889,29,0.5179,,
exp1_m10_g4_1775164903115,1,nim,https://integrate.api.nvidia.com/v1,2026-03-26,p1939995863,2,1457900354,,winner,mistralai/mistral-small-4-119b-2603;z-ai/glm5;nvidia/nemotron-3-super-120b-a12b;minimaxai/minimax-m2.5,player_1,z-ai/glm5,0,21,6,0.2857,0,0.0000,11,26,0.4231,4,0.3636,,
exp1_m10_g4_1775164903115,1,nim,https://integrate.api.nvidia.com/v1,2026-03-26,p1939995863,2,1457900354,,winner,mistralai/mistral-small-4-119b-2603;z-ai/glm5;nvidia/nemotron-3-super-120b-a12b;minimaxai/minimax-m2.5,player_2,nvidia/nemotron-3-super-120b-a12b,0,21,15,0.7143,0,0.0000,4,14,0.2857,1,0.2500,,
exp1_m10_g4_1775164903115,1,nim,https://integrate.api.nvidia.com/v1,2026-03-26,p1939995863,2,1457900354,,winner,mistralai/mistral-small-4-119b-2603;z-ai/glm5;nvidia/nemotron-3-super-120b-a12b;minimaxai/minimax-m2.5,player_3,minimaxai/minimax-m2.5,1,21,13,0.6190,0,0.0000,2,12,0.1667,2,1.0000,,
exp1_m10_g5_1775168524713,1,nim,https://integrate.api.nvidia.com/v1,2026-03-26,p1939995863,2,1457900355,,winner,mistralai/mistral-small-4-119b-2603;nvidia/nemotron-3-super-120b-a12b;z-ai/glm5;minimaxai/minimax-m2.5,player_0,mistralai/mistral-small-4-119b-2603,0,36,2,0.0556,1,0.5000,84,107,0.7850,42,0.5000,,
exp1_m10_g5_1775168524713,1,nim,https://integrate.api.nvidia.com/v1,2026-03-26,p1939995863,2,1457900355,,winner,mistralai/mistral-small-4-119b-2603;nvidia/nemotron-3-super-120b-a12b;z-ai/glm5;minimaxai/minimax-m2.5,player_1,nvidia/nemotron-3-super-120b-a12b,0,36,19,0.5278,1,0.0526,12,54,0.2222,3,0.2500,,
exp1_m10_g5_1775168524713,1,nim,https://integrate.api.nvidia.com/v1,2026-03-26,p1939995863,2,1457900355,,winner,mistralai/mistral-small-4-119b-2603;nvidia/nemotron-3-super-120b-a12b;z-ai/glm5;minimaxai/minimax-m2.5,player_2,z-ai/glm5,1,36,17,0.4722,2,0.1176,12,41,0.2927,3,0.2500,,
exp1_m10_g5_1775168524713,1,nim,https://integrate.api.nvidia.com/v1,2026-03-26,p1939995863,2,1457900355,,winner,mistralai/mistral-small-4-119b-2603;nvidia/nemotron-3-super-120b-a12b;z-ai/glm5;minimaxai/minimax-m2.5,player_3,minimaxai/minimax-m2.5,0,35,16,0.4571,1,0.0625,8,31,0.2581,1,0.1250,,
exp1_m10_g6_1775181666796,1,nim,https://integrate.api.nvidia.com/v1,2026-03-26,p1939995863,2,1457900356,,winner,z-ai/glm5;minimaxai/minimax-m2.5;mistralai/mistral-small-4-119b-2603;nvidia/nemotron-3-super-120b-a12b,player_0,z-ai/glm5,0,59,17,0.2881,1,0.0588,62,178,0.3483,26,0.4194,,
exp1_m10_g6_1775181666796,1,nim,https://integrate.api.nvidia.com/v1,2026-03-26,p1939995863,2,1457900356,,winner,z-ai/glm5;minimaxai/minimax-m2.5;mistralai/mistral-small-4-119b-2603;nvidia/nemotron-3-super-120b-a12b,player_1,minimaxai/minimax-m2.5,0,59,17,0.2881,2,0.1176,40,135,0.2963,8,0.2000,,
exp1_m10_g6_1775181666796,1,nim,https://integrate.api.nvidia.com/v1,2026-03-26,p1939995863,2,1457900356,,winner,z-ai/glm5;minimaxai/minimax-m2.5;mistralai/mistral-small-4-119b-2603;nvidia/nemotron-3-super-120b-a12b,player_2,mistralai/mistral-small-4-119b-2603,0,59,11,0.1864,8,0.7273,72,102,0.7059,27,0.3750,,
exp1_m10_g6_1775181666796,1,nim,https://integrate.api.nvidia.com/v1,2026-03-26,p1939995863,2,1457900356,,winner,z-ai/glm5;minimaxai/minimax-m2.5;mistralai/mistral-small-4-119b-2603;nvidia/nemotron-3-super-120b-a12b,player_3,nvidia/nemotron-3-super-120b-a12b,1,60,35,0.5833,4,0.1143,10,55,0.1818,4,0.4000,,
exp1_m10_g7_1775203518555,1,nim,https://integrate.api.nvidia.com/v1,2026-03-26,p1939995863,2,1457900357,,winner,z-ai/glm5;nvidia/nemotron-3-super-120b-a12b;mistralai/mistral-small-4-119b-2603;minimaxai/minimax-m2.5,player_0,z-ai/glm5,0,28,8,0.2857,0,0.0000,38,84,0.4524,20,0.5263,,
exp1_m10_g7_1775203518555,1,nim,https://integrate.api.nvidia.com/v1,2026-03-26,p1939995863,2,1457900357,,winner,z-ai/glm5;nvidia/nemotron-3-super-120b-a12b;mistralai/mistral-small-4-119b-2603;minimaxai/minimax-m2.5,player_1,nvidia/nemotron-3-super-120b-a12b,0,28,10,0.3571,0,0.0000,20,55,0.3636,6,0.3000,,
exp1_m10_g7_1775203518555,1,nim,https://integrate.api.nvidia.com/v1,2026-03-26,p1939995863,2,1457900357,,winner,z-ai/glm5;nvidia/nemotron-3-super-120b-a12b;mistralai/mistral-small-4-119b-2603;minimaxai/minimax-m2.5,player_2,mistralai/mistral-small-4-119b-2603,0,28,7,0.2500,1,0.1429,33,42,0.7857,8,0.2424,,
exp1_m10_g7_1775203518555,1,nim,https://integrate.api.nvidia.com/v1,2026-03-26,p1939995863,2,1457900357,,winner,z-ai/glm5;nvidia/nemotron-3-super-120b-a12b;mistralai/mistral-small-4-119b-2603;minimaxai/minimax-m2.5,player_3,minimaxai/minimax-m2.5,1,28,12,0.4286,0,0.0000,2,19,0.1053,2,1.0000,,
exp1_m10_g8_1775218926937,1,nim,https://integrate.api.nvidia.com/v1,2026-03-26,p1939995863,2,1457900358,,winner,mistralai/mistral-small-4-119b-2603;nvidia/nemotron-3-super-120b-a12b;z-ai/glm5;minimaxai/minimax-m2.5,player_0,mistralai/mistral-small-4-119b-2603,0,21,4,0.1905,0,0.0000,50,66,0.7576,23,0.4600,,
exp1_m10_g8_1775218926937,1,nim,https://integrate.api.nvidia.com/v1,2026-03-26,p1939995863,2,1457900358,,winner,mistralai/mistral-small-4-119b-2603;nvidia/nemotron-3-super-120b-a12b;z-ai/glm5;minimaxai/minimax-m2.5,player_1,nvidia/nemotron-3-super-120b-a12b,0,22,11,0.5000,0,0.0000,7,32,0.2188,3,0.4286,,
exp1_m10_g8_1775218926937,1,nim,https://integrate.api.nvidia.com/v1,2026-03-26,p1939995863,2,1457900358,,winner,mistralai/mistral-small-4-119b-2603;nvidia/nemotron-3-super-120b-a12b;z-ai/glm5;minimaxai/minimax-m2.5,player_2,z-ai/glm5,0,22,10,0.4545,3,0.3000,9,25,0.3600,2,0.2222,,
exp1_m10_g8_1775218926937,1,nim,https://integrate.api.nvidia.com/v1,2026-03-26,p1939995863,2,1457900358,,winner,mistralai/mistral-small-4-119b-2603;nvidia/nemotron-3-super-120b-a12b;z-ai/glm5;minimaxai/minimax-m2.5,player_3,minimaxai/minimax-m2.5,1,22,9,0.4091,1,0.1111,4,19,0.2105,2,0.5000,,
exp1_m10_g9_1775228429437,1,nim,https://integrate.api.nvidia.com/v1,2026-03-26,p1939995863,2,1457900359,,winner,nvidia/nemotron-3-super-120b-a12b;z-ai/glm5;mistralai/mistral-small-4-119b-2603;minimaxai/minimax-m2.5,player_0,nvidia/nemotron-3-super-120b-a12b,0,24,11,0.4583,0,0.0000,34,72,0.4722,19,0.5588,,
exp1_m10_g9_1775228429437,1,nim,https://integrate.api.nvidia.com/v1,2026-03-26,p1939995863,2,1457900359,,winner,nvidia/nemotron-3-super-120b-a12b;z-ai/glm5;mistralai/mistral-small-4-119b-2603;minimaxai/minimax-m2.5,player_1,z-ai/glm5,0,24,11,0.4583,2,0.1818,20,48,0.4167,10,0.5000,,
exp1_m10_g9_1775228429437,1,nim,https://integrate.api.nvidia.com/v1,2026-03-26,p1939995863,2,1457900359,,winner,nvidia/nemotron-3-super-120b-a12b;z-ai/glm5;mistralai/mistral-small-4-119b-2603;minimaxai/minimax-m2.5,player_2,mistralai/mistral-small-4-119b-2603,0,24,5,0.2083,1,0.2000,26,32,0.8125,4,0.1538,,
exp1_m10_g9_1775228429437,1,nim,https://integrate.api.nvidia.com/v1,2026-03-26,p1939995863,2,1457900359,,winner,nvidia/nemotron-3-super-120b-a12b;z-ai/glm5;mistralai/mistral-small-4-119b-2603;minimaxai/minimax-m2.5,player_3,minimaxai/minimax-m2.5,1,24,11,0.4583,0,0.0000,3,16,0.1875,2,0.6667,,
exp1_m11_g0_1775245021453,1,nim,https://integrate.api.nvidia.com/v1,2026-03-26,p1939995863,2,1457901311,,winner,mistralai/mistral-small-4-119b-2603;moonshotai/kimi-k2.5;minimaxai/minimax-m2.5;nvidia/nemotron-3-super-120b-a12b,player_0,mistralai/mistral-small-4-119b-2603,0,26,3,0.1154,1,0.3333,60,77,0.7792,30,0.5000,,
exp1_m11_g0_1775245021453,1,nim,https://integrate.api.nvidia.com/v1,2026-03-26,p1939995863,2,1457901311,,winner,mistralai/mistral-small-4-119b-2603;moonshotai/kimi-k2.5;minimaxai/minimax-m2.5;nvidia/nemotron-3-super-120b-a12b,player_1,moonshotai/kimi-k2.5,1,26,12,0.4615,0,0.0000,5,36,0.1389,3,0.6000,,
exp1_m11_g0_1775245021453,1,nim,https://integrate.api.nvidia.com/v1,2026-03-26,p1939995863,2,1457901311,,winner,mistralai/mistral-small-4-119b-2603;moonshotai/kimi-k2.5;minimaxai/minimax-m2.5;nvidia/nemotron-3-super-120b-a12b,player_2,minimaxai/minimax-m2.5,0,25,13,0.5200,1,0.0769,10,35,0.2857,1,0.1000,,
exp1_m11_g0_1775245021453,1,nim,https://integrate.api.nvidia.com/v1,2026-03-26,p1939995863,2,1457901311,,winner,mistralai/mistral-small-4-119b-2603;moonshotai/kimi-k2.5;minimaxai/minimax-m2.5;nvidia/nemotron-3-super-120b-a12b,player_3,nvidia/nemotron-3-super-120b-a12b,0,26,15,0.5769,3,0.2000,8,24,0.3333,4,0.5000,,
exp1_m11_g1_1775257954547,1,nim,https://integrate.api.nvidia.com/v1,2026-03-26,p1939995863,2,1457901312,,winner,minimaxai/minimax-m2.5;mistralai/mistral-small-4-119b-2603;moonshotai/kimi-k2.5;nvidia/nemotron-3-super-120b-a12b,player_0,minimaxai/minimax-m2.5,0,55,15,0.2727,3,0.2000,81,166,0.4880,45,0.5556,,
exp1_m11_g1_1775257954547,1,nim,https://integrate.api.nvidia.com/v1,2026-03-26,p1939995863,2,1457901312,,winner,minimaxai/minimax-m2.5;mistralai/mistral-small-4-119b-2603;moonshotai/kimi-k2.5;nvidia/nemotron-3-super-120b-a12b,player_1,mistralai/mistral-small-4-119b-2603,0,55,6,0.1091,2,0.3333,80,108,0.7407,28,0.3500,,
exp1_m11_g1_1775257954547,1,nim,https://integrate.api.nvidia.com/v1,2026-03-26,p1939995863,2,1457901312,,winner,minimaxai/minimax-m2.5;mistralai/mistral-small-4-119b-2603;moonshotai/kimi-k2.5;nvidia/nemotron-3-super-120b-a12b,player_2,moonshotai/kimi-k2.5,1,56,33,0.5893,3,0.0909,3,51,0.0588,2,0.6667,,
exp1_m11_g1_1775257954547,1,nim,https://integrate.api.nvidia.com/v1,2026-03-26,p1939995863,2,1457901312,,winner,minimaxai/minimax-m2.5;mistralai/mistral-small-4-119b-2603;moonshotai/kimi-k2.5;nvidia/nemotron-3-super-120b-a12b,player_3,nvidia/nemotron-3-super-120b-a12b,0,55,38,0.6909,4,0.1053,11,50,0.2200,5,0.4545,,
exp1_m11_g2_1775281421100,1,nim,https://integrate.api.nvidia.com/v1,2026-03-26,p1939995863,2,1457901313,,winner,mistralai/mistral-small-4-119b-2603;nvidia/nemotron-3-super-120b-a12b;moonshotai/kimi-k2.5;minimaxai/minimax-m2.5,player_0,mistralai/mistral-small-4-119b-2603,0,22,2,0.0909,0,0.0000,53,68,0.7794,26,0.4906,,
exp1_m11_g2_1775281421100,1,nim,https://integrate.api.nvidia.com/v1,2026-03-26,p1939995863,2,1457901313,,winner,mistralai/mistral-small-4-119b-2603;nvidia/nemotron-3-super-120b-a12b;moonshotai/kimi-k2.5;minimaxai/minimax-m2.5,player_1,nvidia/nemotron-3-super-120b-a12b,0,23,9,0.3913,0,0.0000,12,31,0.3871,5,0.4167,,
exp1_m11_g2_1775281421100,1,nim,https://integrate.api.nvidia.com/v1,2026-03-26,p1939995863,2,1457901313,,winner,mistralai/mistral-small-4-119b-2603;nvidia/nemotron-3-super-120b-a12b;moonshotai/kimi-k2.5;minimaxai/minimax-m2.5,player_2,moonshotai/kimi-k2.5,1,23,12,0.5217,1,0.0833,1,22,0.0455,0,0.0000,,
exp1_m11_g2_1775281421100,1,nim,https://integrate.api.nvidia.com/v1,2026-03-26,p1939995863,2,1457901313,,winner,mistralai/mistral-small-4-119b-2603;nvidia/nemotron-3-super-120b-a12b;moonshotai/kimi-k2.5;minimaxai/minimax-m2.5,player_3,minimaxai/minimax-m2.5,0,22,13,0.5909,1,0.0769,7,22,0.3182,3,0.4286,,
exp1_m11_g3_1775296483349,1,nim,https://integrate.api.nvidia.com/v1,2026-03-26,p1939995863,2,1457901314,,winner,mistralai/mistral-small-4-119b-2603;nvidia/nemotron-3-super-120b-a12b;minimaxai/minimax-m2.5;moonshotai/kimi-k2.5,player_0,mistralai/mistral-small-4-119b-2603,0,13,2,0.1538,1,0.5000,30,39,0.7692,11,0.3667,,
exp1_m11_g3_1775296483349,1,nim,https://integrate.api.nvidia.com/v1,2026-03-26,p1939995863,2,1457901314,,winner,mistralai/mistral-small-4-119b-2603;nvidia/nemotron-3-super-120b-a12b;minimaxai/minimax-m2.5;moonshotai/kimi-k2.5,player_1,nvidia/nemotron-3-super-120b-a12b,1,13,3,0.2308,0,0.0000,4,20,0.2000,2,0.5000,,
exp1_m11_g3_1775296483349,1,nim,https://integrate.api.nvidia.com/v1,2026-03-26,p1939995863,2,1457901314,,winner,mistralai/mistral-small-4-119b-2603;nvidia/nemotron-3-super-120b-a12b;minimaxai/minimax-m2.5;moonshotai/kimi-k2.5,player_2,minimaxai/minimax-m2.5,0,13,6,0.4615,0,0.0000,5,15,0.3333,1,0.2000,,
exp1_m11_g3_1775296483349,1,nim,https://integrate.api.nvidia.com/v1,2026-03-26,p1939995863,2,1457901314,,winner,mistralai/mistral-small-4-119b-2603;nvidia/nemotron-3-super-120b-a12b;minimaxai/minimax-m2.5;moonshotai/kimi-k2.5,player_3,moonshotai/kimi-k2.5,0,13,6,0.4615,1,0.1667,2,11,0.1818,1,0.5000,,
exp1_m11_g4_1775309809428,1,nim,https://integrate.api.nvidia.com/v1,2026-03-26,p1939995863,2,1457901315,,winner,minimaxai/minimax-m2.5;mistralai/mistral-small-4-119b-2603;nvidia/nemotron-3-super-120b-a12b;moonshotai/kimi-k2.5,player_0,minimaxai/minimax-m2.5,0,35,11,0.3143,2,0.1818,49,108,0.4537,30,0.6122,,
exp1_m11_g4_1775309809428,1,nim,https://integrate.api.nvidia.com/v1,2026-03-26,p1939995863,2,1457901315,,winner,minimaxai/minimax-m2.5;mistralai/mistral-small-4-119b-2603;nvidia/nemotron-3-super-120b-a12b;moonshotai/kimi-k2.5,player_1,mistralai/mistral-small-4-119b-2603,0,36,0,0.0000,0,0.0000,58,66,0.8788,23,0.3966,,
exp1_m11_g4_1775309809428,1,nim,https://integrate.api.nvidia.com/v1,2026-03-26,p1939995863,2,1457901315,,winner,minimaxai/minimax-m2.5;mistralai/mistral-small-4-119b-2603;nvidia/nemotron-3-super-120b-a12b;moonshotai/kimi-k2.5,player_2,nvidia/nemotron-3-super-120b-a12b,0,36,19,0.5278,0,0.0000,4,34,0.1176,1,0.2500,,
exp1_m11_g4_1775309809428,1,nim,https://integrate.api.nvidia.com/v1,2026-03-26,p1939995863,2,1457901315,,winner,minimaxai/minimax-m2.5;mistralai/mistral-small-4-119b-2603;nvidia/nemotron-3-super-120b-a12b;moonshotai/kimi-k2.5,player_3,moonshotai/kimi-k2.5,1,36,26,0.7222,0,0.0000,1,30,0.0333,0,0.0000,,
exp1_m11_g5_1775328289405,1,nim,https://integrate.api.nvidia.com/v1,2026-03-26,p1939995863,2,1457901316,,winner,moonshotai/kimi-k2.5;nvidia/nemotron-3-super-120b-a12b;minimaxai/minimax-m2.5;mistralai/mistral-small-4-119b-2603,player_0,moonshotai/kimi-k2.5,1,54,20,0.3704,1,0.0500,61,162,0.3765,35,0.5738,,
exp1_m11_g5_1775328289405,1,nim,https://integrate.api.nvidia.com/v1,2026-03-26,p1939995863,2,1457901316,,winner,moonshotai/kimi-k2.5;nvidia/nemotron-3-super-120b-a12b;minimaxai/minimax-m2.5;mistralai/mistral-small-4-119b-2603,player_1,nvidia/nemotron-3-super-120b-a12b,0,54,23,0.4259,0,0.0000,46,117,0.3932,18,0.3913,,
exp1_m11_g5_1775328289405,1,nim,https://integrate.api.nvidia.com/v1,2026-03-26,p1939995863,2,1457901316,,winner,moonshotai/kimi-k2.5;nvidia/nemotron-3-super-120b-a12b;minimaxai/minimax-m2.5;mistralai/mistral-small-4-119b-2603,player_2,minimaxai/minimax-m2.5,0,54,26,0.4815,0,0.0000,31,92,0.3370,12,0.3871,,
exp1_m11_g5_1775328289405,1,nim,https://integrate.api.nvidia.com/v1,2026-03-26,p1939995863,2,1457901316,,winner,moonshotai/kimi-k2.5;nvidia/nemotron-3-super-120b-a12b;minimaxai/minimax-m2.5;mistralai/mistral-small-4-119b-2603,player_3,mistralai/mistral-small-4-119b-2603,0,54,17,0.3148,5,0.2941,44,57,0.7719,15,0.3409,,
exp1_m11_g6_1775390872886,1,nim,https://integrate.api.nvidia.com/v1,2026-03-26,p1939995863,2,1457901317,,winner,mistralai/mistral-small-4-119b-2603;moonshotai/kimi-k2.5;nvidia/nemotron-3-super-120b-a12b;minimaxai/minimax-m2.5,player_0,mistralai/mistral-small-4-119b-2603,0,28,3,0.1071,0,0.0000,66,83,0.7952,38,0.5758,,
exp1_m11_g6_1775390872886,1,nim,https://integrate.api.nvidia.com/v1,2026-03-26,p1939995863,2,1457901317,,winner,mistralai/mistral-small-4-119b-2603;moonshotai/kimi-k2.5;nvidia/nemotron-3-super-120b-a12b;minimaxai/minimax-m2.5,player_1,moonshotai/kimi-k2.5,0,28,12,0.4286,1,0.0833,13,38,0.3421,5,0.3846,,
exp1_m11_g6_1775390872886,1,nim,https://integrate.api.nvidia.com/v1,2026-03-26,p1939995863,2,1457901317,,winner,mistralai/mistral-small-4-119b-2603;moonshotai/kimi-k2.5;nvidia/nemotron-3-super-120b-a12b;minimaxai/minimax-m2.5,player_2,nvidia/nemotron-3-super-120b-a12b,1,28,16,0.5714,1,0.0625,9,30,0.3000,3,0.3333,,
exp1_m11_g6_1775390872886,1,nim,https://integrate.api.nvidia.com/v1,2026-03-26,p1939995863,2,1457901317,,winner,mistralai/mistral-small-4-119b-2603;moonshotai/kimi-k2.5;nvidia/nemotron-3-super-120b-a12b;minimaxai/minimax-m2.5,player_3,minimaxai/minimax-m2.5,0,27,18,0.6667,0,0.0000,4,21,0.1905,1,0.2500,,
exp1_m11_g7_1775411685737,1,nim,https://integrate.api.nvidia.com/v1,2026-03-26,p1939995863,2,1457901318,,winner,mistralai/mistral-small-4-119b-2603;moonshotai/kimi-k2.5;minimaxai/minimax-m2.5;nvidia/nemotron-3-super-120b-a12b,player_0,mistralai/mistral-small-4-119b-2603,0,54,4,0.0741,1,0.2500,132,161,0.8199,76,0.5758,,
exp1_m11_g7_1775411685737,1,nim,https://integrate.api.nvidia.com/v1,2026-03-26,p1939995863,2,1457901318,,winner,mistralai/mistral-small-4-119b-2603;moonshotai/kimi-k2.5;minimaxai/minimax-m2.5;nvidia/nemotron-3-super-120b-a12b,player_1,moonshotai/kimi-k2.5,1,54,29,0.5370,2,0.0690,18,70,0.2571,11,0.6111,,
exp1_m11_g7_1775411685737,1,nim,https://integrate.api.nvidia.com/v1,2026-03-26,p1939995863,2,1457901318,,winner,mistralai/mistral-small-4-119b-2603;moonshotai/kimi-k2.5;minimaxai/minimax-m2.5;nvidia/nemotron-3-super-120b-a12b,player_2,minimaxai/minimax-m2.5,0,53,24,0.4528,2,0.0833,24,60,0.4000,4,0.1667,,
exp1_m11_g7_1775411685737,1,nim,https://integrate.api.nvidia.com/v1,2026-03-26,p1939995863,2,1457901318,,winner,mistralai/mistral-small-4-119b-2603;moonshotai/kimi-k2.5;minimaxai/minimax-m2.5;nvidia/nemotron-3-super-120b-a12b,player_3,nvidia/nemotron-3-super-120b-a12b,0,54,42,0.7778,0,0.0000,5,39,0.1282,3,0.6000,,
exp1_m11_g8_1775444601962,1,nim,https://integrate.api.nvidia.com/v1,2026-03-26,p1939995863,2,1457901319,,winner,moonshotai/kimi-k2.5;mistralai/mistral-small-4-119b-2603;nvidia/nemotron-3-super-120b-a12b;minimaxai/minimax-m2.5,player_0,moonshotai/kimi-k2.5,1,13,4,0.3077,0,0.0000,16,38,0.4211,9,0.5625,,
exp1_m11_g8_1775444601962,1,nim,https://integrate.api.nvidia.com/v1,2026-03-26,p1939995863,2,1457901319,,winner,moonshotai/kimi-k2.5;mistralai/mistral-small-4-119b-2603;nvidia/nemotron-3-super-120b-a12b;minimaxai/minimax-m2.5,player_1,mistralai/mistral-small-4-119b-2603,0,12,2,0.1667,0,0.0000,22,25,0.8800,8,0.3636,,
exp1_m11_g8_1775444601962,1,nim,https://integrate.api.nvidia.com/v1,2026-03-26,p1939995863,2,1457901319,,winner,moonshotai/kimi-k2.5;mistralai/mistral-small-4-119b-2603;nvidia/nemotron-3-super-120b-a12b;minimaxai/minimax-m2.5,player_2,nvidia/nemotron-3-super-120b-a12b,0,13,7,0.5385,1,0.1429,3,11,0.2727,1,0.3333,,
exp1_m11_g8_1775444601962,1,nim,https://integrate.api.nvidia.com/v1,2026-03-26,p1939995863,2,1457901319,,winner,moonshotai/kimi-k2.5;mistralai/mistral-small-4-119b-2603;nvidia/nemotron-3-super-120b-a12b;minimaxai/minimax-m2.5,player_3,minimaxai/minimax-m2.5,0,13,6,0.4615,0,0.0000,2,10,0.2000,0,0.0000,,
exp1_m11_g9_1775484812906,1,nim,https://integrate.api.nvidia.com/v1,2026-03-26,p1939995863,2,1457901320,,winner,nvidia/nemotron-3-super-120b-a12b;moonshotai/kimi-k2.5;minimaxai/minimax-m2.5;mistralai/mistral-small-4-119b-2603,player_0,nvidia/nemotron-3-super-120b-a12b,0,14,4,0.2857,0,0.0000,9,42,0.2143,5,0.5556,,
exp1_m11_g9_1775484812906,1,nim,https://integrate.api.nvidia.com/v1,2026-03-26,p1939995863,2,1457901320,,winner,nvidia/nemotron-3-super-120b-a12b;moonshotai/kimi-k2.5;minimaxai/minimax-m2.5;mistralai/mistral-small-4-119b-2603,player_1,moonshotai/kimi-k2.5,1,14,5,0.3571,1,0.2000,5,35,0.1429,3,0.6000,,
exp1_m11_g9_1775484812906,1,nim,https://integrate.api.nvidia.com/v1,2026-03-26,p1939995863,2,1457901320,,winner,nvidia/nemotron-3-super-120b-a12b;moonshotai/kimi-k2.5;minimaxai/minimax-m2.5;mistralai/mistral-small-4-119b-2603,player_2,minimaxai/minimax-m2.5,0,14,3,0.2143,0,0.0000,10,33,0.3030,2,0.2000,,
exp1_m11_g9_1775484812906,1,nim,https://integrate.api.nvidia.com/v1,2026-03-26,p1939995863,2,1457901320,,winner,nvidia/nemotron-3-super-120b-a12b;moonshotai/kimi-k2.5;minimaxai/minimax-m2.5;mistralai/mistral-small-4-119b-2603,player_3,mistralai/mistral-small-4-119b-2603,0,14,4,0.2857,0,0.0000,18,24,0.7500,5,0.2778,,
exp1_m12_g0_1775501251133,1,nim,https://integrate.api.nvidia.com/v1,2026-03-26,p1939995863,2,1457902272,,winner,moonshotai/kimi-k2.5;z-ai/glm5;minimaxai/minimax-m2.5;nvidia/nemotron-3-super-120b-a12b,player_0,moonshotai/kimi-k2.5,1,55,24,0.4364,3,0.1250,63,164,0.3841,34,0.5397,,
exp1_m12_g0_1775501251133,1,nim,https://integrate.api.nvidia.com/v1,2026-03-26,p1939995863,2,1457902272,,winner,moonshotai/kimi-k2.5;z-ai/glm5;minimaxai/minimax-m2.5;nvidia/nemotron-3-super-120b-a12b,player_1,z-ai/glm5,0,54,16,0.2963,2,0.1250,55,114,0.4825,24,0.4364,,
exp1_m12_g0_1775501251133,1,nim,https://integrate.api.nvidia.com/v1,2026-03-26,p1939995863,2,1457902272,,winner,moonshotai/kimi-k2.5;z-ai/glm5;minimaxai/minimax-m2.5;nvidia/nemotron-3-super-120b-a12b,player_2,minimaxai/minimax-m2.5,0,55,17,0.3091,0,0.0000,35,76,0.4605,12,0.3429,,
exp1_m12_g0_1775501251133,1,nim,https://integrate.api.nvidia.com/v1,2026-03-26,p1939995863,2,1457902272,,winner,moonshotai/kimi-k2.5;z-ai/glm5;minimaxai/minimax-m2.5;nvidia/nemotron-3-super-120b-a12b,player_3,nvidia/nemotron-3-super-120b-a12b,0,55,32,0.5818,3,0.0938,20,61,0.3279,11,0.5500,,
exp1_m12_g1_1775544057501,1,nim,https://integrate.api.nvidia.com/v1,2026-03-26,p1939995863,2,1457902273,,winner,nvidia/nemotron-3-super-120b-a12b;moonshotai/kimi-k2.5;z-ai/glm5;minimaxai/minimax-m2.5,player_0,nvidia/nemotron-3-super-120b-a12b,0,53,19,0.3585,1,0.0526,86,157,0.5478,47,0.5465,,
exp1_m12_g1_1775544057501,1,nim,https://integrate.api.nvidia.com/v1,2026-03-26,p1939995863,2,1457902273,,winner,nvidia/nemotron-3-super-120b-a12b;moonshotai/kimi-k2.5;z-ai/glm5;minimaxai/minimax-m2.5,player_1,moonshotai/kimi-k2.5,1,53,28,0.5283,1,0.0357,27,100,0.2700,14,0.5185,,
exp1_m12_g1_1775544057501,1,nim,https://integrate.api.nvidia.com/v1,2026-03-26,p1939995863,2,1457902273,,winner,nvidia/nemotron-3-super-120b-a12b;moonshotai/kimi-k2.5;z-ai/glm5;minimaxai/minimax-m2.5,player_2,z-ai/glm5,0,52,18,0.3462,2,0.1111,42,73,0.5753,15,0.3571,,
exp1_m12_g1_1775544057501,1,nim,https://integrate.api.nvidia.com/v1,2026-03-26,p1939995863,2,1457902273,,winner,nvidia/nemotron-3-super-120b-a12b;moonshotai/kimi-k2.5;z-ai/glm5;minimaxai/minimax-m2.5,player_3,minimaxai/minimax-m2.5,0,52,23,0.4423,0,0.0000,18,45,0.4000,8,0.4444,,
exp1_m12_g2_1775610327504,1,nim,https://integrate.api.nvidia.com/v1,2026-03-26,p1939995863,2,1457902274,,winner,minimaxai/minimax-m2.5;moonshotai/kimi-k2.5;nvidia/nemotron-3-super-120b-a12b;z-ai/glm5,player_0,minimaxai/minimax-m2.5,0,46,8,0.1739,0,0.0000,74,139,0.5324,41,0.5541,,
exp1_m12_g2_1775610327504,1,nim,https://integrate.api.nvidia.com/v1,2026-03-26,p1939995863,2,1457902274,,winner,minimaxai/minimax-m2.5;moonshotai/kimi-k2.5;nvidia/nemotron-3-super-120b-a12b;z-ai/glm5,player_1,moonshotai/kimi-k2.5,0,46,23,0.5000,0,0.0000,30,86,0.3488,16,0.5333,,
exp1_m12_g2_1775610327504,1,nim,https://integrate.api.nvidia.com/v1,2026-03-26,p1939995863,2,1457902274,,winner,minimaxai/minimax-m2.5;moonshotai/kimi-k2.5;nvidia/nemotron-3-super-120b-a12b;z-ai/glm5,player_2,nvidia/nemotron-3-super-120b-a12b,0,46,25,0.5435,3,0.1200,36,67,0.5373,14,0.3889,,
exp1_m12_g2_1775610327504,1,nim,https://integrate.api.nvidia.com/v1,2026-03-26,p1939995863,2,1457902274,,winner,minimaxai/minimax-m2.5;moonshotai/kimi-k2.5;nvidia/nemotron-3-super-120b-a12b;z-ai/glm5,player_3,z-ai/glm5,1,47,24,0.5106,1,0.0417,16,40,0.4000,5,0.3125,,
exp1_m12_g3_1775660414213,1,nim,https://integrate.api.nvidia.com/v1,2026-03-26,p1939995863,2,1457902275,,winner,moonshotai/kimi-k2.5;minimaxai/minimax-m2.5;nvidia/nemotron-3-super-120b-a12b;z-ai/glm5,player_0,moonshotai/kimi-k2.5,0,35,13,0.3714,0,0.0000,64,105,0.6095,37,0.5781,,
exp1_m12_g3_1775660414213,1,nim,https://integrate.api.nvidia.com/v1,2026-03-26,p1939995863,2,1457902275,,winner,moonshotai/kimi-k2.5;minimaxai/minimax-m2.5;nvidia/nemotron-3-super-120b-a12b;z-ai/glm5,player_1,minimaxai/minimax-m2.5,1,35,15,0.4286,2,0.1333,21,62,0.3387,11,0.5238,,
exp1_m12_g3_1775660414213,1,nim,https://integrate.api.nvidia.com/v1,2026-03-26,p1939995863,2,1457902275,,winner,moonshotai/kimi-k2.5;minimaxai/minimax-m2.5;nvidia/nemotron-3-super-120b-a12b;z-ai/glm5,player_2,nvidia/nemotron-3-super-120b-a12b,0,35,18,0.5143,2,0.1111,20,41,0.4878,7,0.3500,,
exp1_m12_g3_1775660414213,1,nim,https://integrate.api.nvidia.com/v1,2026-03-26,p1939995863,2,1457902275,,winner,moonshotai/kimi-k2.5;minimaxai/minimax-m2.5;nvidia/nemotron-3-super-120b-a12b;z-ai/glm5,player_3,z-ai/glm5,0,35,20,0.5714,2,0.1000,12,32,0.3750,5,0.4167,,
exp1_m12_g4_1775702332619,1,nim,https://integrate.api.nvidia.com/v1,2026-03-26,p1939995863,2,1457902276,,winner,minimaxai/minimax-m2.5;moonshotai/kimi-k2.5;z-ai/glm5;nvidia/nemotron-3-super-120b-a12b,player_0,minimaxai/minimax-m2.5,0,23,5,0.2174,2,0.4000,36,67,0.5373,22,0.6111,,
exp1_m12_g4_1775702332619,1,nim,https://integrate.api.nvidia.com/v1,2026-03-26,p1939995863,2,1457902276,,winner,minimaxai/minimax-m2.5;moonshotai/kimi-k2.5;z-ai/glm5;nvidia/nemotron-3-super-120b-a12b,player_1,moonshotai/kimi-k2.5,1,23,11,0.4783,2,0.1818,8,44,0.1818,5,0.6250,,
exp1_m12_g4_1775702332619,1,nim,https://integrate.api.nvidia.com/v1,2026-03-26,p1939995863,2,1457902276,,winner,minimaxai/minimax-m2.5;moonshotai/kimi-k2.5;z-ai/glm5;nvidia/nemotron-3-super-120b-a12b,player_2,z-ai/glm5,0,22,11,0.5000,1,0.0909,9,37,0.2432,2,0.2222,,
exp1_m12_g4_1775702332619,1,nim,https://integrate.api.nvidia.com/v1,2026-03-26,p1939995863,2,1457902276,,winner,minimaxai/minimax-m2.5;moonshotai/kimi-k2.5;z-ai/glm5;nvidia/nemotron-3-super-120b-a12b,player_3,nvidia/nemotron-3-super-120b-a12b,0,22,14,0.6364,3,0.2143,10,29,0.3448,4,0.4000,,
exp1_m12_g5_1775718859262,1,nim,https://integrate.api.nvidia.com/v1,2026-03-26,p1939995863,2,1457902277,,winner,nvidia/nemotron-3-super-120b-a12b;z-ai/glm5;moonshotai/kimi-k2.5;minimaxai/minimax-m2.5,player_0,nvidia/nemotron-3-super-120b-a12b,0,22,11,0.5000,0,0.0000,40,66,0.6061,22,0.5500,,
exp1_m12_g5_1775718859262,1,nim,https://integrate.api.nvidia.com/v1,2026-03-26,p1939995863,2,1457902277,,winner,nvidia/nemotron-3-super-120b-a12b;z-ai/glm5;moonshotai/kimi-k2.5;minimaxai/minimax-m2.5,player_1,z-ai/glm5,0,22,5,0.2273,0,0.0000,19,37,0.5135,10,0.5263,,
exp1_m12_g5_1775718859262,1,nim,https://integrate.api.nvidia.com/v1,2026-03-26,p1939995863,2,1457902277,,winner,nvidia/nemotron-3-super-120b-a12b;z-ai/glm5;moonshotai/kimi-k2.5;minimaxai/minimax-m2.5,player_2,moonshotai/kimi-k2.5,1,22,9,0.4091,0,0.0000,8,23,0.3478,2,0.2500,,
exp1_m12_g5_1775718859262,1,nim,https://integrate.api.nvidia.com/v1,2026-03-26,p1939995863,2,1457902277,,winner,nvidia/nemotron-3-super-120b-a12b;z-ai/glm5;moonshotai/kimi-k2.5;minimaxai/minimax-m2.5,player_3,minimaxai/minimax-m2.5,0,22,12,0.5455,2,0.1667,5,17,0.2941,1,0.2000,,
exp1_m12_g6_1775745557199,1,nim,https://integrate.api.nvidia.com/v1,2026-03-26,p1939995863,2,1457902278,,winner,nvidia/nemotron-3-super-120b-a12b;moonshotai/kimi-k2.5;z-ai/glm5;minimaxai/minimax-m2.5,player_0,nvidia/nemotron-3-super-120b-a12b,0,39,16,0.4103,2,0.1250,71,120,0.5917,43,0.6056,,
exp1_m12_g6_1775745557199,1,nim,https://integrate.api.nvidia.com/v1,2026-03-26,p1939995863,2,1457902278,,winner,nvidia/nemotron-3-super-120b-a12b;moonshotai/kimi-k2.5;z-ai/glm5;minimaxai/minimax-m2.5,player_1,moonshotai/kimi-k2.5,0,40,20,0.5000,2,0.1000,28,73,0.3836,16,0.5714,,
exp1_m12_g6_1775745557199,1,nim,https://integrate.api.nvidia.com/v1,2026-03-26,p1939995863,2,1457902278,,winner,nvidia/nemotron-3-super-120b-a12b;moonshotai/kimi-k2.5;z-ai/glm5;minimaxai/minimax-m2.5,player_2,z-ai/glm5,0,40,20,0.5000,1,0.0500,20,46,0.4348,7,0.3500,,
exp1_m12_g6_1775745557199,1,nim,https://integrate.api.nvidia.com/v1,2026-03-26,p1939995863,2,1457902278,,winner,nvidia/nemotron-3-super-120b-a12b;moonshotai/kimi-k2.5;z-ai/glm5;minimaxai/minimax-m2.5,player_3,minimaxai/minimax-m2.5,1,40,20,0.5000,0,0.0000,11,36,0.3056,5,0.4545,,
exp1_m12_g7_1775783643001,1,nim,https://integrate.api.nvidia.com/v1,2026-03-26,p1939995863,2,1457902279,,winner,minimaxai/minimax-m2.5;nvidia/nemotron-3-super-120b-a12b;moonshotai/kimi-k2.5;z-ai/glm5,player_0,minimaxai/minimax-m2.5,0,30,4,0.1333,0,0.0000,60,91,0.6593,35,0.5833,,
exp1_m12_g7_1775783643001,1,nim,https://integrate.api.nvidia.com/v1,2026-03-26,p1939995863,2,1457902279,,winner,minimaxai/minimax-m2.5;nvidia/nemotron-3-super-120b-a12b;moonshotai/kimi-k2.5;z-ai/glm5,player_1,nvidia/nemotron-3-super-120b-a12b,0,30,15,0.5000,3,0.2000,25,51,0.4902,12,0.4800,,
exp1_m12_g7_1775783643001,1,nim,https://integrate.api.nvidia.com/v1,2026-03-26,p1939995863,2,1457902279,,winner,minimaxai/minimax-m2.5;nvidia/nemotron-3-super-120b-a12b;moonshotai/kimi-k2.5;z-ai/glm5,player_2,moonshotai/kimi-k2.5,1,31,17,0.5484,0,0.0000,7,33,0.2121,4,0.5714,,
exp1_m12_g7_1775783643001,1,nim,https://integrate.api.nvidia.com/v1,2026-03-26,p1939995863,2,1457902279,,winner,minimaxai/minimax-m2.5;nvidia/nemotron-3-super-120b-a12b;moonshotai/kimi-k2.5;z-ai/glm5,player_3,z-ai/glm5,0,30,21,0.7000,0,0.0000,8,27,0.2963,3,0.3750,,
exp1_m12_g8_1775803580879,1,nim,https://integrate.api.nvidia.com/v1,2026-03-26,p1939995863,2,1457902280,,winner,z-ai/glm5;nvidia/nemotron-3-super-120b-a12b;moonshotai/kimi-k2.5;minimaxai/minimax-m2.5,player_0,z-ai/glm5,0,19,4,0.2105,2,0.5000,35,58,0.6034,18,0.5143,,
exp1_m12_g8_1775803580879,1,nim,https://integrate.api.nvidia.com/v1,2026-03-26,p1939995863,2,1457902280,,winner,z-ai/glm5;nvidia/nemotron-3-super-120b-a12b;moonshotai/kimi-k2.5;minimaxai/minimax-m2.5,player_1,nvidia/nemotron-3-super-120b-a12b,0,19,6,0.3158,0,0.0000,17,36,0.4722,5,0.2941,,
exp1_m12_g8_1775803580879,1,nim,https://integrate.api.nvidia.com/v1,2026-03-26,p1939995863,2,1457902280,,winner,z-ai/glm5;nvidia/nemotron-3-super-120b-a12b;moonshotai/kimi-k2.5;minimaxai/minimax-m2.5,player_2,moonshotai/kimi-k2.5,0,19,10,0.5263,0,0.0000,3,20,0.1500,0,0.0000,,
exp1_m12_g8_1775803580879,1,nim,https://integrate.api.nvidia.com/v1,2026-03-26,p1939995863,2,1457902280,,winner,z-ai/glm5;nvidia/nemotron-3-super-120b-a12b;moonshotai/kimi-k2.5;minimaxai/minimax-m2.5,player_3,minimaxai/minimax-m2.5,1,20,8,0.4000,1,0.1250,7,18,0.3889,2,0.2857,,
exp1_m12_g9_1775820260869,1,nim,https://integrate.api.nvidia.com/v1,2026-03-26,p1939995863,2,1457902281,,winner,minimaxai/minimax-m2.5;nvidia/nemotron-3-super-120b-a12b;moonshotai/kimi-k2.5;z-ai/glm5,player_0,minimaxai/minimax-m2.5,0,13,5,0.3846,1,0.2000,14,39,0.3590,3,0.2143,,
exp1_m12_g9_1775820260869,1,nim,https://integrate.api.nvidia.com/v1,2026-03-26,p1939995863,2,1457902281,,winner,minimaxai/minimax-m2.5;nvidia/nemotron-3-super-120b-a12b;moonshotai/kimi-k2.5;z-ai/glm5,player_1,nvidia/nemotron-3-super-120b-a12b,0,13,4,0.3077,0,0.0000,9,30,0.3000,4,0.4444,,
exp1_m12_g9_1775820260869,1,nim,https://integrate.api.nvidia.com/v1,2026-03-26,p1939995863,2,1457902281,,winner,minimaxai/minimax-m2.5;nvidia/nemotron-3-super-120b-a12b;moonshotai/kimi-k2.5;z-ai/glm5,player_2,moonshotai/kimi-k2.5,1,13,4,0.3077,3,0.7500,7,25,0.2800,6,0.8571,,
exp1_m12_g9_1775820260869,1,nim,https://integrate.api.nvidia.com/v1,2026-03-26,p1939995863,2,1457902281,,winner,minimaxai/minimax-m2.5;nvidia/nemotron-3-super-120b-a12b;moonshotai/kimi-k2.5;z-ai/glm5,player_3,z-ai/glm5,0,13,4,0.3077,0,0.0000,5,16,0.3125,0,0.0000,,
exp1_m13_g0_1775832908657,1,nim,https://integrate.api.nvidia.com/v1,2026-03-26,p1939995863,2,1457903233,,winner,minimaxai/minimax-m2.5;mistralai/mistral-small-4-119b-2603;moonshotai/kimi-k2.5;z-ai/glm5,player_0,minimaxai/minimax-m2.5,0,18,5,0.2778,0,0.0000,20,55,0.3636,9,0.4500,,
exp1_m13_g0_1775832908657,1,nim,https://integrate.api.nvidia.com/v1,2026-03-26,p1939995863,2,1457903233,,winner,minimaxai/minimax-m2.5;mistralai/mistral-small-4-119b-2603;moonshotai/kimi-k2.5;z-ai/glm5,player_1,mistralai/mistral-small-4-119b-2603,0,18,4,0.2222,2,0.5000,28,39,0.7179,8,0.2857,,
exp1_m13_g0_1775832908657,1,nim,https://integrate.api.nvidia.com/v1,2026-03-26,p1939995863,2,1457903233,,winner,minimaxai/minimax-m2.5;mistralai/mistral-small-4-119b-2603;moonshotai/kimi-k2.5;z-ai/glm5,player_2,moonshotai/kimi-k2.5,0,18,10,0.5556,0,0.0000,8,23,0.3478,4,0.5000,,
exp1_m13_g0_1775832908657,1,nim,https://integrate.api.nvidia.com/v1,2026-03-26,p1939995863,2,1457903233,,winner,minimaxai/minimax-m2.5;mistralai/mistral-small-4-119b-2603;moonshotai/kimi-k2.5;z-ai/glm5,player_3,z-ai/glm5,1,19,6,0.3158,0,0.0000,6,17,0.3529,2,0.3333,,
exp1_m13_g1_1775843556075,1,nim,https://integrate.api.nvidia.com/v1,2026-03-26,p1939995863,2,1457903234,,winner,moonshotai/kimi-k2.5;mistralai/mistral-small-4-119b-2603;minimaxai/minimax-m2.5;z-ai/glm5,player_0,moonshotai/kimi-k2.5,0,28,12,0.4286,2,0.1667,36,85,0.4235,20,0.5556,,
exp1_m13_g1_1775843556075,1,nim,https://integrate.api.nvidia.com/v1,2026-03-26,p1939995863,2,1457903234,,winner,moonshotai/kimi-k2.5;mistralai/mistral-small-4-119b-2603;minimaxai/minimax-m2.5;z-ai/glm5,player_1,mistralai/mistral-small-4-119b-2603,0,28,2,0.0714,1,0.5000,39,51,0.7647,11,0.2821,,
exp1_m13_g1_1775843556075,1,nim,https://integrate.api.nvidia.com/v1,2026-03-26,p1939995863,2,1457903234,,winner,moonshotai/kimi-k2.5;mistralai/mistral-small-4-119b-2603;minimaxai/minimax-m2.5;z-ai/glm5,player_2,minimaxai/minimax-m2.5,0,28,7,0.2500,1,0.1429,9,35,0.2571,2,0.2222,,
exp1_m13_g1_1775843556075,1,nim,https://integrate.api.nvidia.com/v1,2026-03-26,p1939995863,2,1457903234,,winner,moonshotai/kimi-k2.5;mistralai/mistral-small-4-119b-2603;minimaxai/minimax-m2.5;z-ai/glm5,player_3,z-ai/glm5,1,29,18,0.6207,2,0.1111,3,26,0.1154,0,0.0000,,
exp1_m13_g2_1775863292428,1,nim,https://integrate.api.nvidia.com/v1,2026-03-26,p1939995863,2,1457903235,,winner,z-ai/glm5;moonshotai/kimi-k2.5;minimaxai/minimax-m2.5;mistralai/mistral-small-4-119b-2603,player_0,z-ai/glm5,0,16,3,0.1875,0,0.0000,25,47,0.5319,10,0.4000,,
exp1_m13_g2_1775863292428,1,nim,https://integrate.api.nvidia.com/v1,2026-03-26,p1939995863,2,1457903235,,winner,z-ai/glm5;moonshotai/kimi-k2.5;minimaxai/minimax-m2.5;mistralai/mistral-small-4-119b-2603,player_1,moonshotai/kimi-k2.5,1,16,9,0.5625,3,0.3333,10,31,0.3226,4,0.4000,,
exp1_m13_g2_1775863292428,1,nim,https://integrate.api.nvidia.com/v1,2026-03-26,p1939995863,2,1457903235,,winner,z-ai/glm5;moonshotai/kimi-k2.5;minimaxai/minimax-m2.5;mistralai/mistral-small-4-119b-2603,player_2,minimaxai/minimax-m2.5,0,15,8,0.5333,1,0.1250,5,23,0.2174,2,0.4000,,
exp1_m13_g2_1775863292428,1,nim,https://integrate.api.nvidia.com/v1,2026-03-26,p1939995863,2,1457903235,,winner,z-ai/glm5;moonshotai/kimi-k2.5;minimaxai/minimax-m2.5;mistralai/mistral-small-4-119b-2603,player_3,mistralai/mistral-small-4-119b-2603,0,16,3,0.1875,0,0.0000,12,19,0.6316,3,0.2500,,
exp1_m13_g3_1775868314798,1,nim,https://integrate.api.nvidia.com/v1,2026-03-26,p1939995863,2,1457903236,,winner,moonshotai/kimi-k2.5;mistralai/mistral-small-4-119b-2603;minimaxai/minimax-m2.5;z-ai/glm5,player_0,moonshotai/kimi-k2.5,1,38,18,0.4737,2,0.1111,38,111,0.3423,21,0.5526,,
exp1_m13_g3_1775868314798,1,nim,https://integrate.api.nvidia.com/v1,2026-03-26,p1939995863,2,1457903236,,winner,moonshotai/kimi-k2.5;mistralai/mistral-small-4-119b-2603;minimaxai/minimax-m2.5;z-ai/glm5,player_1,mistralai/mistral-small-4-119b-2603,0,37,3,0.0811,0,0.0000,57,78,0.7308,19,0.3333,,
exp1_m13_g3_1775868314798,1,nim,https://integrate.api.nvidia.com/v1,2026-03-26,p1939995863,2,1457903236,,winner,moonshotai/kimi-k2.5;mistralai/mistral-small-4-119b-2603;minimaxai/minimax-m2.5;z-ai/glm5,player_2,minimaxai/minimax-m2.5,0,37,11,0.2973,0,0.0000,14,45,0.3111,2,0.1429,,
exp1_m13_g3_1775868314798,1,nim,https://integrate.api.nvidia.com/v1,2026-03-26,p1939995863,2,1457903236,,winner,moonshotai/kimi-k2.5;mistralai/mistral-small-4-119b-2603;minimaxai/minimax-m2.5;z-ai/glm5,player_3,z-ai/glm5,0,37,16,0.4324,1,0.0625,9,37,0.2432,3,0.3333,,
exp1_m13_g4_1775887881518,1,nim,https://integrate.api.nvidia.com/v1,2026-03-26,p1939995863,2,1457903237,,winner,minimaxai/minimax-m2.5;moonshotai/kimi-k2.5;mistralai/mistral-small-4-119b-2603;z-ai/glm5,player_0,minimaxai/minimax-m2.5,0,14,5,0.3571,1,0.2000,11,42,0.2619,5,0.4545,,
exp1_m13_g4_1775887881518,1,nim,https://integrate.api.nvidia.com/v1,2026-03-26,p1939995863,2,1457903237,,winner,minimaxai/minimax-m2.5;moonshotai/kimi-k2.5;mistralai/mistral-small-4-119b-2603;z-ai/glm5,player_1,moonshotai/kimi-k2.5,1,14,4,0.2857,2,0.5000,11,36,0.3056,6,0.5455,,
exp1_m13_g4_1775887881518,1,nim,https://integrate.api.nvidia.com/v1,2026-03-26,p1939995863,2,1457903237,,winner,minimaxai/minimax-m2.5;moonshotai/kimi-k2.5;mistralai/mistral-small-4-119b-2603;z-ai/glm5,player_2,mistralai/mistral-small-4-119b-2603,0,14,2,0.1429,1,0.5000,15,25,0.6000,0,0.0000,,
exp1_m13_g4_1775887881518,1,nim,https://integrate.api.nvidia.com/v1,2026-03-26,p1939995863,2,1457903237,,winner,minimaxai/minimax-m2.5;moonshotai/kimi-k2.5;mistralai/mistral-small-4-119b-2603;z-ai/glm5,player_3,z-ai/glm5,0,14,4,0.2857,0,0.0000,1,16,0.0625,0,0.0000,,
exp1_m13_g5_1775924855578,1,nim,https://integrate.api.nvidia.com/v1,2026-03-26,p1939995863,2,1457903238,,winner,z-ai/glm5;moonshotai/kimi-k2.5;minimaxai/minimax-m2.5;mistralai/mistral-small-4-119b-2603,player_0,z-ai/glm5,0,50,16,0.3200,3,0.1875,67,151,0.4437,38,0.5672,,
exp1_m13_g5_1775924855578,1,nim,https://integrate.api.nvidia.com/v1,2026-03-26,p1939995863,2,1457903238,,winner,z-ai/glm5;moonshotai/kimi-k2.5;minimaxai/minimax-m2.5;mistralai/mistral-small-4-119b-2603,player_1,moonshotai/kimi-k2.5,1,51,34,0.6667,3,0.0882,10,114,0.0877,5,0.5000,,
exp1_m13_g5_1775924855578,1,nim,https://integrate.api.nvidia.com/v1,2026-03-26,p1939995863,2,1457903238,,winner,z-ai/glm5;moonshotai/kimi-k2.5;minimaxai/minimax-m2.5;mistralai/mistral-small-4-119b-2603,player_2,minimaxai/minimax-m2.5,0,50,13,0.2600,0,0.0000,37,95,0.3895,11,0.2973,,
exp1_m13_g5_1775924855578,1,nim,https://integrate.api.nvidia.com/v1,2026-03-26,p1939995863,2,1457903238,,winner,z-ai/glm5;moonshotai/kimi-k2.5;minimaxai/minimax-m2.5;mistralai/mistral-small-4-119b-2603,player_3,mistralai/mistral-small-4-119b-2603,0,50,8,0.1600,2,0.2500,45,67,0.6716,9,0.2000,,
exp1_m13_g6_1775947570986,1,nim,https://integrate.api.nvidia.com/v1,2026-03-26,p1939995863,2,1457903239,,winner,mistralai/mistral-small-4-119b-2603;moonshotai/kimi-k2.5;minimaxai/minimax-m2.5;z-ai/glm5,player_0,mistralai/mistral-small-4-119b-2603,0,47,4,0.0851,1,0.2500,115,142,0.8099,64,0.5565,,
exp1_m13_g6_1775947570986,1,nim,https://integrate.api.nvidia.com/v1,2026-03-26,p1939995863,2,1457903239,,winner,mistralai/mistral-small-4-119b-2603;moonshotai/kimi-k2.5;minimaxai/minimax-m2.5;z-ai/glm5,player_1,moonshotai/kimi-k2.5,0,47,28,0.5957,1,0.0357,8,64,0.1250,5,0.6250,,
exp1_m13_g6_1775947570986,1,nim,https://integrate.api.nvidia.com/v1,2026-03-26,p1939995863,2,1457903239,,winner,mistralai/mistral-small-4-119b-2603;moonshotai/kimi-k2.5;minimaxai/minimax-m2.5;z-ai/glm5,player_2,minimaxai/minimax-m2.5,0,47,20,0.4255,1,0.0500,23,61,0.3770,2,0.0870,,
exp1_m13_g6_1775947570986,1,nim,https://integrate.api.nvidia.com/v1,2026-03-26,p1939995863,2,1457903239,,winner,mistralai/mistral-small-4-119b-2603;moonshotai/kimi-k2.5;minimaxai/minimax-m2.5;z-ai/glm5,player_3,z-ai/glm5,1,48,30,0.6250,3,0.1000,12,38,0.3158,5,0.4167,,
exp1_m13_g7_1775964130789,1,nim,https://integrate.api.nvidia.com/v1,2026-03-26,p1939995863,2,1457903240,,winner,moonshotai/kimi-k2.5;mistralai/mistral-small-4-119b-2603;z-ai/glm5;minimaxai/minimax-m2.5,player_0,moonshotai/kimi-k2.5,0,39,15,0.3846,0,0.0000,51,120,0.4250,28,0.5490,,
exp1_m13_g7_1775964130789,1,nim,https://integrate.api.nvidia.com/v1,2026-03-26,p1939995863,2,1457903240,,winner,moonshotai/kimi-k2.5;mistralai/mistral-small-4-119b-2603;z-ai/glm5;minimaxai/minimax-m2.5,player_1,mistralai/mistral-small-4-119b-2603,0,40,5,0.1250,2,0.4000,53,72,0.7361,17,0.3208,,
exp1_m13_g7_1775964130789,1,nim,https://integrate.api.nvidia.com/v1,2026-03-26,p1939995863,2,1457903240,,winner,moonshotai/kimi-k2.5;mistralai/mistral-small-4-119b-2603;z-ai/glm5;minimaxai/minimax-m2.5,player_2,z-ai/glm5,0,40,16,0.4000,2,0.1250,19,49,0.3878,5,0.2632,,
exp1_m13_g7_1775964130789,1,nim,https://integrate.api.nvidia.com/v1,2026-03-26,p1939995863,2,1457903240,,winner,moonshotai/kimi-k2.5;mistralai/mistral-small-4-119b-2603;z-ai/glm5;minimaxai/minimax-m2.5,player_3,minimaxai/minimax-m2.5,1,40,20,0.5000,1,0.0500,11,32,0.3438,1,0.0909,,
exp1_m13_g8_1775984435428,1,nim,https://integrate.api.nvidia.com/v1,2026-03-26,p1939995863,2,1457903241,,winner,mistralai/mistral-small-4-119b-2603;z-ai/glm5;moonshotai/kimi-k2.5;minimaxai/minimax-m2.5,player_0,mistralai/mistral-small-4-119b-2603,0,35,2,0.0571,1,0.5000,82,103,0.7961,40,0.4878,,
exp1_m13_g8_1775984435428,1,nim,https://integrate.api.nvidia.com/v1,2026-03-26,p1939995863,2,1457903241,,winner,mistralai/mistral-small-4-119b-2603;z-ai/glm5;moonshotai/kimi-k2.5;minimaxai/minimax-m2.5,player_1,z-ai/glm5,1,35,12,0.3429,2,0.1667,17,49,0.3469,4,0.2353,,
exp1_m13_g8_1775984435428,1,nim,https://integrate.api.nvidia.com/v1,2026-03-26,p1939995863,2,1457903241,,winner,mistralai/mistral-small-4-119b-2603;z-ai/glm5;moonshotai/kimi-k2.5;minimaxai/minimax-m2.5,player_2,moonshotai/kimi-k2.5,0,34,26,0.7647,2,0.0769,0,35,0.0000,0,0.0000,,
exp1_m13_g8_1775984435428,1,nim,https://integrate.api.nvidia.com/v1,2026-03-26,p1939995863,2,1457903241,,winner,mistralai/mistral-small-4-119b-2603;z-ai/glm5;moonshotai/kimi-k2.5;minimaxai/minimax-m2.5,player_3,minimaxai/minimax-m2.5,0,34,12,0.3529,2,0.1667,13,33,0.3939,1,0.0769,,
exp1_m13_g9_1776015151974,1,nim,https://integrate.api.nvidia.com/v1,2026-03-26,p1939995863,2,1457903242,,winner,z-ai/glm5;moonshotai/kimi-k2.5;mistralai/mistral-small-4-119b-2603;minimaxai/minimax-m2.5,player_0,z-ai/glm5,0,30,7,0.2333,1,0.1429,39,93,0.4194,21,0.5385,,
exp1_m13_g9_1776015151974,1,nim,https://integrate.api.nvidia.com/v1,2026-03-26,p1939995863,2,1457903242,,winner,z-ai/glm5;moonshotai/kimi-k2.5;mistralai/mistral-small-4-119b-2603;minimaxai/minimax-m2.5,player_1,moonshotai/kimi-k2.5,0,31,19,0.6129,0,0.0000,16,68,0.2353,8,0.5000,,
exp1_m13_g9_1776015151974,1,nim,https://integrate.api.nvidia.com/v1,2026-03-26,p1939995863,2,1457903242,,winner,z-ai/glm5;moonshotai/kimi-k2.5;mistralai/mistral-small-4-119b-2603;minimaxai/minimax-m2.5,player_2,mistralai/mistral-small-4-119b-2603,0,31,7,0.2258,4,0.5714,37,46,0.8043,7,0.1892,,
exp1_m13_g9_1776015151974,1,nim,https://integrate.api.nvidia.com/v1,2026-03-26,p1939995863,2,1457903242,,winner,z-ai/glm5;moonshotai/kimi-k2.5;mistralai/mistral-small-4-119b-2603;minimaxai/minimax-m2.5,player_3,minimaxai/minimax-m2.5,1,31,13,0.4194,0,0.0000,7,29,0.2414,5,0.7143,,
exp1_m14_g0_1776024563195,1,nim,https://integrate.api.nvidia.com/v1,2026-03-26,p1939995863,2,1457904194,,winner,mistralai/mistral-small-4-119b-2603;z-ai/glm5;moonshotai/kimi-k2.5;nvidia/nemotron-3-super-120b-a12b,player_0,mistralai/mistral-small-4-119b-2603,0,12,2,0.1667,0,0.0000,30,37,0.8108,12,0.4000,,
exp1_m14_g0_1776024563195,1,nim,https://integrate.api.nvidia.com/v1,2026-03-26,p1939995863,2,1457904194,,winner,mistralai/mistral-small-4-119b-2603;z-ai/glm5;moonshotai/kimi-k2.5;nvidia/nemotron-3-super-120b-a12b,player_1,z-ai/glm5,1,13,1,0.0769,0,0.0000,5,18,0.2778,2,0.4000,,
exp1_m14_g0_1776024563195,1,nim,https://integrate.api.nvidia.com/v1,2026-03-26,p1939995863,2,1457904194,,winner,mistralai/mistral-small-4-119b-2603;z-ai/glm5;moonshotai/kimi-k2.5;nvidia/nemotron-3-super-120b-a12b,player_2,moonshotai/kimi-k2.5,0,12,7,0.5833,1,0.1429,2,11,0.1818,1,0.5000,,
exp1_m14_g0_1776024563195,1,nim,https://integrate.api.nvidia.com/v1,2026-03-26,p1939995863,2,1457904194,,winner,mistralai/mistral-small-4-119b-2603;z-ai/glm5;moonshotai/kimi-k2.5;nvidia/nemotron-3-super-120b-a12b,player_3,nvidia/nemotron-3-super-120b-a12b,0,12,7,0.5833,1,0.1429,2,10,0.2000,0,0.0000,,
exp1_m14_g1_1776028625761,1,nim,https://integrate.api.nvidia.com/v1,2026-03-26,p1939995863,2,1457904195,,winner,z-ai/glm5;mistralai/mistral-small-4-119b-2603;nvidia/nemotron-3-super-120b-a12b;moonshotai/kimi-k2.5,player_0,z-ai/glm5,0,24,7,0.2917,2,0.2857,22,72,0.3056,9,0.4091,,
exp1_m14_g1_1776028625761,1,nim,https://integrate.api.nvidia.com/v1,2026-03-26,p1939995863,2,1457904195,,winner,z-ai/glm5;mistralai/mistral-small-4-119b-2603;nvidia/nemotron-3-super-120b-a12b;moonshotai/kimi-k2.5,player_1,mistralai/mistral-small-4-119b-2603,0,24,5,0.2083,2,0.4000,35,56,0.6250,10,0.2857,,
exp1_m14_g1_1776028625761,1,nim,https://integrate.api.nvidia.com/v1,2026-03-26,p1939995863,2,1457904195,,winner,z-ai/glm5;mistralai/mistral-small-4-119b-2603;nvidia/nemotron-3-super-120b-a12b;moonshotai/kimi-k2.5,player_2,nvidia/nemotron-3-super-120b-a12b,1,24,10,0.4167,2,0.2000,6,31,0.1935,2,0.3333,,
exp1_m14_g1_1776028625761,1,nim,https://integrate.api.nvidia.com/v1,2026-03-26,p1939995863,2,1457904195,,winner,z-ai/glm5;mistralai/mistral-small-4-119b-2603;nvidia/nemotron-3-super-120b-a12b;moonshotai/kimi-k2.5,player_3,moonshotai/kimi-k2.5,0,24,8,0.3333,1,0.1250,4,29,0.1379,2,0.5000,,
exp1_m14_g2_1776037862542,1,nim,https://integrate.api.nvidia.com/v1,2026-03-26,p1939995863,2,1457904196,,winner,moonshotai/kimi-k2.5;nvidia/nemotron-3-super-120b-a12b;mistralai/mistral-small-4-119b-2603;z-ai/glm5,player_0,moonshotai/kimi-k2.5,0,29,12,0.4138,2,0.1667,32,90,0.3556,19,0.5938,,
exp1_m14_g2_1776037862542,1,nim,https://integrate.api.nvidia.com/v1,2026-03-26,p1939995863,2,1457904196,,winner,moonshotai/kimi-k2.5;nvidia/nemotron-3-super-120b-a12b;mistralai/mistral-small-4-119b-2603;z-ai/glm5,player_1,nvidia/nemotron-3-super-120b-a12b,0,30,15,0.5000,2,0.1333,23,67,0.3433,9,0.3913,,
exp1_m14_g2_1776037862542,1,nim,https://integrate.api.nvidia.com/v1,2026-03-26,p1939995863,2,1457904196,,winner,moonshotai/kimi-k2.5;nvidia/nemotron-3-super-120b-a12b;mistralai/mistral-small-4-119b-2603;z-ai/glm5,player_2,mistralai/mistral-small-4-119b-2603,0,30,7,0.2333,3,0.4286,23,42,0.5476,6,0.2609,,
exp1_m14_g2_1776037862542,1,nim,https://integrate.api.nvidia.com/v1,2026-03-26,p1939995863,2,1457904196,,winner,moonshotai/kimi-k2.5;nvidia/nemotron-3-super-120b-a12b;mistralai/mistral-small-4-119b-2603;z-ai/glm5,player_3,z-ai/glm5,1,30,13,0.4333,4,0.3077,8,32,0.2500,2,0.2500,,
exp1_m14_g3_1776061172545,1,nim,https://integrate.api.nvidia.com/v1,2026-03-26,p1939995863,2,1457904197,,winner,z-ai/glm5;nvidia/nemotron-3-super-120b-a12b;mistralai/mistral-small-4-119b-2603;moonshotai/kimi-k2.5,player_0,z-ai/glm5,0,37,6,0.1622,0,0.0000,63,111,0.5676,37,0.5873,,
exp1_m14_g3_1776061172545,1,nim,https://integrate.api.nvidia.com/v1,2026-03-26,p1939995863,2,1457904197,,winner,z-ai/glm5;nvidia/nemotron-3-super-120b-a12b;mistralai/mistral-small-4-119b-2603;moonshotai/kimi-k2.5,player_1,nvidia/nemotron-3-super-120b-a12b,0,37,21,0.5676,0,0.0000,16,71,0.2254,5,0.3125,,
exp1_m14_g3_1776061172545,1,nim,https://integrate.api.nvidia.com/v1,2026-03-26,p1939995863,2,1457904197,,winner,z-ai/glm5;nvidia/nemotron-3-super-120b-a12b;mistralai/mistral-small-4-119b-2603;moonshotai/kimi-k2.5,player_2,mistralai/mistral-small-4-119b-2603,0,37,7,0.1892,2,0.2857,41,52,0.7885,11,0.2683,,
exp1_m14_g3_1776061172545,1,nim,https://integrate.api.nvidia.com/v1,2026-03-26,p1939995863,2,1457904197,,winner,z-ai/glm5;nvidia/nemotron-3-super-120b-a12b;mistralai/mistral-small-4-119b-2603;moonshotai/kimi-k2.5,player_3,moonshotai/kimi-k2.5,1,37,23,0.6216,0,0.0000,3,26,0.1154,2,0.6667,,
exp1_m14_g4_1776086740965,1,nim,https://integrate.api.nvidia.com/v1,2026-03-26,p1939995863,2,1457904198,,winner,nvidia/nemotron-3-super-120b-a12b;moonshotai/kimi-k2.5;z-ai/glm5;mistralai/mistral-small-4-119b-2603,player_0,nvidia/nemotron-3-super-120b-a12b,0,62,24,0.3871,0,0.0000,128,186,0.6882,87,0.6797,,
exp1_m14_g4_1776086740965,1,nim,https://integrate.api.nvidia.com/v1,2026-03-26,p1939995863,2,1457904198,,winner,nvidia/nemotron-3-super-120b-a12b;moonshotai/kimi-k2.5;z-ai/glm5;mistralai/mistral-small-4-119b-2603,player_1,moonshotai/kimi-k2.5,1,62,52,0.8387,2,0.0385,22,105,0.2095,16,0.7273,,
exp1_m14_g4_1776086740965,1,nim,https://integrate.api.nvidia.com/v1,2026-03-26,p1939995863,2,1457904198,,winner,nvidia/nemotron-3-super-120b-a12b;moonshotai/kimi-k2.5;z-ai/glm5;mistralai/mistral-small-4-119b-2603,player_2,z-ai/glm5,0,62,34,0.5484,3,0.0882,34,80,0.4250,15,0.4412,,
exp1_m14_g4_1776086740965,1,nim,https://integrate.api.nvidia.com/v1,2026-03-26,p1939995863,2,1457904198,,winner,nvidia/nemotron-3-super-120b-a12b;moonshotai/kimi-k2.5;z-ai/glm5;mistralai/mistral-small-4-119b-2603,player_3,mistralai/mistral-small-4-119b-2603,0,62,28,0.4516,1,0.0357,42,51,0.8235,14,0.3333,,
exp1_m14_g5_1776151757212,1,nim,https://integrate.api.nvidia.com/v1,2026-03-26,p1939995863,2,1457904199,,winner,moonshotai/kimi-k2.5;nvidia/nemotron-3-super-120b-a12b;mistralai/mistral-small-4-119b-2603;z-ai/glm5,player_0,moonshotai/kimi-k2.5,0,21,12,0.5714,2,0.1667,21,66,0.3182,11,0.5238,,
exp1_m14_g5_1776151757212,1,nim,https://integrate.api.nvidia.com/v1,2026-03-26,p1939995863,2,1457904199,,winner,moonshotai/kimi-k2.5;nvidia/nemotron-3-super-120b-a12b;mistralai/mistral-small-4-119b-2603;z-ai/glm5,player_1,nvidia/nemotron-3-super-120b-a12b,0,22,10,0.4545,1,0.1000,24,49,0.4898,12,0.5000,,
exp1_m14_g5_1776151757212,1,nim,https://integrate.api.nvidia.com/v1,2026-03-26,p1939995863,2,1457904199,,winner,moonshotai/kimi-k2.5;nvidia/nemotron-3-super-120b-a12b;mistralai/mistral-small-4-119b-2603;z-ai/glm5,player_2,mistralai/mistral-small-4-119b-2603,0,22,4,0.1818,0,0.0000,18,30,0.6000,7,0.3889,,
exp1_m14_g5_1776151757212,1,nim,https://integrate.api.nvidia.com/v1,2026-03-26,p1939995863,2,1457904199,,winner,moonshotai/kimi-k2.5;nvidia/nemotron-3-super-120b-a12b;mistralai/mistral-small-4-119b-2603;z-ai/glm5,player_3,z-ai/glm5,1,22,11,0.5000,2,0.1818,7,21,0.3333,2,0.2857,,
exp1_m14_g6_1776172796061,1,nim,https://integrate.api.nvidia.com/v1,2026-03-26,p1939995863,2,1457904200,,winner,nvidia/nemotron-3-super-120b-a12b;mistralai/mistral-small-4-119b-2603;moonshotai/kimi-k2.5;z-ai/glm5,player_0,nvidia/nemotron-3-super-120b-a12b,0,33,16,0.4848,3,0.1875,41,99,0.4141,20,0.4878,,
exp1_m14_g6_1776172796061,1,nim,https://integrate.api.nvidia.com/v1,2026-03-26,p1939995863,2,1457904200,,winner,nvidia/nemotron-3-super-120b-a12b;mistralai/mistral-small-4-119b-2603;moonshotai/kimi-k2.5;z-ai/glm5,player_1,mistralai/mistral-small-4-119b-2603,0,33,1,0.0303,1,1.0000,43,62,0.6935,15,0.3488,,
exp1_m14_g6_1776172796061,1,nim,https://integrate.api.nvidia.com/v1,2026-03-26,p1939995863,2,1457904200,,winner,nvidia/nemotron-3-super-120b-a12b;mistralai/mistral-small-4-119b-2603;moonshotai/kimi-k2.5;z-ai/glm5,player_2,moonshotai/kimi-k2.5,1,33,18,0.5455,3,0.1667,3,43,0.0698,2,0.6667,,
exp1_m14_g6_1776172796061,1,nim,https://integrate.api.nvidia.com/v1,2026-03-26,p1939995863,2,1457904200,,winner,nvidia/nemotron-3-super-120b-a12b;mistralai/mistral-small-4-119b-2603;moonshotai/kimi-k2.5;z-ai/glm5,player_3,z-ai/glm5,0,33,13,0.3939,0,0.0000,13,39,0.3333,4,0.3077,,
exp1_m14_g7_1776201700248,1,nim,https://integrate.api.nvidia.com/v1,2026-03-26,p1939995863,2,1457904201,,winner,z-ai/glm5;mistralai/mistral-small-4-119b-2603;moonshotai/kimi-k2.5;nvidia/nemotron-3-super-120b-a12b,player_0,z-ai/glm5,0,19,4,0.2105,0,0.0000,20,57,0.3509,10,0.5000,,
exp1_m14_g7_1776201700248,1,nim,https://integrate.api.nvidia.com/v1,2026-03-26,p1939995863,2,1457904201,,winner,z-ai/glm5;mistralai/mistral-small-4-119b-2603;moonshotai/kimi-k2.5;nvidia/nemotron-3-super-120b-a12b,player_1,mistralai/mistral-small-4-119b-2603,0,19,4,0.2105,0,0.0000,31,40,0.7750,10,0.3226,,
exp1_m14_g7_1776201700248,1,nim,https://integrate.api.nvidia.com/v1,2026-03-26,p1939995863,2,1457904201,,winner,z-ai/glm5;mistralai/mistral-small-4-119b-2603;moonshotai/kimi-k2.5;nvidia/nemotron-3-super-120b-a12b,player_2,moonshotai/kimi-k2.5,1,19,7,0.3684,0,0.0000,4,23,0.1739,2,0.5000,,
exp1_m14_g7_1776201700248,1,nim,https://integrate.api.nvidia.com/v1,2026-03-26,p1939995863,2,1457904201,,winner,z-ai/glm5;mistralai/mistral-small-4-119b-2603;moonshotai/kimi-k2.5;nvidia/nemotron-3-super-120b-a12b,player_3,nvidia/nemotron-3-super-120b-a12b,0,19,9,0.4737,0,0.0000,6,21,0.2857,2,0.3333,,
exp1_m14_g8_1776211082224,1,nim,https://integrate.api.nvidia.com/v1,2026-03-26,p1939995863,2,1457904202,,winner,mistralai/mistral-small-4-119b-2603;z-ai/glm5;nvidia/nemotron-3-super-120b-a12b;moonshotai/kimi-k2.5,player_0,mistralai/mistral-small-4-119b-2603,0,9,1,0.1111,1,1.0000,21,30,0.7000,7,0.3333,,
exp1_m14_g8_1776211082224,1,nim,https://integrate.api.nvidia.com/v1,2026-03-26,p1939995863,2,1457904202,,winner,mistralai/mistral-small-4-119b-2603;z-ai/glm5;nvidia/nemotron-3-super-120b-a12b;moonshotai/kimi-k2.5,player_1,z-ai/glm5,0,10,2,0.2000,0,0.0000,2,16,0.1250,0,0.0000,,
exp1_m14_g8_1776211082224,1,nim,https://integrate.api.nvidia.com/v1,2026-03-26,p1939995863,2,1457904202,,winner,mistralai/mistral-small-4-119b-2603;z-ai/glm5;nvidia/nemotron-3-super-120b-a12b;moonshotai/kimi-k2.5,player_2,nvidia/nemotron-3-super-120b-a12b,0,10,6,0.6000,1,0.1667,2,14,0.1429,0,0.0000,,
exp1_m14_g8_1776211082224,1,nim,https://integrate.api.nvidia.com/v1,2026-03-26,p1939995863,2,1457904202,,winner,mistralai/mistral-small-4-119b-2603;z-ai/glm5;nvidia/nemotron-3-super-120b-a12b;moonshotai/kimi-k2.5,player_3,moonshotai/kimi-k2.5,1,10,1,0.1000,0,0.0000,1,11,0.0909,1,1.0000,,
exp1_m14_g9_1776215374492,1,nim,https://integrate.api.nvidia.com/v1,2026-03-26,p1939995863,2,1457904203,,winner,moonshotai/kimi-k2.5;nvidia/nemotron-3-super-120b-a12b;z-ai/glm5;mistralai/mistral-small-4-119b-2603,player_0,moonshotai/kimi-k2.5,1,27,13,0.4815,2,0.1538,26,79,0.3291,14,0.5385,,
exp1_m14_g9_1776215374492,1,nim,https://integrate.api.nvidia.com/v1,2026-03-26,p1939995863,2,1457904203,,winner,moonshotai/kimi-k2.5;nvidia/nemotron-3-super-120b-a12b;z-ai/glm5;mistralai/mistral-small-4-119b-2603,player_1,nvidia/nemotron-3-super-120b-a12b,0,26,11,0.4231,1,0.0909,30,62,0.4839,15,0.5000,,
exp1_m14_g9_1776215374492,1,nim,https://integrate.api.nvidia.com/v1,2026-03-26,p1939995863,2,1457904203,,winner,moonshotai/kimi-k2.5;nvidia/nemotron-3-super-120b-a12b;z-ai/glm5;mistralai/mistral-small-4-119b-2603,player_2,z-ai/glm5,0,26,5,0.1923,0,0.0000,20,43,0.4651,6,0.3000,,
exp1_m14_g9_1776215374492,1,nim,https://integrate.api.nvidia.com/v1,2026-03-26,p1939995863,2,1457904203,,winner,moonshotai/kimi-k2.5;nvidia/nemotron-3-super-120b-a12b;z-ai/glm5;mistralai/mistral-small-4-119b-2603,player_3,mistralai/mistral-small-4-119b-2603,0,27,12,0.4444,0,0.0000,15,24,0.6250,3,0.2000,,
exp1_m1_g0_1774871060506,1,nim,https://integrate.api.nvidia.com/v1,2026-03-26,p1939995863,2,47029342,,winner,qwen/qwen3.5-397b-a17b;z-ai/glm5;nvidia/nemotron-3-super-120b-a12b;minimaxai/minimax-m2.5,player_0,qwen/qwen3.5-397b-a17b,0,30,9,0.3000,2,0.2222,50,93,0.5376,23,0.4600,,
exp1_m1_g0_1774871060506,1,nim,https://integrate.api.nvidia.com/v1,2026-03-26,p1939995863,2,47029342,,winner,qwen/qwen3.5-397b-a17b;z-ai/glm5;nvidia/nemotron-3-super-120b-a12b;minimaxai/minimax-m2.5,player_1,z-ai/glm5,0,31,11,0.3548,0,0.0000,21,54,0.3889,9,0.4286,,
exp1_m1_g0_1774871060506,1,nim,https://integrate.api.nvidia.com/v1,2026-03-26,p1939995863,2,47029342,,winner,qwen/qwen3.5-397b-a17b;z-ai/glm5;nvidia/nemotron-3-super-120b-a12b;minimaxai/minimax-m2.5,player_2,nvidia/nemotron-3-super-120b-a12b,0,31,12,0.3871,1,0.0833,16,45,0.3556,8,0.5000,,
exp1_m1_g0_1774871060506,1,nim,https://integrate.api.nvidia.com/v1,2026-03-26,p1939995863,2,47029342,,winner,qwen/qwen3.5-397b-a17b;z-ai/glm5;nvidia/nemotron-3-super-120b-a12b;minimaxai/minimax-m2.5,player_3,minimaxai/minimax-m2.5,1,31,14,0.4516,1,0.0714,4,31,0.1290,2,0.5000,,
exp1_m1_g1_1774974305734,1,nim,https://integrate.api.nvidia.com/v1,2026-03-26,p1939995863,2,47029343,,winner,qwen/qwen3.5-397b-a17b;minimaxai/minimax-m2.5;nvidia/nemotron-3-super-120b-a12b;z-ai/glm5,player_0,qwen/qwen3.5-397b-a17b,0,40,14,0.3500,1,0.0714,73,121,0.6033,43,0.5890,,
exp1_m1_g1_1774974305734,1,nim,https://integrate.api.nvidia.com/v1,2026-03-26,p1939995863,2,47029343,,winner,qwen/qwen3.5-397b-a17b;minimaxai/minimax-m2.5;nvidia/nemotron-3-super-120b-a12b;z-ai/glm5,player_1,minimaxai/minimax-m2.5,0,40,11,0.2750,0,0.0000,35,70,0.5000,14,0.4000,,
exp1_m1_g1_1774974305734,1,nim,https://integrate.api.nvidia.com/v1,2026-03-26,p1939995863,2,47029343,,winner,qwen/qwen3.5-397b-a17b;minimaxai/minimax-m2.5;nvidia/nemotron-3-super-120b-a12b;z-ai/glm5,player_2,nvidia/nemotron-3-super-120b-a12b,0,40,23,0.5750,2,0.0870,21,43,0.4884,7,0.3333,,
exp1_m1_g1_1774974305734,1,nim,https://integrate.api.nvidia.com/v1,2026-03-26,p1939995863,2,47029343,,winner,qwen/qwen3.5-397b-a17b;minimaxai/minimax-m2.5;nvidia/nemotron-3-super-120b-a12b;z-ai/glm5,player_3,z-ai/glm5,1,41,24,0.5854,1,0.0417,11,27,0.4074,4,0.3636,,
exp1_m1_g2_1775006125481,1,nim,https://integrate.api.nvidia.com/v1,2026-03-26,p1939995863,2,47029344,,winner,qwen/qwen3.5-397b-a17b;z-ai/glm5;minimaxai/minimax-m2.5;nvidia/nemotron-3-super-120b-a12b,player_0,qwen/qwen3.5-397b-a17b,0,103,30,0.2913,2,0.0667,171,311,0.5498,95,0.5556,,
exp1_m1_g2_1775006125481,1,nim,https://integrate.api.nvidia.com/v1,2026-03-26,p1939995863,2,47029344,,winner,qwen/qwen3.5-397b-a17b;z-ai/glm5;minimaxai/minimax-m2.5;nvidia/nemotron-3-super-120b-a12b,player_1,z-ai/glm5,0,103,28,0.2718,9,0.3214,84,178,0.4719,26,0.3095,,
exp1_m1_g2_1775006125481,1,nim,https://integrate.api.nvidia.com/v1,2026-03-26,p1939995863,2,47029344,,winner,qwen/qwen3.5-397b-a17b;z-ai/glm5;minimaxai/minimax-m2.5;nvidia/nemotron-3-super-120b-a12b,player_2,minimaxai/minimax-m2.5,0,104,44,0.4231,2,0.0455,45,128,0.3516,11,0.2444,,
exp1_m1_g2_1775006125481,1,nim,https://integrate.api.nvidia.com/v1,2026-03-26,p1939995863,2,47029344,,winner,qwen/qwen3.5-397b-a17b;z-ai/glm5;minimaxai/minimax-m2.5;nvidia/nemotron-3-super-120b-a12b,player_3,nvidia/nemotron-3-super-120b-a12b,1,104,64,0.6154,3,0.0469,37,105,0.3524,18,0.4865,,
exp1_m1_g3_1775090111319,1,nim,https://integrate.api.nvidia.com/v1,2026-03-26,p1939995863,2,47029345,,winner,qwen/qwen3.5-397b-a17b;z-ai/glm5;nvidia/nemotron-3-super-120b-a12b;minimaxai/minimax-m2.5,player_0,qwen/qwen3.5-397b-a17b,0,20,8,0.4000,0,0.0000,26,58,0.4483,14,0.5385,,
exp1_m1_g3_1775090111319,1,nim,https://integrate.api.nvidia.com/v1,2026-03-26,p1939995863,2,47029345,,winner,qwen/qwen3.5-397b-a17b;z-ai/glm5;nvidia/nemotron-3-super-120b-a12b;minimaxai/minimax-m2.5,player_1,z-ai/glm5,1,20,6,0.3000,2,0.3333,11,38,0.2895,4,0.3636,,
exp1_m1_g3_1775090111319,1,nim,https://integrate.api.nvidia.com/v1,2026-03-26,p1939995863,2,47029345,,winner,qwen/qwen3.5-397b-a17b;z-ai/glm5;nvidia/nemotron-3-super-120b-a12b;minimaxai/minimax-m2.5,player_2,nvidia/nemotron-3-super-120b-a12b,0,19,8,0.4211,0,0.0000,18,33,0.5455,7,0.3889,,
exp1_m1_g3_1775090111319,1,nim,https://integrate.api.nvidia.com/v1,2026-03-26,p1939995863,2,47029345,,winner,qwen/qwen3.5-397b-a17b;z-ai/glm5;nvidia/nemotron-3-super-120b-a12b;minimaxai/minimax-m2.5,player_3,minimaxai/minimax-m2.5,0,19,8,0.4211,1,0.1250,6,21,0.2857,2,0.3333,,
exp1_m1_g4_1775099231603,1,nim,https://integrate.api.nvidia.com/v1,2026-03-26,p1939995863,2,47029346,,winner,z-ai/glm5;nvidia/nemotron-3-super-120b-a12b;qwen/qwen3.5-397b-a17b;minimaxai/minimax-m2.5,player_0,z-ai/glm5,0,62,13,0.2097,1,0.0769,121,188,0.6436,79,0.6529,,
exp1_m1_g4_1775099231603,1,nim,https://integrate.api.nvidia.com/v1,2026-03-26,p1939995863,2,47029346,,winner,z-ai/glm5;nvidia/nemotron-3-super-120b-a12b;qwen/qwen3.5-397b-a17b;minimaxai/minimax-m2.5,player_1,nvidia/nemotron-3-super-120b-a12b,0,63,33,0.5238,2,0.0606,58,108,0.5370,23,0.3966,,
exp1_m1_g4_1775099231603,1,nim,https://integrate.api.nvidia.com/v1,2026-03-26,p1939995863,2,47029346,,winner,z-ai/glm5;nvidia/nemotron-3-super-120b-a12b;qwen/qwen3.5-397b-a17b;minimaxai/minimax-m2.5,player_2,qwen/qwen3.5-397b-a17b,1,63,32,0.5079,3,0.0938,25,62,0.4032,5,0.2000,,
exp1_m1_g4_1775099231603,1,nim,https://integrate.api.nvidia.com/v1,2026-03-26,p1939995863,2,47029346,,winner,z-ai/glm5;nvidia/nemotron-3-super-120b-a12b;qwen/qwen3.5-397b-a17b;minimaxai/minimax-m2.5,player_3,minimaxai/minimax-m2.5,0,62,40,0.6452,2,0.0500,11,38,0.2895,3,0.2727,,
exp1_m1_g5_1775170458660,1,nim,https://integrate.api.nvidia.com/v1,2026-03-26,p1939995863,2,47029347,,winner,nvidia/nemotron-3-super-120b-a12b;qwen/qwen3.5-397b-a17b;z-ai/glm5;minimaxai/minimax-m2.5,player_0,nvidia/nemotron-3-super-120b-a12b,0,67,23,0.3433,1,0.0435,137,200,0.6850,85,0.6204,,
exp1_m1_g5_1775170458660,1,nim,https://integrate.api.nvidia.com/v1,2026-03-26,p1939995863,2,47029347,,winner,nvidia/nemotron-3-super-120b-a12b;qwen/qwen3.5-397b-a17b;z-ai/glm5;minimaxai/minimax-m2.5,player_1,qwen/qwen3.5-397b-a17b,1,67,36,0.5373,4,0.1111,46,107,0.4299,19,0.4130,,
exp1_m1_g5_1775170458660,1,nim,https://integrate.api.nvidia.com/v1,2026-03-26,p1939995863,2,47029347,,winner,nvidia/nemotron-3-super-120b-a12b;qwen/qwen3.5-397b-a17b;z-ai/glm5;minimaxai/minimax-m2.5,player_2,z-ai/glm5,0,66,31,0.4697,1,0.0323,29,69,0.4203,15,0.5172,,
exp1_m1_g5_1775170458660,1,nim,https://integrate.api.nvidia.com/v1,2026-03-26,p1939995863,2,47029347,,winner,nvidia/nemotron-3-super-120b-a12b;qwen/qwen3.5-397b-a17b;z-ai/glm5;minimaxai/minimax-m2.5,player_3,minimaxai/minimax-m2.5,0,67,44,0.6567,2,0.0455,17,48,0.3542,7,0.4118,,
exp1_m1_g6_1775206875693,1,nim,https://integrate.api.nvidia.com/v1,2026-03-26,p1939995863,2,47029348,,winner,nvidia/nemotron-3-super-120b-a12b;minimaxai/minimax-m2.5;z-ai/glm5;qwen/qwen3.5-397b-a17b,player_0,nvidia/nemotron-3-super-120b-a12b,0,60,27,0.4500,1,0.0370,103,182,0.5659,58,0.5631,,
exp1_m1_g6_1775206875693,1,nim,https://integrate.api.nvidia.com/v1,2026-03-26,p1939995863,2,47029348,,winner,nvidia/nemotron-3-super-120b-a12b;minimaxai/minimax-m2.5;z-ai/glm5;qwen/qwen3.5-397b-a17b,player_1,minimaxai/minimax-m2.5,0,60,21,0.3500,2,0.0952,47,106,0.4434,23,0.4894,,
exp1_m1_g6_1775206875693,1,nim,https://integrate.api.nvidia.com/v1,2026-03-26,p1939995863,2,47029348,,winner,nvidia/nemotron-3-super-120b-a12b;minimaxai/minimax-m2.5;z-ai/glm5;qwen/qwen3.5-397b-a17b,player_2,z-ai/glm5,0,61,24,0.3934,5,0.2083,35,74,0.4730,15,0.4286,,
exp1_m1_g6_1775206875693,1,nim,https://integrate.api.nvidia.com/v1,2026-03-26,p1939995863,2,47029348,,winner,nvidia/nemotron-3-super-120b-a12b;minimaxai/minimax-m2.5;z-ai/glm5;qwen/qwen3.5-397b-a17b,player_3,qwen/qwen3.5-397b-a17b,1,61,38,0.6230,2,0.0526,14,49,0.2857,4,0.2857,,
exp1_m1_g7_1775244954417,1,nim,https://integrate.api.nvidia.com/v1,2026-03-26,p1939995863,2,47029349,,winner,z-ai/glm5;qwen/qwen3.5-397b-a17b;nvidia/nemotron-3-super-120b-a12b;minimaxai/minimax-m2.5,player_0,z-ai/glm5,0,29,7,0.2414,3,0.4286,41,90,0.4556,23,0.5610,,
exp1_m1_g7_1775244954417,1,nim,https://integrate.api.nvidia.com/v1,2026-03-26,p1939995863,2,47029349,,winner,z-ai/glm5;qwen/qwen3.5-397b-a17b;nvidia/nemotron-3-super-120b-a12b;minimaxai/minimax-m2.5,player_1,qwen/qwen3.5-397b-a17b,0,30,10,0.3333,3,0.3000,22,62,0.3548,6,0.2727,,
exp1_m1_g7_1775244954417,1,nim,https://integrate.api.nvidia.com/v1,2026-03-26,p1939995863,2,47029349,,winner,z-ai/glm5;qwen/qwen3.5-397b-a17b;nvidia/nemotron-3-super-120b-a12b;minimaxai/minimax-m2.5,player_2,nvidia/nemotron-3-super-120b-a12b,0,30,15,0.5000,2,0.1333,18,48,0.3750,6,0.3333,,
exp1_m1_g7_1775244954417,1,nim,https://integrate.api.nvidia.com/v1,2026-03-26,p1939995863,2,47029349,,winner,z-ai/glm5;qwen/qwen3.5-397b-a17b;nvidia/nemotron-3-super-120b-a12b;minimaxai/minimax-m2.5,player_3,minimaxai/minimax-m2.5,1,30,16,0.5333,3,0.1875,7,32,0.2188,2,0.2857,,
exp1_m1_g8_1775255956615,1,nim,https://integrate.api.nvidia.com/v1,2026-03-26,p1939995863,2,47029350,,winner,z-ai/glm5;nvidia/nemotron-3-super-120b-a12b;minimaxai/minimax-m2.5;qwen/qwen3.5-397b-a17b,player_0,z-ai/glm5,0,13,2,0.1538,1,0.5000,18,41,0.4390,10,0.5556,,
exp1_m1_g8_1775255956615,1,nim,https://integrate.api.nvidia.com/v1,2026-03-26,p1939995863,2,47029350,,winner,z-ai/glm5;nvidia/nemotron-3-super-120b-a12b;minimaxai/minimax-m2.5;qwen/qwen3.5-397b-a17b,player_1,nvidia/nemotron-3-super-120b-a12b,0,14,6,0.4286,1,0.1667,12,30,0.4000,3,0.2500,,
exp1_m1_g8_1775255956615,1,nim,https://integrate.api.nvidia.com/v1,2026-03-26,p1939995863,2,47029350,,winner,z-ai/glm5;nvidia/nemotron-3-super-120b-a12b;minimaxai/minimax-m2.5;qwen/qwen3.5-397b-a17b,player_2,minimaxai/minimax-m2.5,1,14,6,0.4286,2,0.3333,3,17,0.1765,0,0.0000,,
exp1_m1_g8_1775255956615,1,nim,https://integrate.api.nvidia.com/v1,2026-03-26,p1939995863,2,47029350,,winner,z-ai/glm5;nvidia/nemotron-3-super-120b-a12b;minimaxai/minimax-m2.5;qwen/qwen3.5-397b-a17b,player_3,qwen/qwen3.5-397b-a17b,0,13,6,0.4615,2,0.3333,4,19,0.2105,1,0.2500,,
exp1_m1_g9_1775262622612,1,nim,https://integrate.api.nvidia.com/v1,2026-03-26,p1939995863,2,47029351,,winner,qwen/qwen3.5-397b-a17b;nvidia/nemotron-3-super-120b-a12b;minimaxai/minimax-m2.5;z-ai/glm5,player_0,qwen/qwen3.5-397b-a17b,0,58,20,0.3448,1,0.0500,72,175,0.4114,37,0.5139,,
exp1_m1_g9_1775262622612,1,nim,https://integrate.api.nvidia.com/v1,2026-03-26,p1939995863,2,47029351,,winner,qwen/qwen3.5-397b-a17b;nvidia/nemotron-3-super-120b-a12b;minimaxai/minimax-m2.5;z-ai/glm5,player_1,nvidia/nemotron-3-super-120b-a12b,0,58,25,0.4310,4,0.1600,59,123,0.4797,30,0.5085,,
exp1_m1_g9_1775262622612,1,nim,https://integrate.api.nvidia.com/v1,2026-03-26,p1939995863,2,47029351,,winner,qwen/qwen3.5-397b-a17b;nvidia/nemotron-3-super-120b-a12b;minimaxai/minimax-m2.5;z-ai/glm5,player_2,minimaxai/minimax-m2.5,1,59,28,0.4746,2,0.0714,22,78,0.2821,11,0.5000,,
exp1_m1_g9_1775262622612,1,nim,https://integrate.api.nvidia.com/v1,2026-03-26,p1939995863,2,47029351,,winner,qwen/qwen3.5-397b-a17b;nvidia/nemotron-3-super-120b-a12b;minimaxai/minimax-m2.5;z-ai/glm5,player_3,z-ai/glm5,0,58,23,0.3966,4,0.1739,23,64,0.3594,7,0.3043,,
exp1_m2_g0_1775295337557,1,nim,https://integrate.api.nvidia.com/v1,2026-03-26,p1939995863,2,47030303,,winner,qwen/qwen3.5-397b-a17b;moonshotai/kimi-k2.5;minimaxai/minimax-m2.5;nvidia/nemotron-3-super-120b-a12b,player_0,qwen/qwen3.5-397b-a17b,0,19,8,0.4211,0,0.0000,27,58,0.4655,16,0.5926,,
exp1_m2_g0_1775295337557,1,nim,https://integrate.api.nvidia.com/v1,2026-03-26,p1939995863,2,47030303,,winner,qwen/qwen3.5-397b-a17b;moonshotai/kimi-k2.5;minimaxai/minimax-m2.5;nvidia/nemotron-3-super-120b-a12b,player_1,moonshotai/kimi-k2.5,1,20,9,0.4500,0,0.0000,10,38,0.2632,8,0.8000,,
exp1_m2_g0_1775295337557,1,nim,https://integrate.api.nvidia.com/v1,2026-03-26,p1939995863,2,47030303,,winner,qwen/qwen3.5-397b-a17b;moonshotai/kimi-k2.5;minimaxai/minimax-m2.5;nvidia/nemotron-3-super-120b-a12b,player_2,minimaxai/minimax-m2.5,0,19,5,0.2632,0,0.0000,19,31,0.6129,5,0.2632,,
exp1_m2_g0_1775295337557,1,nim,https://integrate.api.nvidia.com/v1,2026-03-26,p1939995863,2,47030303,,winner,qwen/qwen3.5-397b-a17b;moonshotai/kimi-k2.5;minimaxai/minimax-m2.5;nvidia/nemotron-3-super-120b-a12b,player_3,nvidia/nemotron-3-super-120b-a12b,0,19,9,0.4737,0,0.0000,6,19,0.3158,2,0.3333,,
exp1_m2_g1_1775319705950,1,nim,https://integrate.api.nvidia.com/v1,2026-03-26,p1939995863,2,47030304,,winner,qwen/qwen3.5-397b-a17b;moonshotai/kimi-k2.5;nvidia/nemotron-3-super-120b-a12b;minimaxai/minimax-m2.5,player_0,qwen/qwen3.5-397b-a17b,0,13,5,0.3846,0,0.0000,13,39,0.3333,7,0.5385,,
exp1_m2_g1_1775319705950,1,nim,https://integrate.api.nvidia.com/v1,2026-03-26,p1939995863,2,47030304,,winner,qwen/qwen3.5-397b-a17b;moonshotai/kimi-k2.5;nvidia/nemotron-3-super-120b-a12b;minimaxai/minimax-m2.5,player_1,moonshotai/kimi-k2.5,0,13,5,0.3846,1,0.2000,15,31,0.4839,4,0.2667,,
exp1_m2_g1_1775319705950,1,nim,https://integrate.api.nvidia.com/v1,2026-03-26,p1939995863,2,47030304,,winner,qwen/qwen3.5-397b-a17b;moonshotai/kimi-k2.5;nvidia/nemotron-3-super-120b-a12b;minimaxai/minimax-m2.5,player_2,nvidia/nemotron-3-super-120b-a12b,0,13,4,0.3077,1,0.2500,4,18,0.2222,2,0.5000,,
exp1_m2_g1_1775319705950,1,nim,https://integrate.api.nvidia.com/v1,2026-03-26,p1939995863,2,47030304,,winner,qwen/qwen3.5-397b-a17b;moonshotai/kimi-k2.5;nvidia/nemotron-3-super-120b-a12b;minimaxai/minimax-m2.5,player_3,minimaxai/minimax-m2.5,1,13,3,0.2308,0,0.0000,3,18,0.1667,2,0.6667,,
exp1_m2_g2_1775334223287,1,nim,https://integrate.api.nvidia.com/v1,2026-03-26,p1939995863,2,47030305,,winner,minimaxai/minimax-m2.5;moonshotai/kimi-k2.5;nvidia/nemotron-3-super-120b-a12b;qwen/qwen3.5-397b-a17b,player_0,minimaxai/minimax-m2.5,0,47,9,0.1915,0,0.0000,79,139,0.5683,46,0.5823,,
exp1_m2_g2_1775334223287,1,nim,https://integrate.api.nvidia.com/v1,2026-03-26,p1939995863,2,47030305,,winner,minimaxai/minimax-m2.5;moonshotai/kimi-k2.5;nvidia/nemotron-3-super-120b-a12b;qwen/qwen3.5-397b-a17b,player_1,moonshotai/kimi-k2.5,1,47,17,0.3617,1,0.0588,31,87,0.3563,14,0.4516,,
exp1_m2_g2_1775334223287,1,nim,https://integrate.api.nvidia.com/v1,2026-03-26,p1939995863,2,47030305,,winner,minimaxai/minimax-m2.5;moonshotai/kimi-k2.5;nvidia/nemotron-3-super-120b-a12b;qwen/qwen3.5-397b-a17b,player_2,nvidia/nemotron-3-super-120b-a12b,0,46,29,0.6304,4,0.1379,23,61,0.3770,10,0.4348,,
exp1_m2_g2_1775334223287,1,nim,https://integrate.api.nvidia.com/v1,2026-03-26,p1939995863,2,47030305,,winner,minimaxai/minimax-m2.5;moonshotai/kimi-k2.5;nvidia/nemotron-3-super-120b-a12b;qwen/qwen3.5-397b-a17b,player_3,qwen/qwen3.5-397b-a17b,0,46,25,0.5435,2,0.0800,17,45,0.3778,3,0.1765,,
exp1_m2_g3_1775365767598,1,nim,https://integrate.api.nvidia.com/v1,2026-03-26,p1939995863,2,47030306,,winner,qwen/qwen3.5-397b-a17b;nvidia/nemotron-3-super-120b-a12b;moonshotai/kimi-k2.5;minimaxai/minimax-m2.5,player_0,qwen/qwen3.5-397b-a17b,0,19,9,0.4737,0,0.0000,28,56,0.5000,17,0.6071,,
exp1_m2_g3_1775365767598,1,nim,https://integrate.api.nvidia.com/v1,2026-03-26,p1939995863,2,47030306,,winner,qwen/qwen3.5-397b-a17b;nvidia/nemotron-3-super-120b-a12b;moonshotai/kimi-k2.5;minimaxai/minimax-m2.5,player_1,nvidia/nemotron-3-super-120b-a12b,0,19,8,0.4211,0,0.0000,17,39,0.4359,8,0.4706,,
exp1_m2_g3_1775365767598,1,nim,https://integrate.api.nvidia.com/v1,2026-03-26,p1939995863,2,47030306,,winner,qwen/qwen3.5-397b-a17b;nvidia/nemotron-3-super-120b-a12b;moonshotai/kimi-k2.5;minimaxai/minimax-m2.5,player_2,moonshotai/kimi-k2.5,1,19,6,0.3158,0,0.0000,8,24,0.3333,5,0.6250,,
exp1_m2_g3_1775365767598,1,nim,https://integrate.api.nvidia.com/v1,2026-03-26,p1939995863,2,47030306,,winner,qwen/qwen3.5-397b-a17b;nvidia/nemotron-3-super-120b-a12b;moonshotai/kimi-k2.5;minimaxai/minimax-m2.5,player_3,minimaxai/minimax-m2.5,0,18,8,0.4444,1,0.1250,7,15,0.4667,0,0.0000,,
exp1_m2_g4_1775380249379,1,nim,https://integrate.api.nvidia.com/v1,2026-03-26,p1939995863,2,47030307,,winner,moonshotai/kimi-k2.5;nvidia/nemotron-3-super-120b-a12b;minimaxai/minimax-m2.5;qwen/qwen3.5-397b-a17b,player_0,moonshotai/kimi-k2.5,0,25,9,0.3600,0,0.0000,37,75,0.4933,19,0.5135,,
exp1_m2_g4_1775380249379,1,nim,https://integrate.api.nvidia.com/v1,2026-03-26,p1939995863,2,47030307,,winner,moonshotai/kimi-k2.5;nvidia/nemotron-3-super-120b-a12b;minimaxai/minimax-m2.5;qwen/qwen3.5-397b-a17b,player_1,nvidia/nemotron-3-super-120b-a12b,0,25,7,0.2800,1,0.1429,29,44,0.6591,9,0.3103,,
exp1_m2_g4_1775380249379,1,nim,https://integrate.api.nvidia.com/v1,2026-03-26,p1939995863,2,47030307,,winner,moonshotai/kimi-k2.5;nvidia/nemotron-3-super-120b-a12b;minimaxai/minimax-m2.5;qwen/qwen3.5-397b-a17b,player_2,minimaxai/minimax-m2.5,0,25,8,0.3200,0,0.0000,11,28,0.3929,6,0.5455,,
exp1_m2_g4_1775380249379,1,nim,https://integrate.api.nvidia.com/v1,2026-03-26,p1939995863,2,47030307,,winner,moonshotai/kimi-k2.5;nvidia/nemotron-3-super-120b-a12b;minimaxai/minimax-m2.5;qwen/qwen3.5-397b-a17b,player_3,qwen/qwen3.5-397b-a17b,1,25,13,0.5200,1,0.0769,2,21,0.0952,1,0.5000,,
exp1_m2_g5_1775422148730,1,nim,https://integrate.api.nvidia.com/v1,2026-03-26,p1939995863,2,47030308,,winner,minimaxai/minimax-m2.5;qwen/qwen3.5-397b-a17b;moonshotai/kimi-k2.5;nvidia/nemotron-3-super-120b-a12b,player_0,minimaxai/minimax-m2.5,0,24,6,0.2500,0,0.0000,37,74,0.5000,17,0.4595,,
exp1_m2_g5_1775422148730,1,nim,https://integrate.api.nvidia.com/v1,2026-03-26,p1939995863,2,47030308,,winner,minimaxai/minimax-m2.5;qwen/qwen3.5-397b-a17b;moonshotai/kimi-k2.5;nvidia/nemotron-3-super-120b-a12b,player_1,qwen/qwen3.5-397b-a17b,0,25,8,0.3200,1,0.1250,22,45,0.4889,7,0.3182,,
exp1_m2_g5_1775422148730,1,nim,https://integrate.api.nvidia.com/v1,2026-03-26,p1939995863,2,47030308,,winner,minimaxai/minimax-m2.5;qwen/qwen3.5-397b-a17b;moonshotai/kimi-k2.5;nvidia/nemotron-3-super-120b-a12b,player_2,moonshotai/kimi-k2.5,1,25,11,0.4400,1,0.0909,6,33,0.1818,5,0.8333,,
exp1_m2_g5_1775422148730,1,nim,https://integrate.api.nvidia.com/v1,2026-03-26,p1939995863,2,47030308,,winner,minimaxai/minimax-m2.5;qwen/qwen3.5-397b-a17b;moonshotai/kimi-k2.5;nvidia/nemotron-3-super-120b-a12b,player_3,nvidia/nemotron-3-super-120b-a12b,0,24,14,0.5833,2,0.1429,10,29,0.3448,6,0.6000,,
exp1_m2_g6_1775447744886,1,nim,https://integrate.api.nvidia.com/v1,2026-03-26,p1939995863,2,47030309,,winner,moonshotai/kimi-k2.5;qwen/qwen3.5-397b-a17b;nvidia/nemotron-3-super-120b-a12b;minimaxai/minimax-m2.5,player_0,moonshotai/kimi-k2.5,0,86,33,0.3837,1,0.0303,132,260,0.5077,79,0.5985,,
exp1_m2_g6_1775447744886,1,nim,https://integrate.api.nvidia.com/v1,2026-03-26,p1939995863,2,47030309,,winner,moonshotai/kimi-k2.5;qwen/qwen3.5-397b-a17b;nvidia/nemotron-3-super-120b-a12b;minimaxai/minimax-m2.5,player_1,qwen/qwen3.5-397b-a17b,0,86,28,0.3256,4,0.1429,80,158,0.5063,36,0.4500,,
exp1_m2_g6_1775447744886,1,nim,https://integrate.api.nvidia.com/v1,2026-03-26,p1939995863,2,47030309,,winner,moonshotai/kimi-k2.5;qwen/qwen3.5-397b-a17b;nvidia/nemotron-3-super-120b-a12b;minimaxai/minimax-m2.5,player_2,nvidia/nemotron-3-super-120b-a12b,0,87,49,0.5632,6,0.1224,43,110,0.3909,19,0.4419,,
exp1_m2_g6_1775447744886,1,nim,https://integrate.api.nvidia.com/v1,2026-03-26,p1939995863,2,47030309,,winner,moonshotai/kimi-k2.5;qwen/qwen3.5-397b-a17b;nvidia/nemotron-3-super-120b-a12b;minimaxai/minimax-m2.5,player_3,minimaxai/minimax-m2.5,1,87,46,0.5287,1,0.0217,23,78,0.2949,10,0.4348,,
exp1_m2_g7_1775557415070,1,nim,https://integrate.api.nvidia.com/v1,2026-03-26,p1939995863,2,47030310,,winner,moonshotai/kimi-k2.5;qwen/qwen3.5-397b-a17b;nvidia/nemotron-3-super-120b-a12b;minimaxai/minimax-m2.5,player_0,moonshotai/kimi-k2.5,1,81,38,0.4691,3,0.0789,101,243,0.4156,67,0.6634,,
exp1_m2_g7_1775557415070,1,nim,https://integrate.api.nvidia.com/v1,2026-03-26,p1939995863,2,47030310,,winner,moonshotai/kimi-k2.5;qwen/qwen3.5-397b-a17b;nvidia/nemotron-3-super-120b-a12b;minimaxai/minimax-m2.5,player_1,qwen/qwen3.5-397b-a17b,0,81,36,0.4444,5,0.1389,70,171,0.4094,34,0.4857,,
exp1_m2_g7_1775557415070,1,nim,https://integrate.api.nvidia.com/v1,2026-03-26,p1939995863,2,47030310,,winner,moonshotai/kimi-k2.5;qwen/qwen3.5-397b-a17b;nvidia/nemotron-3-super-120b-a12b;minimaxai/minimax-m2.5,player_2,nvidia/nemotron-3-super-120b-a12b,0,81,39,0.4815,8,0.2051,57,116,0.4914,23,0.4035,,
exp1_m2_g7_1775557415070,1,nim,https://integrate.api.nvidia.com/v1,2026-03-26,p1939995863,2,47030310,,winner,moonshotai/kimi-k2.5;qwen/qwen3.5-397b-a17b;nvidia/nemotron-3-super-120b-a12b;minimaxai/minimax-m2.5,player_3,minimaxai/minimax-m2.5,0,81,35,0.4321,1,0.0286,28,83,0.3373,7,0.2500,,
exp1_m2_g8_1775629979310,1,nim,https://integrate.api.nvidia.com/v1,2026-03-26,p1939995863,2,47030311,,winner,moonshotai/kimi-k2.5;nvidia/nemotron-3-super-120b-a12b;qwen/qwen3.5-397b-a17b;minimaxai/minimax-m2.5,player_0,moonshotai/kimi-k2.5,1,38,13,0.3421,1,0.0769,67,113,0.5929,46,0.6866,,
exp1_m2_g8_1775629979310,1,nim,https://integrate.api.nvidia.com/v1,2026-03-26,p1939995863,2,47030311,,winner,moonshotai/kimi-k2.5;nvidia/nemotron-3-super-120b-a12b;qwen/qwen3.5-397b-a17b;minimaxai/minimax-m2.5,player_1,nvidia/nemotron-3-super-120b-a12b,0,37,18,0.4865,1,0.0556,39,63,0.6190,18,0.4615,,
exp1_m2_g8_1775629979310,1,nim,https://integrate.api.nvidia.com/v1,2026-03-26,p1939995863,2,47030311,,winner,moonshotai/kimi-k2.5;nvidia/nemotron-3-super-120b-a12b;qwen/qwen3.5-397b-a17b;minimaxai/minimax-m2.5,player_2,qwen/qwen3.5-397b-a17b,0,38,18,0.4737,1,0.0556,17,37,0.4595,5,0.2941,,
exp1_m2_g8_1775629979310,1,nim,https://integrate.api.nvidia.com/v1,2026-03-26,p1939995863,2,47030311,,winner,moonshotai/kimi-k2.5;nvidia/nemotron-3-super-120b-a12b;qwen/qwen3.5-397b-a17b;minimaxai/minimax-m2.5,player_3,minimaxai/minimax-m2.5,0,38,26,0.6842,1,0.0385,5,24,0.2083,2,0.4000,,
exp1_m2_g9_1775690778427,1,nim,https://integrate.api.nvidia.com/v1,2026-03-26,p1939995863,2,47030312,,winner,moonshotai/kimi-k2.5;qwen/qwen3.5-397b-a17b;minimaxai/minimax-m2.5;nvidia/nemotron-3-super-120b-a12b,player_0,moonshotai/kimi-k2.5,0,54,25,0.4630,0,0.0000,67,164,0.4085,39,0.5821,,
exp1_m2_g9_1775690778427,1,nim,https://integrate.api.nvidia.com/v1,2026-03-26,p1939995863,2,47030312,,winner,moonshotai/kimi-k2.5;qwen/qwen3.5-397b-a17b;minimaxai/minimax-m2.5;nvidia/nemotron-3-super-120b-a12b,player_1,qwen/qwen3.5-397b-a17b,0,55,8,0.1455,0,0.0000,70,111,0.6306,33,0.4714,,
exp1_m2_g9_1775690778427,1,nim,https://integrate.api.nvidia.com/v1,2026-03-26,p1939995863,2,47030312,,winner,moonshotai/kimi-k2.5;qwen/qwen3.5-397b-a17b;minimaxai/minimax-m2.5;nvidia/nemotron-3-super-120b-a12b,player_2,minimaxai/minimax-m2.5,1,55,20,0.3636,2,0.1000,24,63,0.3810,4,0.1667,,
exp1_m2_g9_1775690778427,1,nim,https://integrate.api.nvidia.com/v1,2026-03-26,p1939995863,2,47030312,,winner,moonshotai/kimi-k2.5;qwen/qwen3.5-397b-a17b;minimaxai/minimax-m2.5;nvidia/nemotron-3-super-120b-a12b,player_3,nvidia/nemotron-3-super-120b-a12b,0,54,33,0.6111,2,0.0606,20,49,0.4082,6,0.3000,,
exp1_m3_g0_1775742129622,1,nim,https://integrate.api.nvidia.com/v1,2026-03-26,p1939995863,2,47031264,,winner,z-ai/glm5;qwen/qwen3.5-397b-a17b;mistralai/mistral-small-4-119b-2603;minimaxai/minimax-m2.5,player_0,z-ai/glm5,0,44,7,0.1591,0,0.0000,70,134,0.5224,39,0.5571,,
exp1_m3_g0_1775742129622,1,nim,https://integrate.api.nvidia.com/v1,2026-03-26,p1939995863,2,47031264,,winner,z-ai/glm5;qwen/qwen3.5-397b-a17b;mistralai/mistral-small-4-119b-2603;minimaxai/minimax-m2.5,player_1,qwen/qwen3.5-397b-a17b,0,44,18,0.4091,1,0.0556,29,85,0.3412,4,0.1379,,
exp1_m3_g0_1775742129622,1,nim,https://integrate.api.nvidia.com/v1,2026-03-26,p1939995863,2,47031264,,winner,z-ai/glm5;qwen/qwen3.5-397b-a17b;mistralai/mistral-small-4-119b-2603;minimaxai/minimax-m2.5,player_2,mistralai/mistral-small-4-119b-2603,0,45,10,0.2222,1,0.1000,40,58,0.6897,10,0.2500,,
exp1_m3_g0_1775742129622,1,nim,https://integrate.api.nvidia.com/v1,2026-03-26,p1939995863,2,47031264,,winner,z-ai/glm5;qwen/qwen3.5-397b-a17b;mistralai/mistral-small-4-119b-2603;minimaxai/minimax-m2.5,player_3,minimaxai/minimax-m2.5,1,45,24,0.5333,1,0.0417,11,34,0.3235,3,0.2727,,
exp1_m3_g1_1775752113196,1,nim,https://integrate.api.nvidia.com/v1,2026-03-26,p1939995863,2,47031265,,winner,z-ai/glm5;minimaxai/minimax-m2.5;qwen/qwen3.5-397b-a17b;mistralai/mistral-small-4-119b-2603,player_0,z-ai/glm5,0,29,7,0.2414,2,0.2857,26,87,0.2989,11,0.4231,,
exp1_m3_g1_1775752113196,1,nim,https://integrate.api.nvidia.com/v1,2026-03-26,p1939995863,2,47031265,,winner,z-ai/glm5;minimaxai/minimax-m2.5;qwen/qwen3.5-397b-a17b;mistralai/mistral-small-4-119b-2603,player_1,minimaxai/minimax-m2.5,0,29,11,0.3793,1,0.0909,17,72,0.2361,7,0.4118,,
exp1_m3_g1_1775752113196,1,nim,https://integrate.api.nvidia.com/v1,2026-03-26,p1939995863,2,47031265,,winner,z-ai/glm5;minimaxai/minimax-m2.5;qwen/qwen3.5-397b-a17b;mistralai/mistral-small-4-119b-2603,player_2,qwen/qwen3.5-397b-a17b,1,29,10,0.3448,2,0.2000,6,56,0.1071,2,0.3333,,
exp1_m3_g1_1775752113196,1,nim,https://integrate.api.nvidia.com/v1,2026-03-26,p1939995863,2,47031265,,winner,z-ai/glm5;minimaxai/minimax-m2.5;qwen/qwen3.5-397b-a17b;mistralai/mistral-small-4-119b-2603,player_3,mistralai/mistral-small-4-119b-2603,0,29,2,0.0690,1,0.5000,32,51,0.6275,4,0.1250,,
exp1_m3_g2_1775757089132,1,nim,https://integrate.api.nvidia.com/v1,2026-03-26,p1939995863,2,47031266,,winner,z-ai/glm5;minimaxai/minimax-m2.5;mistralai/mistral-small-4-119b-2603;qwen/qwen3.5-397b-a17b,player_0,z-ai/glm5,0,28,7,0.2500,1,0.1429,24,86,0.2791,5,0.2083,,
exp1_m3_g2_1775757089132,1,nim,https://integrate.api.nvidia.com/v1,2026-03-26,p1939995863,2,47031266,,winner,z-ai/glm5;minimaxai/minimax-m2.5;mistralai/mistral-small-4-119b-2603;qwen/qwen3.5-397b-a17b,player_1,minimaxai/minimax-m2.5,0,28,10,0.3571,2,0.2000,23,72,0.3194,6,0.2609,,
exp1_m3_g2_1775757089132,1,nim,https://integrate.api.nvidia.com/v1,2026-03-26,p1939995863,2,47031266,,winner,z-ai/glm5;minimaxai/minimax-m2.5;mistralai/mistral-small-4-119b-2603;qwen/qwen3.5-397b-a17b,player_2,mistralai/mistral-small-4-119b-2603,0,29,5,0.1724,2,0.4000,35,50,0.7000,12,0.3429,,
exp1_m3_g2_1775757089132,1,nim,https://integrate.api.nvidia.com/v1,2026-03-26,p1939995863,2,47031266,,winner,z-ai/glm5;minimaxai/minimax-m2.5;mistralai/mistral-small-4-119b-2603;qwen/qwen3.5-397b-a17b,player_3,qwen/qwen3.5-397b-a17b,1,29,12,0.4138,2,0.1667,6,28,0.2143,4,0.6667,,
exp1_m3_g3_1775760839142,1,nim,https://integrate.api.nvidia.com/v1,2026-03-26,p1939995863,2,47031267,,winner,minimaxai/minimax-m2.5;z-ai/glm5;qwen/qwen3.5-397b-a17b;mistralai/mistral-small-4-119b-2603,player_0,minimaxai/minimax-m2.5,0,14,2,0.1429,1,0.5000,12,43,0.2791,2,0.1667,,
exp1_m3_g3_1775760839142,1,nim,https://integrate.api.nvidia.com/v1,2026-03-26,p1939995863,2,47031267,,winner,minimaxai/minimax-m2.5;z-ai/glm5;qwen/qwen3.5-397b-a17b;mistralai/mistral-small-4-119b-2603,player_1,z-ai/glm5,0,14,4,0.2857,2,0.5000,7,36,0.1944,2,0.2857,,
exp1_m3_g3_1775760839142,1,nim,https://integrate.api.nvidia.com/v1,2026-03-26,p1939995863,2,47031267,,winner,minimaxai/minimax-m2.5;z-ai/glm5;qwen/qwen3.5-397b-a17b;mistralai/mistral-small-4-119b-2603,player_2,qwen/qwen3.5-397b-a17b,1,15,4,0.2667,1,0.2500,6,29,0.2069,2,0.3333,,
exp1_m3_g3_1775760839142,1,nim,https://integrate.api.nvidia.com/v1,2026-03-26,p1939995863,2,47031267,,winner,minimaxai/minimax-m2.5;z-ai/glm5;qwen/qwen3.5-397b-a17b;mistralai/mistral-small-4-119b-2603,player_3,mistralai/mistral-small-4-119b-2603,0,14,3,0.2143,2,0.6667,13,26,0.5000,1,0.0769,,
exp1_m3_g4_1775763081578,1,nim,https://integrate.api.nvidia.com/v1,2026-03-26,p1939995863,2,47031268,,winner,minimaxai/minimax-m2.5;z-ai/glm5;qwen/qwen3.5-397b-a17b;mistralai/mistral-small-4-119b-2603,player_0,minimaxai/minimax-m2.5,0,21,7,0.3333,0,0.0000,17,64,0.2656,5,0.2941,,
exp1_m3_g4_1775763081578,1,nim,https://integrate.api.nvidia.com/v1,2026-03-26,p1939995863,2,47031268,,winner,minimaxai/minimax-m2.5;z-ai/glm5;qwen/qwen3.5-397b-a17b;mistralai/mistral-small-4-119b-2603,player_1,z-ai/glm5,0,21,5,0.2381,1,0.2000,24,53,0.4528,12,0.5000,,
exp1_m3_g4_1775763081578,1,nim,https://integrate.api.nvidia.com/v1,2026-03-26,p1939995863,2,47031268,,winner,minimaxai/minimax-m2.5;z-ai/glm5;qwen/qwen3.5-397b-a17b;mistralai/mistral-small-4-119b-2603,player_2,qwen/qwen3.5-397b-a17b,1,22,12,0.5455,3,0.2500,6,37,0.1622,1,0.1667,,
exp1_m3_g4_1775763081578,1,nim,https://integrate.api.nvidia.com/v1,2026-03-26,p1939995863,2,47031268,,winner,minimaxai/minimax-m2.5;z-ai/glm5;qwen/qwen3.5-397b-a17b;mistralai/mistral-small-4-119b-2603,player_3,mistralai/mistral-small-4-119b-2603,0,21,5,0.2381,3,0.6000,18,29,0.6207,4,0.2222,,
exp1_m3_g5_1775767449644,1,nim,https://integrate.api.nvidia.com/v1,2026-03-26,p1939995863,2,47031269,,winner,mistralai/mistral-small-4-119b-2603;z-ai/glm5;minimaxai/minimax-m2.5;qwen/qwen3.5-397b-a17b,player_0,mistralai/mistral-small-4-119b-2603,0,15,0,0.0000,0,0.0000,34,47,0.7234,14,0.4118,,
exp1_m3_g5_1775767449644,1,nim,https://integrate.api.nvidia.com/v1,2026-03-26,p1939995863,2,47031269,,winner,mistralai/mistral-small-4-119b-2603;z-ai/glm5;minimaxai/minimax-m2.5;qwen/qwen3.5-397b-a17b,player_1,z-ai/glm5,0,15,7,0.4667,2,0.2857,5,24,0.2083,1,0.2000,,
exp1_m3_g5_1775767449644,1,nim,https://integrate.api.nvidia.com/v1,2026-03-26,p1939995863,2,47031269,,winner,mistralai/mistral-small-4-119b-2603;z-ai/glm5;minimaxai/minimax-m2.5;qwen/qwen3.5-397b-a17b,player_2,minimaxai/minimax-m2.5,0,16,7,0.4375,1,0.1429,3,20,0.1500,0,0.0000,,
exp1_m3_g5_1775767449644,1,nim,https://integrate.api.nvidia.com/v1,2026-03-26,p1939995863,2,47031269,,winner,mistralai/mistral-small-4-119b-2603;z-ai/glm5;minimaxai/minimax-m2.5;qwen/qwen3.5-397b-a17b,player_3,qwen/qwen3.5-397b-a17b,1,16,10,0.6250,4,0.4000,4,16,0.2500,2,0.5000,,
exp1_m3_g6_1775769340360,1,nim,https://integrate.api.nvidia.com/v1,2026-03-26,p1939995863,2,47031270,,winner,z-ai/glm5;minimaxai/minimax-m2.5;mistralai/mistral-small-4-119b-2603;qwen/qwen3.5-397b-a17b,player_0,z-ai/glm5,0,94,29,0.3085,5,0.1724,119,285,0.4175,58,0.4874,,
exp1_m3_g6_1775769340360,1,nim,https://integrate.api.nvidia.com/v1,2026-03-26,p1939995863,2,47031270,,winner,z-ai/glm5;minimaxai/minimax-m2.5;mistralai/mistral-small-4-119b-2603;qwen/qwen3.5-397b-a17b,player_1,minimaxai/minimax-m2.5,0,95,36,0.3789,5,0.1389,66,205,0.3220,22,0.3333,,
exp1_m3_g6_1775769340360,1,nim,https://integrate.api.nvidia.com/v1,2026-03-26,p1939995863,2,47031270,,winner,z-ai/glm5;minimaxai/minimax-m2.5;mistralai/mistral-small-4-119b-2603;qwen/qwen3.5-397b-a17b,player_2,mistralai/mistral-small-4-119b-2603,0,95,20,0.2105,7,0.3500,98,142,0.6901,29,0.2959,,
exp1_m3_g6_1775769340360,1,nim,https://integrate.api.nvidia.com/v1,2026-03-26,p1939995863,2,47031270,,winner,z-ai/glm5;minimaxai/minimax-m2.5;mistralai/mistral-small-4-119b-2603;qwen/qwen3.5-397b-a17b,player_3,qwen/qwen3.5-397b-a17b,1,95,48,0.5053,1,0.0208,22,88,0.2500,6,0.2727,,
exp1_m3_g7_1775786416686,1,nim,https://integrate.api.nvidia.com/v1,2026-03-26,p1939995863,2,47031271,,winner,minimaxai/minimax-m2.5;qwen/qwen3.5-397b-a17b;mistralai/mistral-small-4-119b-2603;z-ai/glm5,player_0,minimaxai/minimax-m2.5,0,44,12,0.2727,0,0.0000,37,134,0.2761,11,0.2973,,
exp1_m3_g7_1775786416686,1,nim,https://integrate.api.nvidia.com/v1,2026-03-26,p1939995863,2,47031271,,winner,minimaxai/minimax-m2.5;qwen/qwen3.5-397b-a17b;mistralai/mistral-small-4-119b-2603;z-ai/glm5,player_1,qwen/qwen3.5-397b-a17b,0,44,16,0.3636,4,0.2500,32,111,0.2883,10,0.3125,,
exp1_m3_g7_1775786416686,1,nim,https://integrate.api.nvidia.com/v1,2026-03-26,p1939995863,2,47031271,,winner,minimaxai/minimax-m2.5;qwen/qwen3.5-397b-a17b;mistralai/mistral-small-4-119b-2603;z-ai/glm5,player_2,mistralai/mistral-small-4-119b-2603,0,45,7,0.1556,3,0.4286,54,83,0.6506,20,0.3704,,
exp1_m3_g7_1775786416686,1,nim,https://integrate.api.nvidia.com/v1,2026-03-26,p1939995863,2,47031271,,winner,minimaxai/minimax-m2.5;qwen/qwen3.5-397b-a17b;mistralai/mistral-small-4-119b-2603;z-ai/glm5,player_3,z-ai/glm5,1,45,18,0.4000,4,0.2222,7,45,0.1556,1,0.1429,,
exp1_m3_g8_1775798725303,1,nim,https://integrate.api.nvidia.com/v1,2026-03-26,p1939995863,2,47031272,,winner,qwen/qwen3.5-397b-a17b;mistralai/mistral-small-4-119b-2603;z-ai/glm5;minimaxai/minimax-m2.5,player_0,qwen/qwen3.5-397b-a17b,0,32,16,0.5000,3,0.1875,35,97,0.3608,12,0.3429,,
exp1_m3_g8_1775798725303,1,nim,https://integrate.api.nvidia.com/v1,2026-03-26,p1939995863,2,47031272,,winner,qwen/qwen3.5-397b-a17b;mistralai/mistral-small-4-119b-2603;z-ai/glm5;minimaxai/minimax-m2.5,player_1,mistralai/mistral-small-4-119b-2603,0,32,1,0.0313,1,1.0000,50,71,0.7042,22,0.4400,,
exp1_m3_g8_1775798725303,1,nim,https://integrate.api.nvidia.com/v1,2026-03-26,p1939995863,2,47031272,,winner,qwen/qwen3.5-397b-a17b;mistralai/mistral-small-4-119b-2603;z-ai/glm5;minimaxai/minimax-m2.5,player_2,z-ai/glm5,1,33,15,0.4545,4,0.2667,7,37,0.1892,4,0.5714,,
exp1_m3_g8_1775798725303,1,nim,https://integrate.api.nvidia.com/v1,2026-03-26,p1939995863,2,47031272,,winner,qwen/qwen3.5-397b-a17b;mistralai/mistral-small-4-119b-2603;z-ai/glm5;minimaxai/minimax-m2.5,player_3,minimaxai/minimax-m2.5,0,32,14,0.4375,0,0.0000,3,35,0.0857,0,0.0000,,
exp1_m3_g9_1775805405765,1,nim,https://integrate.api.nvidia.com/v1,2026-03-26,p1939995863,2,47031273,,winner,qwen/qwen3.5-397b-a17b;minimaxai/minimax-m2.5;mistralai/mistral-small-4-119b-2603;z-ai/glm5,player_0,qwen/qwen3.5-397b-a17b,0,34,11,0.3235,1,0.0909,52,105,0.4952,18,0.3462,,
exp1_m3_g9_1775805405765,1,nim,https://integrate.api.nvidia.com/v1,2026-03-26,p1939995863,2,47031273,,winner,qwen/qwen3.5-397b-a17b;minimaxai/minimax-m2.5;mistralai/mistral-small-4-119b-2603;z-ai/glm5,player_1,minimaxai/minimax-m2.5,0,35,15,0.4286,1,0.0667,22,70,0.3143,7,0.3182,,
exp1_m3_g9_1775805405765,1,nim,https://integrate.api.nvidia.com/v1,2026-03-26,p1939995863,2,47031273,,winner,qwen/qwen3.5-397b-a17b;minimaxai/minimax-m2.5;mistralai/mistral-small-4-119b-2603;z-ai/glm5,player_2,mistralai/mistral-small-4-119b-2603,0,35,3,0.0857,1,0.3333,37,50,0.7400,13,0.3514,,
exp1_m3_g9_1775805405765,1,nim,https://integrate.api.nvidia.com/v1,2026-03-26,p1939995863,2,47031273,,winner,qwen/qwen3.5-397b-a17b;minimaxai/minimax-m2.5;mistralai/mistral-small-4-119b-2603;z-ai/glm5,player_3,z-ai/glm5,1,35,16,0.4571,0,0.0000,8,26,0.3077,4,0.5000,,
exp1_m4_g0_1775813758641,1,nim,https://integrate.api.nvidia.com/v1,2026-03-26,p1939995863,2,47032225,,winner,mistralai/mistral-small-4-119b-2603;qwen/qwen3.5-397b-a17b;minimaxai/minimax-m2.5;moonshotai/kimi-k2.5,player_0,mistralai/mistral-small-4-119b-2603,0,13,2,0.1538,0,0.0000,27,39,0.6923,10,0.3704,,
exp1_m4_g0_1775813758641,1,nim,https://integrate.api.nvidia.com/v1,2026-03-26,p1939995863,2,47032225,,winner,mistralai/mistral-small-4-119b-2603;qwen/qwen3.5-397b-a17b;minimaxai/minimax-m2.5;moonshotai/kimi-k2.5,player_1,qwen/qwen3.5-397b-a17b,0,13,4,0.3077,0,0.0000,6,22,0.2727,1,0.1667,,
exp1_m4_g0_1775813758641,1,nim,https://integrate.api.nvidia.com/v1,2026-03-26,p1939995863,2,47032225,,winner,mistralai/mistral-small-4-119b-2603;qwen/qwen3.5-397b-a17b;minimaxai/minimax-m2.5;moonshotai/kimi-k2.5,player_2,minimaxai/minimax-m2.5,0,13,5,0.3846,0,0.0000,8,14,0.5714,3,0.3750,,
exp1_m4_g0_1775813758641,1,nim,https://integrate.api.nvidia.com/v1,2026-03-26,p1939995863,2,47032225,,winner,mistralai/mistral-small-4-119b-2603;qwen/qwen3.5-397b-a17b;minimaxai/minimax-m2.5;moonshotai/kimi-k2.5,player_3,moonshotai/kimi-k2.5,1,13,7,0.5385,2,0.2857,2,9,0.2222,2,1.0000,,
exp1_m4_g1_1775819303594,1,nim,https://integrate.api.nvidia.com/v1,2026-03-26,p1939995863,2,47032226,,winner,mistralai/mistral-small-4-119b-2603;minimaxai/minimax-m2.5;moonshotai/kimi-k2.5;qwen/qwen3.5-397b-a17b,player_0,mistralai/mistral-small-4-119b-2603,0,30,1,0.0333,0,0.0000,65,88,0.7386,30,0.4615,,
exp1_m4_g1_1775819303594,1,nim,https://integrate.api.nvidia.com/v1,2026-03-26,p1939995863,2,47032226,,winner,mistralai/mistral-small-4-119b-2603;minimaxai/minimax-m2.5;moonshotai/kimi-k2.5;qwen/qwen3.5-397b-a17b,player_1,minimaxai/minimax-m2.5,1,30,9,0.3000,1,0.1111,15,44,0.3409,3,0.2000,,
exp1_m4_g1_1775819303594,1,nim,https://integrate.api.nvidia.com/v1,2026-03-26,p1939995863,2,47032226,,winner,mistralai/mistral-small-4-119b-2603;minimaxai/minimax-m2.5;moonshotai/kimi-k2.5;qwen/qwen3.5-397b-a17b,player_2,moonshotai/kimi-k2.5,0,29,16,0.5517,1,0.0625,2,33,0.0606,2,1.0000,,
exp1_m4_g1_1775819303594,1,nim,https://integrate.api.nvidia.com/v1,2026-03-26,p1939995863,2,47032226,,winner,mistralai/mistral-small-4-119b-2603;minimaxai/minimax-m2.5;moonshotai/kimi-k2.5;qwen/qwen3.5-397b-a17b,player_3,qwen/qwen3.5-397b-a17b,0,29,17,0.5862,3,0.1765,11,32,0.3438,3,0.2727,,
exp1_m4_g2_1775826394913,1,nim,https://integrate.api.nvidia.com/v1,2026-03-26,p1939995863,2,47032227,,winner,qwen/qwen3.5-397b-a17b;mistralai/mistral-small-4-119b-2603;moonshotai/kimi-k2.5;minimaxai/minimax-m2.5,player_0,qwen/qwen3.5-397b-a17b,0,20,10,0.5000,2,0.2000,31,62,0.5000,13,0.4194,,
exp1_m4_g2_1775826394913,1,nim,https://integrate.api.nvidia.com/v1,2026-03-26,p1939995863,2,47032227,,winner,qwen/qwen3.5-397b-a17b;mistralai/mistral-small-4-119b-2603;moonshotai/kimi-k2.5;minimaxai/minimax-m2.5,player_1,mistralai/mistral-small-4-119b-2603,0,21,5,0.2381,1,0.2000,33,38,0.8684,15,0.4545,,
exp1_m4_g2_1775826394913,1,nim,https://integrate.api.nvidia.com/v1,2026-03-26,p1939995863,2,47032227,,winner,qwen/qwen3.5-397b-a17b;mistralai/mistral-small-4-119b-2603;moonshotai/kimi-k2.5;minimaxai/minimax-m2.5,player_2,moonshotai/kimi-k2.5,1,21,11,0.5238,1,0.0909,4,17,0.2353,3,0.7500,,
exp1_m4_g2_1775826394913,1,nim,https://integrate.api.nvidia.com/v1,2026-03-26,p1939995863,2,47032227,,winner,qwen/qwen3.5-397b-a17b;mistralai/mistral-small-4-119b-2603;moonshotai/kimi-k2.5;minimaxai/minimax-m2.5,player_3,minimaxai/minimax-m2.5,0,20,9,0.4500,0,0.0000,0,14,0.0000,0,0.0000,,
exp1_m4_g3_1775833368725,1,nim,https://integrate.api.nvidia.com/v1,2026-03-26,p1939995863,2,47032228,,winner,mistralai/mistral-small-4-119b-2603;minimaxai/minimax-m2.5;moonshotai/kimi-k2.5;qwen/qwen3.5-397b-a17b,player_0,mistralai/mistral-small-4-119b-2603,0,23,5,0.2174,3,0.6000,51,70,0.7286,23,0.4510,,
exp1_m4_g3_1775833368725,1,nim,https://integrate.api.nvidia.com/v1,2026-03-26,p1939995863,2,47032228,,winner,mistralai/mistral-small-4-119b-2603;minimaxai/minimax-m2.5;moonshotai/kimi-k2.5;qwen/qwen3.5-397b-a17b,player_1,minimaxai/minimax-m2.5,0,23,6,0.2609,0,0.0000,14,36,0.3889,4,0.2857,,
exp1_m4_g3_1775833368725,1,nim,https://integrate.api.nvidia.com/v1,2026-03-26,p1939995863,2,47032228,,winner,mistralai/mistral-small-4-119b-2603;minimaxai/minimax-m2.5;moonshotai/kimi-k2.5;qwen/qwen3.5-397b-a17b,player_2,moonshotai/kimi-k2.5,1,24,13,0.5417,0,0.0000,5,22,0.2273,3,0.6000,,
exp1_m4_g3_1775833368725,1,nim,https://integrate.api.nvidia.com/v1,2026-03-26,p1939995863,2,47032228,,winner,mistralai/mistral-small-4-119b-2603;minimaxai/minimax-m2.5;moonshotai/kimi-k2.5;qwen/qwen3.5-397b-a17b,player_3,qwen/qwen3.5-397b-a17b,0,23,13,0.5652,0,0.0000,7,21,0.3333,4,0.5714,,
exp1_m4_g4_1775848505866,1,nim,https://integrate.api.nvidia.com/v1,2026-03-26,p1939995863,2,47032229,,winner,mistralai/mistral-small-4-119b-2603;minimaxai/minimax-m2.5;moonshotai/kimi-k2.5;qwen/qwen3.5-397b-a17b,player_0,mistralai/mistral-small-4-119b-2603,0,12,3,0.2500,2,0.6667,28,38,0.7368,11,0.3929,,
exp1_m4_g4_1775848505866,1,nim,https://integrate.api.nvidia.com/v1,2026-03-26,p1939995863,2,47032229,,winner,mistralai/mistral-small-4-119b-2603;minimaxai/minimax-m2.5;moonshotai/kimi-k2.5;qwen/qwen3.5-397b-a17b,player_1,minimaxai/minimax-m2.5,0,13,3,0.2308,0,0.0000,8,18,0.4444,2,0.2500,,
exp1_m4_g4_1775848505866,1,nim,https://integrate.api.nvidia.com/v1,2026-03-26,p1939995863,2,47032229,,winner,mistralai/mistral-small-4-119b-2603;minimaxai/minimax-m2.5;moonshotai/kimi-k2.5;qwen/qwen3.5-397b-a17b,player_2,moonshotai/kimi-k2.5,1,13,4,0.3077,0,0.0000,2,13,0.1538,2,1.0000,,
exp1_m4_g4_1775848505866,1,nim,https://integrate.api.nvidia.com/v1,2026-03-26,p1939995863,2,47032229,,winner,mistralai/mistral-small-4-119b-2603;minimaxai/minimax-m2.5;moonshotai/kimi-k2.5;qwen/qwen3.5-397b-a17b,player_3,qwen/qwen3.5-397b-a17b,0,12,8,0.6667,1,0.1250,2,10,0.2000,0,0.0000,,
exp1_m4_g5_1775859325523,1,nim,https://integrate.api.nvidia.com/v1,2026-03-26,p1939995863,2,47032230,,winner,qwen/qwen3.5-397b-a17b;minimaxai/minimax-m2.5;mistralai/mistral-small-4-119b-2603;moonshotai/kimi-k2.5,player_0,qwen/qwen3.5-397b-a17b,0,42,9,0.2143,1,0.1111,50,126,0.3968,23,0.4600,,
exp1_m4_g5_1775859325523,1,nim,https://integrate.api.nvidia.com/v1,2026-03-26,p1939995863,2,47032230,,winner,qwen/qwen3.5-397b-a17b;minimaxai/minimax-m2.5;mistralai/mistral-small-4-119b-2603;moonshotai/kimi-k2.5,player_1,minimaxai/minimax-m2.5,0,42,11,0.2619,2,0.1818,34,92,0.3696,12,0.3529,,
exp1_m4_g5_1775859325523,1,nim,https://integrate.api.nvidia.com/v1,2026-03-26,p1939995863,2,47032230,,winner,qwen/qwen3.5-397b-a17b;minimaxai/minimax-m2.5;mistralai/mistral-small-4-119b-2603;moonshotai/kimi-k2.5,player_2,mistralai/mistral-small-4-119b-2603,0,42,9,0.2143,4,0.4444,39,60,0.6500,11,0.2821,,
exp1_m4_g5_1775859325523,1,nim,https://integrate.api.nvidia.com/v1,2026-03-26,p1939995863,2,47032230,,winner,qwen/qwen3.5-397b-a17b;minimaxai/minimax-m2.5;mistralai/mistral-small-4-119b-2603;moonshotai/kimi-k2.5,player_3,moonshotai/kimi-k2.5,1,42,29,0.6905,4,0.1379,2,40,0.0500,1,0.5000,,
exp1_m4_g6_1775887829643,1,nim,https://integrate.api.nvidia.com/v1,2026-03-26,p1939995863,2,47032231,,winner,minimaxai/minimax-m2.5;moonshotai/kimi-k2.5;qwen/qwen3.5-397b-a17b;mistralai/mistral-small-4-119b-2603,player_0,minimaxai/minimax-m2.5,0,27,8,0.2963,0,0.0000,38,82,0.4634,18,0.4737,,
exp1_m4_g6_1775887829643,1,nim,https://integrate.api.nvidia.com/v1,2026-03-26,p1939995863,2,47032231,,winner,minimaxai/minimax-m2.5;moonshotai/kimi-k2.5;qwen/qwen3.5-397b-a17b;mistralai/mistral-small-4-119b-2603,player_1,moonshotai/kimi-k2.5,1,28,16,0.5714,2,0.1250,12,60,0.2000,5,0.4167,,
exp1_m4_g6_1775887829643,1,nim,https://integrate.api.nvidia.com/v1,2026-03-26,p1939995863,2,47032231,,winner,minimaxai/minimax-m2.5;moonshotai/kimi-k2.5;qwen/qwen3.5-397b-a17b;mistralai/mistral-small-4-119b-2603,player_2,qwen/qwen3.5-397b-a17b,0,27,7,0.2593,1,0.1429,16,47,0.3404,5,0.3125,,
exp1_m4_g6_1775887829643,1,nim,https://integrate.api.nvidia.com/v1,2026-03-26,p1939995863,2,47032231,,winner,minimaxai/minimax-m2.5;moonshotai/kimi-k2.5;qwen/qwen3.5-397b-a17b;mistralai/mistral-small-4-119b-2603,player_3,mistralai/mistral-small-4-119b-2603,0,27,12,0.4444,4,0.3333,23,33,0.6970,8,0.3478,,
exp1_m4_g7_1775928106373,1,nim,https://integrate.api.nvidia.com/v1,2026-03-26,p1939995863,2,47032232,,winner,moonshotai/kimi-k2.5;mistralai/mistral-small-4-119b-2603;qwen/qwen3.5-397b-a17b;minimaxai/minimax-m2.5,player_0,moonshotai/kimi-k2.5,1,11,6,0.5455,4,0.6667,5,30,0.1667,2,0.4000,,
exp1_m4_g7_1775928106373,1,nim,https://integrate.api.nvidia.com/v1,2026-03-26,p1939995863,2,47032232,,winner,moonshotai/kimi-k2.5;mistralai/mistral-small-4-119b-2603;qwen/qwen3.5-397b-a17b;minimaxai/minimax-m2.5,player_1,mistralai/mistral-small-4-119b-2603,0,10,3,0.3000,1,0.3333,16,28,0.5714,5,0.3125,,
exp1_m4_g7_1775928106373,1,nim,https://integrate.api.nvidia.com/v1,2026-03-26,p1939995863,2,47032232,,winner,moonshotai/kimi-k2.5;mistralai/mistral-small-4-119b-2603;qwen/qwen3.5-397b-a17b;minimaxai/minimax-m2.5,player_2,qwen/qwen3.5-397b-a17b,0,10,3,0.3000,0,0.0000,4,16,0.2500,1,0.2500,,
exp1_m4_g7_1775928106373,1,nim,https://integrate.api.nvidia.com/v1,2026-03-26,p1939995863,2,47032232,,winner,moonshotai/kimi-k2.5;mistralai/mistral-small-4-119b-2603;qwen/qwen3.5-397b-a17b;minimaxai/minimax-m2.5,player_3,minimaxai/minimax-m2.5,0,10,3,0.3000,2,0.6667,0,13,0.0000,0,0.0000,,
exp1_m4_g8_1775934064074,1,nim,https://integrate.api.nvidia.com/v1,2026-03-26,p1939995863,2,47032233,,winner,moonshotai/kimi-k2.5;qwen/qwen3.5-397b-a17b;minimaxai/minimax-m2.5;mistralai/mistral-small-4-119b-2603,player_0,moonshotai/kimi-k2.5,0,41,20,0.4878,2,0.1000,50,122,0.4098,25,0.5000,,
exp1_m4_g8_1775934064074,1,nim,https://integrate.api.nvidia.com/v1,2026-03-26,p1939995863,2,47032233,,winner,moonshotai/kimi-k2.5;qwen/qwen3.5-397b-a17b;minimaxai/minimax-m2.5;mistralai/mistral-small-4-119b-2603,player_1,qwen/qwen3.5-397b-a17b,1,41,14,0.3415,3,0.2143,29,87,0.3333,13,0.4483,,
exp1_m4_g8_1775934064074,1,nim,https://integrate.api.nvidia.com/v1,2026-03-26,p1939995863,2,47032233,,winner,moonshotai/kimi-k2.5;qwen/qwen3.5-397b-a17b;minimaxai/minimax-m2.5;mistralai/mistral-small-4-119b-2603,player_2,minimaxai/minimax-m2.5,0,40,18,0.4500,2,0.1111,22,71,0.3099,7,0.3182,,
exp1_m4_g8_1775934064074,1,nim,https://integrate.api.nvidia.com/v1,2026-03-26,p1939995863,2,47032233,,winner,moonshotai/kimi-k2.5;qwen/qwen3.5-397b-a17b;minimaxai/minimax-m2.5;mistralai/mistral-small-4-119b-2603,player_3,mistralai/mistral-small-4-119b-2603,0,41,9,0.2195,2,0.2222,30,48,0.6250,7,0.2333,,
exp1_m4_g9_1775962459599,1,nim,https://integrate.api.nvidia.com/v1,2026-03-26,p1939995863,2,47032234,,winner,mistralai/mistral-small-4-119b-2603;qwen/qwen3.5-397b-a17b;minimaxai/minimax-m2.5;moonshotai/kimi-k2.5,player_0,mistralai/mistral-small-4-119b-2603,0,45,1,0.0222,0,0.0000,116,136,0.8529,64,0.5517,,
exp1_m4_g9_1775962459599,1,nim,https://integrate.api.nvidia.com/v1,2026-03-26,p1939995863,2,47032234,,winner,mistralai/mistral-small-4-119b-2603;qwen/qwen3.5-397b-a17b;minimaxai/minimax-m2.5;moonshotai/kimi-k2.5,player_1,qwen/qwen3.5-397b-a17b,0,45,12,0.2667,1,0.0833,27,60,0.4500,6,0.2222,,
exp1_m4_g9_1775962459599,1,nim,https://integrate.api.nvidia.com/v1,2026-03-26,p1939995863,2,47032234,,winner,mistralai/mistral-small-4-119b-2603;qwen/qwen3.5-397b-a17b;minimaxai/minimax-m2.5;moonshotai/kimi-k2.5,player_2,minimaxai/minimax-m2.5,1,46,29,0.6304,2,0.0690,8,33,0.2424,2,0.2500,,
exp1_m4_g9_1775962459599,1,nim,https://integrate.api.nvidia.com/v1,2026-03-26,p1939995863,2,47032234,,winner,mistralai/mistral-small-4-119b-2603;qwen/qwen3.5-397b-a17b;minimaxai/minimax-m2.5;moonshotai/kimi-k2.5,player_3,moonshotai/kimi-k2.5,0,45,33,0.7333,0,0.0000,0,27,0.0000,0,0.0000,,
exp1_m5_g0_1775059140555,1,nim,https://integrate.api.nvidia.com/v1,2026-03-26,p1939995863,2,47033186,,winner,qwen/qwen3.5-397b-a17b;z-ai/glm5;moonshotai/kimi-k2.5;minimaxai/minimax-m2.5,player_0,qwen/qwen3.5-397b-a17b,0,75,16,0.2133,1,0.0625,131,226,0.5796,72,0.5496,,
exp1_m5_g0_1775059140555,1,nim,https://integrate.api.nvidia.com/v1,2026-03-26,p1939995863,2,47033186,,winner,qwen/qwen3.5-397b-a17b;z-ai/glm5;moonshotai/kimi-k2.5;minimaxai/minimax-m2.5,player_1,z-ai/glm5,0,75,17,0.2267,4,0.2353,61,129,0.4729,20,0.3279,,
exp1_m5_g0_1775059140555,1,nim,https://integrate.api.nvidia.com/v1,2026-03-26,p1939995863,2,47033186,,winner,qwen/qwen3.5-397b-a17b;z-ai/glm5;moonshotai/kimi-k2.5;minimaxai/minimax-m2.5,player_2,moonshotai/kimi-k2.5,1,76,47,0.6184,2,0.0426,19,97,0.1959,11,0.5789,,
exp1_m5_g0_1775059140555,1,nim,https://integrate.api.nvidia.com/v1,2026-03-26,p1939995863,2,47033186,,winner,qwen/qwen3.5-397b-a17b;z-ai/glm5;moonshotai/kimi-k2.5;minimaxai/minimax-m2.5,player_3,minimaxai/minimax-m2.5,0,75,38,0.5067,3,0.0789,26,71,0.3662,5,0.1923,,
exp1_m5_g1_1775098348218,1,nim,https://integrate.api.nvidia.com/v1,2026-03-26,p1939995863,2,47033187,,winner,moonshotai/kimi-k2.5;minimaxai/minimax-m2.5;z-ai/glm5;qwen/qwen3.5-397b-a17b,player_0,moonshotai/kimi-k2.5,1,18,8,0.4444,2,0.2500,5,53,0.0943,5,1.0000,,
exp1_m5_g1_1775098348218,1,nim,https://integrate.api.nvidia.com/v1,2026-03-26,p1939995863,2,47033187,,winner,moonshotai/kimi-k2.5;minimaxai/minimax-m2.5;z-ai/glm5;qwen/qwen3.5-397b-a17b,player_1,minimaxai/minimax-m2.5,0,17,2,0.1176,0,0.0000,24,49,0.4898,7,0.2917,,
exp1_m5_g1_1775098348218,1,nim,https://integrate.api.nvidia.com/v1,2026-03-26,p1939995863,2,47033187,,winner,moonshotai/kimi-k2.5;minimaxai/minimax-m2.5;z-ai/glm5;qwen/qwen3.5-397b-a17b,player_2,z-ai/glm5,0,18,4,0.2222,0,0.0000,10,33,0.3030,1,0.1000,,
exp1_m5_g1_1775098348218,1,nim,https://integrate.api.nvidia.com/v1,2026-03-26,p1939995863,2,47033187,,winner,moonshotai/kimi-k2.5;minimaxai/minimax-m2.5;z-ai/glm5;qwen/qwen3.5-397b-a17b,player_3,qwen/qwen3.5-397b-a17b,0,18,5,0.2778,2,0.4000,9,24,0.3750,2,0.2222,,
exp1_m5_g2_1775157469226,1,nim,https://integrate.api.nvidia.com/v1,2026-03-26,p1939995863,2,47033188,,winner,minimaxai/minimax-m2.5;qwen/qwen3.5-397b-a17b;moonshotai/kimi-k2.5;z-ai/glm5,player_0,minimaxai/minimax-m2.5,0,14,2,0.1429,0,0.0000,18,41,0.4390,6,0.3333,,
exp1_m5_g2_1775157469226,1,nim,https://integrate.api.nvidia.com/v1,2026-03-26,p1939995863,2,47033188,,winner,minimaxai/minimax-m2.5;qwen/qwen3.5-397b-a17b;moonshotai/kimi-k2.5;z-ai/glm5,player_1,qwen/qwen3.5-397b-a17b,0,14,8,0.5714,1,0.1250,4,29,0.1379,2,0.5000,,
exp1_m5_g2_1775157469226,1,nim,https://integrate.api.nvidia.com/v1,2026-03-26,p1939995863,2,47033188,,winner,minimaxai/minimax-m2.5;qwen/qwen3.5-397b-a17b;moonshotai/kimi-k2.5;z-ai/glm5,player_2,moonshotai/kimi-k2.5,1,14,5,0.3571,1,0.2000,7,27,0.2593,5,0.7143,,
exp1_m5_g2_1775157469226,1,nim,https://integrate.api.nvidia.com/v1,2026-03-26,p1939995863,2,47033188,,winner,minimaxai/minimax-m2.5;qwen/qwen3.5-397b-a17b;moonshotai/kimi-k2.5;z-ai/glm5,player_3,z-ai/glm5,0,13,3,0.2308,1,0.3333,6,20,0.3000,2,0.3333,,
exp1_m5_g3_1775165784113,1,nim,https://integrate.api.nvidia.com/v1,2026-03-26,p1939995863,2,47033189,,winner,minimaxai/minimax-m2.5;z-ai/glm5;qwen/qwen3.5-397b-a17b;moonshotai/kimi-k2.5,player_0,minimaxai/minimax-m2.5,0,19,2,0.1053,0,0.0000,27,56,0.4821,12,0.4444,,
exp1_m5_g3_1775165784113,1,nim,https://integrate.api.nvidia.com/v1,2026-03-26,p1939995863,2,47033189,,winner,minimaxai/minimax-m2.5;z-ai/glm5;qwen/qwen3.5-397b-a17b;moonshotai/kimi-k2.5,player_1,z-ai/glm5,1,19,4,0.2105,0,0.0000,13,40,0.3250,4,0.3077,,
exp1_m5_g3_1775165784113,1,nim,https://integrate.api.nvidia.com/v1,2026-03-26,p1939995863,2,47033189,,winner,minimaxai/minimax-m2.5;z-ai/glm5;qwen/qwen3.5-397b-a17b;moonshotai/kimi-k2.5,player_2,qwen/qwen3.5-397b-a17b,0,18,7,0.3889,1,0.1429,10,25,0.4000,1,0.1000,,
exp1_m5_g3_1775165784113,1,nim,https://integrate.api.nvidia.com/v1,2026-03-26,p1939995863,2,47033189,,winner,minimaxai/minimax-m2.5;z-ai/glm5;qwen/qwen3.5-397b-a17b;moonshotai/kimi-k2.5,player_3,moonshotai/kimi-k2.5,0,19,9,0.4737,2,0.2222,3,21,0.1429,2,0.6667,,
exp1_m5_g4_1775172590150,1,nim,https://integrate.api.nvidia.com/v1,2026-03-26,p1939995863,2,47033190,,winner,moonshotai/kimi-k2.5;minimaxai/minimax-m2.5;z-ai/glm5;qwen/qwen3.5-397b-a17b,player_0,moonshotai/kimi-k2.5,1,32,15,0.4688,3,0.2000,29,95,0.3053,18,0.6207,,
exp1_m5_g4_1775172590150,1,nim,https://integrate.api.nvidia.com/v1,2026-03-26,p1939995863,2,47033190,,winner,moonshotai/kimi-k2.5;minimaxai/minimax-m2.5;z-ai/glm5;qwen/qwen3.5-397b-a17b,player_1,minimaxai/minimax-m2.5,0,31,8,0.2581,1,0.1250,32,75,0.4267,13,0.4063,,
exp1_m5_g4_1775172590150,1,nim,https://integrate.api.nvidia.com/v1,2026-03-26,p1939995863,2,47033190,,winner,moonshotai/kimi-k2.5;minimaxai/minimax-m2.5;z-ai/glm5;qwen/qwen3.5-397b-a17b,player_2,z-ai/glm5,0,32,8,0.2500,1,0.1250,14,50,0.2800,4,0.2857,,
exp1_m5_g4_1775172590150,1,nim,https://integrate.api.nvidia.com/v1,2026-03-26,p1939995863,2,47033190,,winner,moonshotai/kimi-k2.5;minimaxai/minimax-m2.5;z-ai/glm5;qwen/qwen3.5-397b-a17b,player_3,qwen/qwen3.5-397b-a17b,0,32,13,0.4063,2,0.1538,9,42,0.2143,2,0.2222,,
exp1_m5_g5_1775196584774,1,nim,https://integrate.api.nvidia.com/v1,2026-03-26,p1939995863,2,47033191,,winner,moonshotai/kimi-k2.5;z-ai/glm5;minimaxai/minimax-m2.5;qwen/qwen3.5-397b-a17b,player_0,moonshotai/kimi-k2.5,1,23,10,0.4348,3,0.3000,32,69,0.4638,19,0.5938,,
exp1_m5_g5_1775196584774,1,nim,https://integrate.api.nvidia.com/v1,2026-03-26,p1939995863,2,47033191,,winner,moonshotai/kimi-k2.5;z-ai/glm5;minimaxai/minimax-m2.5;qwen/qwen3.5-397b-a17b,player_1,z-ai/glm5,0,23,8,0.3478,2,0.2500,23,47,0.4894,8,0.3478,,
exp1_m5_g5_1775196584774,1,nim,https://integrate.api.nvidia.com/v1,2026-03-26,p1939995863,2,47033191,,winner,moonshotai/kimi-k2.5;z-ai/glm5;minimaxai/minimax-m2.5;qwen/qwen3.5-397b-a17b,player_2,minimaxai/minimax-m2.5,0,23,6,0.2609,0,0.0000,11,29,0.3793,1,0.0909,,
exp1_m5_g5_1775196584774,1,nim,https://integrate.api.nvidia.com/v1,2026-03-26,p1939995863,2,47033191,,winner,moonshotai/kimi-k2.5;z-ai/glm5;minimaxai/minimax-m2.5;qwen/qwen3.5-397b-a17b,player_3,qwen/qwen3.5-397b-a17b,0,23,10,0.4348,0,0.0000,3,24,0.1250,1,0.3333,,
exp1_m5_g6_1775218864274,1,nim,https://integrate.api.nvidia.com/v1,2026-03-26,p1939995863,2,47033192,,winner,moonshotai/kimi-k2.5;qwen/qwen3.5-397b-a17b;minimaxai/minimax-m2.5;z-ai/glm5,player_0,moonshotai/kimi-k2.5,0,50,23,0.4600,3,0.1304,53,151,0.3510,25,0.4717,,
exp1_m5_g6_1775218864274,1,nim,https://integrate.api.nvidia.com/v1,2026-03-26,p1939995863,2,47033192,,winner,moonshotai/kimi-k2.5;qwen/qwen3.5-397b-a17b;minimaxai/minimax-m2.5;z-ai/glm5,player_1,qwen/qwen3.5-397b-a17b,0,50,14,0.2800,1,0.0714,43,111,0.3874,17,0.3953,,
exp1_m5_g6_1775218864274,1,nim,https://integrate.api.nvidia.com/v1,2026-03-26,p1939995863,2,47033192,,winner,moonshotai/kimi-k2.5;qwen/qwen3.5-397b-a17b;minimaxai/minimax-m2.5;z-ai/glm5,player_2,minimaxai/minimax-m2.5,0,50,9,0.1800,0,0.0000,39,79,0.4937,14,0.3590,,
exp1_m5_g6_1775218864274,1,nim,https://integrate.api.nvidia.com/v1,2026-03-26,p1939995863,2,47033192,,winner,moonshotai/kimi-k2.5;qwen/qwen3.5-397b-a17b;minimaxai/minimax-m2.5;z-ai/glm5,player_3,z-ai/glm5,1,51,22,0.4314,3,0.1364,17,53,0.3208,5,0.2941,,
exp1_m5_g7_1775250800837,1,nim,https://integrate.api.nvidia.com/v1,2026-03-26,p1939995863,2,47033193,,winner,z-ai/glm5;minimaxai/minimax-m2.5;moonshotai/kimi-k2.5;qwen/qwen3.5-397b-a17b,player_0,z-ai/glm5,0,37,7,0.1892,3,0.4286,54,113,0.4779,28,0.5185,,
exp1_m5_g7_1775250800837,1,nim,https://integrate.api.nvidia.com/v1,2026-03-26,p1939995863,2,47033193,,winner,z-ai/glm5;minimaxai/minimax-m2.5;moonshotai/kimi-k2.5;qwen/qwen3.5-397b-a17b,player_1,minimaxai/minimax-m2.5,0,38,11,0.2895,2,0.1818,26,72,0.3611,4,0.1538,,
exp1_m5_g7_1775250800837,1,nim,https://integrate.api.nvidia.com/v1,2026-03-26,p1939995863,2,47033193,,winner,z-ai/glm5;minimaxai/minimax-m2.5;moonshotai/kimi-k2.5;qwen/qwen3.5-397b-a17b,player_2,moonshotai/kimi-k2.5,1,38,20,0.5263,3,0.1500,12,55,0.2182,7,0.5833,,
exp1_m5_g7_1775250800837,1,nim,https://integrate.api.nvidia.com/v1,2026-03-26,p1939995863,2,47033193,,winner,z-ai/glm5;minimaxai/minimax-m2.5;moonshotai/kimi-k2.5;qwen/qwen3.5-397b-a17b,player_3,qwen/qwen3.5-397b-a17b,0,37,21,0.5676,4,0.1905,18,51,0.3529,8,0.4444,,
exp1_m5_g8_1775268847190,1,nim,https://integrate.api.nvidia.com/v1,2026-03-26,p1939995863,2,47033194,,winner,z-ai/glm5;qwen/qwen3.5-397b-a17b;moonshotai/kimi-k2.5;minimaxai/minimax-m2.5,player_0,z-ai/glm5,0,50,8,0.1600,2,0.2500,95,151,0.6291,61,0.6421,,
exp1_m5_g8_1775268847190,1,nim,https://integrate.api.nvidia.com/v1,2026-03-26,p1939995863,2,47033194,,winner,z-ai/glm5;qwen/qwen3.5-397b-a17b;moonshotai/kimi-k2.5;minimaxai/minimax-m2.5,player_1,qwen/qwen3.5-397b-a17b,0,50,20,0.4000,5,0.2500,39,82,0.4756,8,0.2051,,
exp1_m5_g8_1775268847190,1,nim,https://integrate.api.nvidia.com/v1,2026-03-26,p1939995863,2,47033194,,winner,z-ai/glm5;qwen/qwen3.5-397b-a17b;moonshotai/kimi-k2.5;minimaxai/minimax-m2.5,player_2,moonshotai/kimi-k2.5,1,51,30,0.5882,2,0.0667,10,58,0.1724,4,0.4000,,
exp1_m5_g8_1775268847190,1,nim,https://integrate.api.nvidia.com/v1,2026-03-26,p1939995863,2,47033194,,winner,z-ai/glm5;qwen/qwen3.5-397b-a17b;moonshotai/kimi-k2.5;minimaxai/minimax-m2.5,player_3,minimaxai/minimax-m2.5,0,50,26,0.5200,0,0.0000,12,48,0.2500,2,0.1667,,
exp1_m5_g9_1775285305978,1,nim,https://integrate.api.nvidia.com/v1,2026-03-26,p1939995863,2,47033195,,winner,moonshotai/kimi-k2.5;minimaxai/minimax-m2.5;qwen/qwen3.5-397b-a17b;z-ai/glm5,player_0,moonshotai/kimi-k2.5,0,13,6,0.4615,1,0.1667,14,41,0.3415,5,0.3571,,
exp1_m5_g9_1775285305978,1,nim,https://integrate.api.nvidia.com/v1,2026-03-26,p1939995863,2,47033195,,winner,moonshotai/kimi-k2.5;minimaxai/minimax-m2.5;qwen/qwen3.5-397b-a17b;z-ai/glm5,player_1,minimaxai/minimax-m2.5,0,13,1,0.0769,0,0.0000,14,29,0.4828,5,0.3571,,
exp1_m5_g9_1775285305978,1,nim,https://integrate.api.nvidia.com/v1,2026-03-26,p1939995863,2,47033195,,winner,moonshotai/kimi-k2.5;minimaxai/minimax-m2.5;qwen/qwen3.5-397b-a17b;z-ai/glm5,player_2,qwen/qwen3.5-397b-a17b,0,14,5,0.3571,0,0.0000,5,20,0.2500,2,0.4000,,
exp1_m5_g9_1775285305978,1,nim,https://integrate.api.nvidia.com/v1,2026-03-26,p1939995863,2,47033195,,winner,moonshotai/kimi-k2.5;minimaxai/minimax-m2.5;qwen/qwen3.5-397b-a17b;z-ai/glm5,player_3,z-ai/glm5,1,14,4,0.2857,1,0.2500,2,19,0.1053,2,1.0000,,
exp1_m6_g0_1775314894464,1,nim,https://integrate.api.nvidia.com/v1,2026-03-26,p1939995863,2,47034147,,winner,z-ai/glm5;nvidia/nemotron-3-super-120b-a12b;mistralai/mistral-small-4-119b-2603;qwen/qwen3.5-397b-a17b,player_0,z-ai/glm5,0,33,8,0.2424,0,0.0000,42,102,0.4118,24,0.5714,,
exp1_m6_g0_1775314894464,1,nim,https://integrate.api.nvidia.com/v1,2026-03-26,p1939995863,2,47034147,,winner,z-ai/glm5;nvidia/nemotron-3-super-120b-a12b;mistralai/mistral-small-4-119b-2603;qwen/qwen3.5-397b-a17b,player_1,nvidia/nemotron-3-super-120b-a12b,0,34,18,0.5294,0,0.0000,21,77,0.2727,9,0.4286,,
exp1_m6_g0_1775314894464,1,nim,https://integrate.api.nvidia.com/v1,2026-03-26,p1939995863,2,47034147,,winner,z-ai/glm5;nvidia/nemotron-3-super-120b-a12b;mistralai/mistral-small-4-119b-2603;qwen/qwen3.5-397b-a17b,player_2,mistralai/mistral-small-4-119b-2603,0,34,5,0.1471,3,0.6000,40,54,0.7407,10,0.2500,,
exp1_m6_g0_1775314894464,1,nim,https://integrate.api.nvidia.com/v1,2026-03-26,p1939995863,2,47034147,,winner,z-ai/glm5;nvidia/nemotron-3-super-120b-a12b;mistralai/mistral-small-4-119b-2603;qwen/qwen3.5-397b-a17b,player_3,qwen/qwen3.5-397b-a17b,1,34,18,0.5294,3,0.1667,4,27,0.1481,0,0.0000,,
exp1_m6_g1_1775328209136,1,nim,https://integrate.api.nvidia.com/v1,2026-03-26,p1939995863,2,47034148,,winner,mistralai/mistral-small-4-119b-2603;qwen/qwen3.5-397b-a17b;z-ai/glm5;nvidia/nemotron-3-super-120b-a12b,player_0,mistralai/mistral-small-4-119b-2603,0,40,4,0.1000,1,0.2500,93,120,0.7750,50,0.5376,,
exp1_m6_g1_1775328209136,1,nim,https://integrate.api.nvidia.com/v1,2026-03-26,p1939995863,2,47034148,,winner,mistralai/mistral-small-4-119b-2603;qwen/qwen3.5-397b-a17b;z-ai/glm5;nvidia/nemotron-3-super-120b-a12b,player_1,qwen/qwen3.5-397b-a17b,0,40,20,0.5000,1,0.0500,18,57,0.3158,6,0.3333,,
exp1_m6_g1_1775328209136,1,nim,https://integrate.api.nvidia.com/v1,2026-03-26,p1939995863,2,47034148,,winner,mistralai/mistral-small-4-119b-2603;qwen/qwen3.5-397b-a17b;z-ai/glm5;nvidia/nemotron-3-super-120b-a12b,player_2,z-ai/glm5,1,40,14,0.3500,1,0.0714,12,42,0.2857,1,0.0833,,
exp1_m6_g1_1775328209136,1,nim,https://integrate.api.nvidia.com/v1,2026-03-26,p1939995863,2,47034148,,winner,mistralai/mistral-small-4-119b-2603;qwen/qwen3.5-397b-a17b;z-ai/glm5;nvidia/nemotron-3-super-120b-a12b,player_3,nvidia/nemotron-3-super-120b-a12b,0,40,26,0.6500,0,0.0000,11,36,0.3056,4,0.3636,,
exp1_m6_g2_1775336223083,1,nim,https://integrate.api.nvidia.com/v1,2026-03-26,p1939995863,2,47034149,,winner,qwen/qwen3.5-397b-a17b;nvidia/nemotron-3-super-120b-a12b;z-ai/glm5;mistralai/mistral-small-4-119b-2603,player_0,qwen/qwen3.5-397b-a17b,1,24,9,0.3750,2,0.2222,25,69,0.3623,14,0.5600,,
exp1_m6_g2_1775336223083,1,nim,https://integrate.api.nvidia.com/v1,2026-03-26,p1939995863,2,47034149,,winner,qwen/qwen3.5-397b-a17b;nvidia/nemotron-3-super-120b-a12b;z-ai/glm5;mistralai/mistral-small-4-119b-2603,player_1,nvidia/nemotron-3-super-120b-a12b,0,23,11,0.4783,1,0.0909,19,56,0.3393,9,0.4737,,
exp1_m6_g2_1775336223083,1,nim,https://integrate.api.nvidia.com/v1,2026-03-26,p1939995863,2,47034149,,winner,qwen/qwen3.5-397b-a17b;nvidia/nemotron-3-super-120b-a12b;z-ai/glm5;mistralai/mistral-small-4-119b-2603,player_2,z-ai/glm5,0,23,10,0.4348,1,0.1000,5,38,0.1316,2,0.4000,,
exp1_m6_g2_1775336223083,1,nim,https://integrate.api.nvidia.com/v1,2026-03-26,p1939995863,2,47034149,,winner,qwen/qwen3.5-397b-a17b;nvidia/nemotron-3-super-120b-a12b;z-ai/glm5;mistralai/mistral-small-4-119b-2603,player_3,mistralai/mistral-small-4-119b-2603,0,23,6,0.2609,2,0.3333,24,33,0.7273,5,0.2083,,
exp1_m6_g3_1775343918237,1,nim,https://integrate.api.nvidia.com/v1,2026-03-26,p1939995863,2,47034150,,winner,nvidia/nemotron-3-super-120b-a12b;qwen/qwen3.5-397b-a17b;z-ai/glm5;mistralai/mistral-small-4-119b-2603,player_0,nvidia/nemotron-3-super-120b-a12b,0,45,18,0.4000,0,0.0000,63,134,0.4701,32,0.5079,,
exp1_m6_g3_1775343918237,1,nim,https://integrate.api.nvidia.com/v1,2026-03-26,p1939995863,2,47034150,,winner,nvidia/nemotron-3-super-120b-a12b;qwen/qwen3.5-397b-a17b;z-ai/glm5;mistralai/mistral-small-4-119b-2603,player_1,qwen/qwen3.5-397b-a17b,0,45,21,0.4667,1,0.0476,42,91,0.4615,18,0.4286,,
exp1_m6_g3_1775343918237,1,nim,https://integrate.api.nvidia.com/v1,2026-03-26,p1939995863,2,47034150,,winner,nvidia/nemotron-3-super-120b-a12b;qwen/qwen3.5-397b-a17b;z-ai/glm5;mistralai/mistral-small-4-119b-2603,player_2,z-ai/glm5,1,45,21,0.4667,3,0.1429,18,61,0.2951,5,0.2778,,
exp1_m6_g3_1775343918237,1,nim,https://integrate.api.nvidia.com/v1,2026-03-26,p1939995863,2,47034150,,winner,nvidia/nemotron-3-super-120b-a12b;qwen/qwen3.5-397b-a17b;z-ai/glm5;mistralai/mistral-small-4-119b-2603,player_3,mistralai/mistral-small-4-119b-2603,0,44,13,0.2955,1,0.0769,34,44,0.7727,13,0.3824,,
exp1_m6_g4_1775363597217,1,nim,https://integrate.api.nvidia.com/v1,2026-03-26,p1939995863,2,47034151,,winner,qwen/qwen3.5-397b-a17b;mistralai/mistral-small-4-119b-2603;z-ai/glm5;nvidia/nemotron-3-super-120b-a12b,player_0,qwen/qwen3.5-397b-a17b,0,14,6,0.4286,2,0.3333,9,45,0.2000,2,0.2222,,
exp1_m6_g4_1775363597217,1,nim,https://integrate.api.nvidia.com/v1,2026-03-26,p1939995863,2,47034151,,winner,qwen/qwen3.5-397b-a17b;mistralai/mistral-small-4-119b-2603;z-ai/glm5;nvidia/nemotron-3-super-120b-a12b,player_1,mistralai/mistral-small-4-119b-2603,0,15,1,0.0667,0,0.0000,24,37,0.6486,9,0.3750,,
exp1_m6_g4_1775363597217,1,nim,https://integrate.api.nvidia.com/v1,2026-03-26,p1939995863,2,47034151,,winner,qwen/qwen3.5-397b-a17b;mistralai/mistral-small-4-119b-2603;z-ai/glm5;nvidia/nemotron-3-super-120b-a12b,player_2,z-ai/glm5,0,15,6,0.4000,2,0.3333,2,20,0.1000,1,0.5000,,
exp1_m6_g4_1775363597217,1,nim,https://integrate.api.nvidia.com/v1,2026-03-26,p1939995863,2,47034151,,winner,qwen/qwen3.5-397b-a17b;mistralai/mistral-small-4-119b-2603;z-ai/glm5;nvidia/nemotron-3-super-120b-a12b,player_3,nvidia/nemotron-3-super-120b-a12b,1,15,5,0.3333,2,0.4000,2,21,0.0952,0,0.0000,,
exp1_m6_g5_1775367846172,1,nim,https://integrate.api.nvidia.com/v1,2026-03-26,p1939995863,2,47034152,,winner,z-ai/glm5;nvidia/nemotron-3-super-120b-a12b;qwen/qwen3.5-397b-a17b;mistralai/mistral-small-4-119b-2603,player_0,z-ai/glm5,0,85,30,0.3529,5,0.1667,129,256,0.5039,75,0.5814,,
exp1_m6_g5_1775367846172,1,nim,https://integrate.api.nvidia.com/v1,2026-03-26,p1939995863,2,47034152,,winner,z-ai/glm5;nvidia/nemotron-3-super-120b-a12b;qwen/qwen3.5-397b-a17b;mistralai/mistral-small-4-119b-2603,player_1,nvidia/nemotron-3-super-120b-a12b,0,85,35,0.4118,1,0.0286,78,176,0.4432,32,0.4103,,
exp1_m6_g5_1775367846172,1,nim,https://integrate.api.nvidia.com/v1,2026-03-26,p1939995863,2,47034152,,winner,z-ai/glm5;nvidia/nemotron-3-super-120b-a12b;qwen/qwen3.5-397b-a17b;mistralai/mistral-small-4-119b-2603,player_2,qwen/qwen3.5-397b-a17b,1,86,47,0.5465,5,0.1064,38,105,0.3619,10,0.2632,,
exp1_m6_g5_1775367846172,1,nim,https://integrate.api.nvidia.com/v1,2026-03-26,p1939995863,2,47034152,,winner,z-ai/glm5;nvidia/nemotron-3-super-120b-a12b;qwen/qwen3.5-397b-a17b;mistralai/mistral-small-4-119b-2603,player_3,mistralai/mistral-small-4-119b-2603,0,85,32,0.3765,4,0.1250,50,74,0.6757,12,0.2400,,
exp1_m6_g6_1775408410124,1,nim,https://integrate.api.nvidia.com/v1,2026-03-26,p1939995863,2,47034153,,winner,z-ai/glm5;nvidia/nemotron-3-super-120b-a12b;qwen/qwen3.5-397b-a17b;mistralai/mistral-small-4-119b-2603,player_0,z-ai/glm5,0,29,7,0.2414,2,0.2857,46,88,0.5227,26,0.5652,,
exp1_m6_g6_1775408410124,1,nim,https://integrate.api.nvidia.com/v1,2026-03-26,p1939995863,2,47034153,,winner,z-ai/glm5;nvidia/nemotron-3-super-120b-a12b;qwen/qwen3.5-397b-a17b;mistralai/mistral-small-4-119b-2603,player_1,nvidia/nemotron-3-super-120b-a12b,0,29,14,0.4828,0,0.0000,17,60,0.2833,4,0.2353,,
exp1_m6_g6_1775408410124,1,nim,https://integrate.api.nvidia.com/v1,2026-03-26,p1939995863,2,47034153,,winner,z-ai/glm5;nvidia/nemotron-3-super-120b-a12b;qwen/qwen3.5-397b-a17b;mistralai/mistral-small-4-119b-2603,player_2,qwen/qwen3.5-397b-a17b,1,30,10,0.3333,1,0.1000,16,45,0.3556,5,0.3125,,
exp1_m6_g6_1775408410124,1,nim,https://integrate.api.nvidia.com/v1,2026-03-26,p1939995863,2,47034153,,winner,z-ai/glm5;nvidia/nemotron-3-super-120b-a12b;qwen/qwen3.5-397b-a17b;mistralai/mistral-small-4-119b-2603,player_3,mistralai/mistral-small-4-119b-2603,0,29,13,0.4483,4,0.3077,17,24,0.7083,2,0.1176,,
exp1_m6_g7_1775420611795,1,nim,https://integrate.api.nvidia.com/v1,2026-03-26,p1939995863,2,47034154,,winner,qwen/qwen3.5-397b-a17b;mistralai/mistral-small-4-119b-2603;nvidia/nemotron-3-super-120b-a12b;z-ai/glm5,player_0,qwen/qwen3.5-397b-a17b,0,18,7,0.3889,1,0.1429,24,55,0.4364,10,0.4167,,
exp1_m6_g7_1775420611795,1,nim,https://integrate.api.nvidia.com/v1,2026-03-26,p1939995863,2,47034154,,winner,qwen/qwen3.5-397b-a17b;mistralai/mistral-small-4-119b-2603;nvidia/nemotron-3-super-120b-a12b;z-ai/glm5,player_1,mistralai/mistral-small-4-119b-2603,0,18,4,0.2222,0,0.0000,28,36,0.7778,9,0.3214,,
exp1_m6_g7_1775420611795,1,nim,https://integrate.api.nvidia.com/v1,2026-03-26,p1939995863,2,47034154,,winner,qwen/qwen3.5-397b-a17b;mistralai/mistral-small-4-119b-2603;nvidia/nemotron-3-super-120b-a12b;z-ai/glm5,player_2,nvidia/nemotron-3-super-120b-a12b,0,18,7,0.3889,0,0.0000,2,19,0.1053,2,1.0000,,
exp1_m6_g7_1775420611795,1,nim,https://integrate.api.nvidia.com/v1,2026-03-26,p1939995863,2,47034154,,winner,qwen/qwen3.5-397b-a17b;mistralai/mistral-small-4-119b-2603;nvidia/nemotron-3-super-120b-a12b;z-ai/glm5,player_3,z-ai/glm5,1,19,7,0.3684,0,0.0000,5,17,0.2941,3,0.6000,,
exp1_m6_g8_1775425187807,1,nim,https://integrate.api.nvidia.com/v1,2026-03-26,p1939995863,2,47034155,,winner,qwen/qwen3.5-397b-a17b;mistralai/mistral-small-4-119b-2603;z-ai/glm5;nvidia/nemotron-3-super-120b-a12b,player_0,qwen/qwen3.5-397b-a17b,0,35,14,0.4000,1,0.0714,56,105,0.5333,31,0.5536,,
exp1_m6_g8_1775425187807,1,nim,https://integrate.api.nvidia.com/v1,2026-03-26,p1939995863,2,47034155,,winner,qwen/qwen3.5-397b-a17b;mistralai/mistral-small-4-119b-2603;z-ai/glm5;nvidia/nemotron-3-super-120b-a12b,player_1,mistralai/mistral-small-4-119b-2603,0,35,5,0.1429,0,0.0000,52,65,0.8000,21,0.4038,,
exp1_m6_g8_1775425187807,1,nim,https://integrate.api.nvidia.com/v1,2026-03-26,p1939995863,2,47034155,,winner,qwen/qwen3.5-397b-a17b;mistralai/mistral-small-4-119b-2603;z-ai/glm5;nvidia/nemotron-3-super-120b-a12b,player_2,z-ai/glm5,0,35,15,0.4286,0,0.0000,7,29,0.2414,1,0.1429,,
exp1_m6_g8_1775425187807,1,nim,https://integrate.api.nvidia.com/v1,2026-03-26,p1939995863,2,47034155,,winner,qwen/qwen3.5-397b-a17b;mistralai/mistral-small-4-119b-2603;z-ai/glm5;nvidia/nemotron-3-super-120b-a12b,player_3,nvidia/nemotron-3-super-120b-a12b,1,35,21,0.6000,0,0.0000,6,25,0.2400,1,0.1667,,
exp1_m6_g9_1775438075443,1,nim,https://integrate.api.nvidia.com/v1,2026-03-26,p1939995863,2,47034156,,winner,mistralai/mistral-small-4-119b-2603;z-ai/glm5;nvidia/nemotron-3-super-120b-a12b;qwen/qwen3.5-397b-a17b,player_0,mistralai/mistral-small-4-119b-2603,0,11,2,0.1818,0,0.0000,29,35,0.8286,14,0.4828,,
exp1_m6_g9_1775438075443,1,nim,https://integrate.api.nvidia.com/v1,2026-03-26,p1939995863,2,47034156,,winner,mistralai/mistral-small-4-119b-2603;z-ai/glm5;nvidia/nemotron-3-super-120b-a12b;qwen/qwen3.5-397b-a17b,player_1,z-ai/glm5,0,12,3,0.2500,0,0.0000,5,15,0.3333,0,0.0000,,
exp1_m6_g9_1775438075443,1,nim,https://integrate.api.nvidia.com/v1,2026-03-26,p1939995863,2,47034156,,winner,mistralai/mistral-small-4-119b-2603;z-ai/glm5;nvidia/nemotron-3-super-120b-a12b;qwen/qwen3.5-397b-a17b,player_2,nvidia/nemotron-3-super-120b-a12b,1,12,5,0.4167,0,0.0000,2,10,0.2000,2,1.0000,,
exp1_m6_g9_1775438075443,1,nim,https://integrate.api.nvidia.com/v1,2026-03-26,p1939995863,2,47034156,,winner,mistralai/mistral-small-4-119b-2603;z-ai/glm5;nvidia/nemotron-3-super-120b-a12b;qwen/qwen3.5-397b-a17b,player_3,qwen/qwen3.5-397b-a17b,0,11,6,0.5455,0,0.0000,1,9,0.1111,0,0.0000,,
exp1_m7_g0_1775440732043,1,nim,https://integrate.api.nvidia.com/v1,2026-03-26,p1939995863,2,47035108,,winner,moonshotai/kimi-k2.5;nvidia/nemotron-3-super-120b-a12b;qwen/qwen3.5-397b-a17b;mistralai/mistral-small-4-119b-2603,player_0,moonshotai/kimi-k2.5,0,27,7,0.2593,0,0.0000,37,82,0.4512,23,0.6216,,
exp1_m7_g0_1775440732043,1,nim,https://integrate.api.nvidia.com/v1,2026-03-26,p1939995863,2,47035108,,winner,moonshotai/kimi-k2.5;nvidia/nemotron-3-super-120b-a12b;qwen/qwen3.5-397b-a17b;mistralai/mistral-small-4-119b-2603,player_1,nvidia/nemotron-3-super-120b-a12b,0,27,19,0.7037,3,0.1579,20,55,0.3636,7,0.3500,,
exp1_m7_g0_1775440732043,1,nim,https://integrate.api.nvidia.com/v1,2026-03-26,p1939995863,2,47035108,,winner,moonshotai/kimi-k2.5;nvidia/nemotron-3-super-120b-a12b;qwen/qwen3.5-397b-a17b;mistralai/mistral-small-4-119b-2603,player_2,qwen/qwen3.5-397b-a17b,1,28,14,0.5000,0,0.0000,8,45,0.1778,6,0.7500,,
exp1_m7_g0_1775440732043,1,nim,https://integrate.api.nvidia.com/v1,2026-03-26,p1939995863,2,47035108,,winner,moonshotai/kimi-k2.5;nvidia/nemotron-3-super-120b-a12b;qwen/qwen3.5-397b-a17b;mistralai/mistral-small-4-119b-2603,player_3,mistralai/mistral-small-4-119b-2603,0,27,7,0.2593,1,0.1429,25,35,0.7143,7,0.2800,,
exp1_m7_g1_1775497990364,1,nim,https://integrate.api.nvidia.com/v1,2026-03-26,p1939995863,2,47035109,,winner,nvidia/nemotron-3-super-120b-a12b;mistralai/mistral-small-4-119b-2603;qwen/qwen3.5-397b-a17b;moonshotai/kimi-k2.5,player_0,nvidia/nemotron-3-super-120b-a12b,0,27,13,0.4815,2,0.1538,35,81,0.4321,20,0.5714,,
exp1_m7_g1_1775497990364,1,nim,https://integrate.api.nvidia.com/v1,2026-03-26,p1939995863,2,47035109,,winner,nvidia/nemotron-3-super-120b-a12b;mistralai/mistral-small-4-119b-2603;qwen/qwen3.5-397b-a17b;moonshotai/kimi-k2.5,player_1,mistralai/mistral-small-4-119b-2603,0,27,2,0.0741,0,0.0000,41,53,0.7736,16,0.3902,,
exp1_m7_g1_1775497990364,1,nim,https://integrate.api.nvidia.com/v1,2026-03-26,p1939995863,2,47035109,,winner,nvidia/nemotron-3-super-120b-a12b;mistralai/mistral-small-4-119b-2603;qwen/qwen3.5-397b-a17b;moonshotai/kimi-k2.5,player_2,qwen/qwen3.5-397b-a17b,0,27,11,0.4074,1,0.0909,10,29,0.3448,1,0.1000,,
exp1_m7_g1_1775497990364,1,nim,https://integrate.api.nvidia.com/v1,2026-03-26,p1939995863,2,47035109,,winner,nvidia/nemotron-3-super-120b-a12b;mistralai/mistral-small-4-119b-2603;qwen/qwen3.5-397b-a17b;moonshotai/kimi-k2.5,player_3,moonshotai/kimi-k2.5,1,27,16,0.5926,2,0.1250,3,19,0.1579,0,0.0000,,
exp1_m7_g2_1775514920452,1,nim,https://integrate.api.nvidia.com/v1,2026-03-26,p1939995863,2,47035110,,winner,nvidia/nemotron-3-super-120b-a12b;qwen/qwen3.5-397b-a17b;moonshotai/kimi-k2.5;mistralai/mistral-small-4-119b-2603,player_0,nvidia/nemotron-3-super-120b-a12b,0,24,12,0.5000,3,0.2500,48,71,0.6761,28,0.5833,,
exp1_m7_g2_1775514920452,1,nim,https://integrate.api.nvidia.com/v1,2026-03-26,p1939995863,2,47035110,,winner,nvidia/nemotron-3-super-120b-a12b;qwen/qwen3.5-397b-a17b;moonshotai/kimi-k2.5;mistralai/mistral-small-4-119b-2603,player_1,qwen/qwen3.5-397b-a17b,1,24,11,0.4583,2,0.1818,15,39,0.3846,6,0.4000,,
exp1_m7_g2_1775514920452,1,nim,https://integrate.api.nvidia.com/v1,2026-03-26,p1939995863,2,47035110,,winner,nvidia/nemotron-3-super-120b-a12b;qwen/qwen3.5-397b-a17b;moonshotai/kimi-k2.5;mistralai/mistral-small-4-119b-2603,player_2,moonshotai/kimi-k2.5,0,23,11,0.4783,0,0.0000,8,29,0.2759,3,0.3750,,
exp1_m7_g2_1775514920452,1,nim,https://integrate.api.nvidia.com/v1,2026-03-26,p1939995863,2,47035110,,winner,nvidia/nemotron-3-super-120b-a12b;qwen/qwen3.5-397b-a17b;moonshotai/kimi-k2.5;mistralai/mistral-small-4-119b-2603,player_3,mistralai/mistral-small-4-119b-2603,0,24,10,0.4167,0,0.0000,9,18,0.5000,2,0.2222,,
exp1_m7_g3_1775529293823,1,nim,https://integrate.api.nvidia.com/v1,2026-03-26,p1939995863,2,47035111,,winner,qwen/qwen3.5-397b-a17b;moonshotai/kimi-k2.5;nvidia/nemotron-3-super-120b-a12b;mistralai/mistral-small-4-119b-2603,player_0,qwen/qwen3.5-397b-a17b,0,63,24,0.3810,1,0.0417,122,190,0.6421,78,0.6393,,
exp1_m7_g3_1775529293823,1,nim,https://integrate.api.nvidia.com/v1,2026-03-26,p1939995863,2,47035111,,winner,qwen/qwen3.5-397b-a17b;moonshotai/kimi-k2.5;nvidia/nemotron-3-super-120b-a12b;mistralai/mistral-small-4-119b-2603,player_1,moonshotai/kimi-k2.5,1,64,39,0.6094,1,0.0256,40,108,0.3704,20,0.5000,,
exp1_m7_g3_1775529293823,1,nim,https://integrate.api.nvidia.com/v1,2026-03-26,p1939995863,2,47035111,,winner,qwen/qwen3.5-397b-a17b;moonshotai/kimi-k2.5;nvidia/nemotron-3-super-120b-a12b;mistralai/mistral-small-4-119b-2603,player_2,nvidia/nemotron-3-super-120b-a12b,0,63,44,0.6984,4,0.0909,24,75,0.3200,12,0.5000,,
exp1_m7_g3_1775529293823,1,nim,https://integrate.api.nvidia.com/v1,2026-03-26,p1939995863,2,47035111,,winner,qwen/qwen3.5-397b-a17b;moonshotai/kimi-k2.5;nvidia/nemotron-3-super-120b-a12b;mistralai/mistral-small-4-119b-2603,player_3,mistralai/mistral-small-4-119b-2603,0,63,24,0.3810,2,0.0833,42,56,0.7500,13,0.3095,,
exp1_m7_g4_1775580861341,1,nim,https://integrate.api.nvidia.com/v1,2026-03-26,p1939995863,2,47035112,,winner,moonshotai/kimi-k2.5;nvidia/nemotron-3-super-120b-a12b;qwen/qwen3.5-397b-a17b;mistralai/mistral-small-4-119b-2603,player_0,moonshotai/kimi-k2.5,0,40,14,0.3500,2,0.1429,61,122,0.5000,34,0.5574,,
exp1_m7_g4_1775580861341,1,nim,https://integrate.api.nvidia.com/v1,2026-03-26,p1939995863,2,47035112,,winner,moonshotai/kimi-k2.5;nvidia/nemotron-3-super-120b-a12b;qwen/qwen3.5-397b-a17b;mistralai/mistral-small-4-119b-2603,player_1,nvidia/nemotron-3-super-120b-a12b,0,41,20,0.4878,1,0.0500,29,79,0.3671,12,0.4138,,
exp1_m7_g4_1775580861341,1,nim,https://integrate.api.nvidia.com/v1,2026-03-26,p1939995863,2,47035112,,winner,moonshotai/kimi-k2.5;nvidia/nemotron-3-super-120b-a12b;qwen/qwen3.5-397b-a17b;mistralai/mistral-small-4-119b-2603,player_2,qwen/qwen3.5-397b-a17b,1,41,19,0.4634,2,0.1053,18,59,0.3051,6,0.3333,,
exp1_m7_g4_1775580861341,1,nim,https://integrate.api.nvidia.com/v1,2026-03-26,p1939995863,2,47035112,,winner,moonshotai/kimi-k2.5;nvidia/nemotron-3-super-120b-a12b;qwen/qwen3.5-397b-a17b;mistralai/mistral-small-4-119b-2603,player_3,mistralai/mistral-small-4-119b-2603,0,40,18,0.4500,3,0.1667,29,44,0.6591,11,0.3793,,
exp1_m7_g5_1775617853963,1,nim,https://integrate.api.nvidia.com/v1,2026-03-26,p1939995863,2,47035113,,winner,moonshotai/kimi-k2.5;mistralai/mistral-small-4-119b-2603;qwen/qwen3.5-397b-a17b;nvidia/nemotron-3-super-120b-a12b,player_0,moonshotai/kimi-k2.5,1,36,20,0.5556,4,0.2000,37,106,0.3491,24,0.6486,,
exp1_m7_g5_1775617853963,1,nim,https://integrate.api.nvidia.com/v1,2026-03-26,p1939995863,2,47035113,,winner,moonshotai/kimi-k2.5;mistralai/mistral-small-4-119b-2603;qwen/qwen3.5-397b-a17b;nvidia/nemotron-3-super-120b-a12b,player_1,mistralai/mistral-small-4-119b-2603,0,35,3,0.0857,0,0.0000,44,73,0.6027,17,0.3864,,
exp1_m7_g5_1775617853963,1,nim,https://integrate.api.nvidia.com/v1,2026-03-26,p1939995863,2,47035113,,winner,moonshotai/kimi-k2.5;mistralai/mistral-small-4-119b-2603;qwen/qwen3.5-397b-a17b;nvidia/nemotron-3-super-120b-a12b,player_2,qwen/qwen3.5-397b-a17b,0,35,16,0.4571,2,0.1250,18,53,0.3396,6,0.3333,,
exp1_m7_g5_1775617853963,1,nim,https://integrate.api.nvidia.com/v1,2026-03-26,p1939995863,2,47035113,,winner,moonshotai/kimi-k2.5;mistralai/mistral-small-4-119b-2603;qwen/qwen3.5-397b-a17b;nvidia/nemotron-3-super-120b-a12b,player_3,nvidia/nemotron-3-super-120b-a12b,0,36,19,0.5278,2,0.1053,11,39,0.2821,3,0.2727,,
exp1_m7_g6_1775664733572,1,nim,https://integrate.api.nvidia.com/v1,2026-03-26,p1939995863,2,47035114,,winner,moonshotai/kimi-k2.5;mistralai/mistral-small-4-119b-2603;nvidia/nemotron-3-super-120b-a12b;qwen/qwen3.5-397b-a17b,player_0,moonshotai/kimi-k2.5,1,22,7,0.3182,1,0.1429,20,64,0.3125,13,0.6500,,
exp1_m7_g6_1775664733572,1,nim,https://integrate.api.nvidia.com/v1,2026-03-26,p1939995863,2,47035114,,winner,moonshotai/kimi-k2.5;mistralai/mistral-small-4-119b-2603;nvidia/nemotron-3-super-120b-a12b;qwen/qwen3.5-397b-a17b,player_1,mistralai/mistral-small-4-119b-2603,0,21,1,0.0476,1,1.0000,33,47,0.7021,11,0.3333,,
exp1_m7_g6_1775664733572,1,nim,https://integrate.api.nvidia.com/v1,2026-03-26,p1939995863,2,47035114,,winner,moonshotai/kimi-k2.5;mistralai/mistral-small-4-119b-2603;nvidia/nemotron-3-super-120b-a12b;qwen/qwen3.5-397b-a17b,player_2,nvidia/nemotron-3-super-120b-a12b,0,21,11,0.5238,1,0.0909,3,28,0.1071,0,0.0000,,
exp1_m7_g6_1775664733572,1,nim,https://integrate.api.nvidia.com/v1,2026-03-26,p1939995863,2,47035114,,winner,moonshotai/kimi-k2.5;mistralai/mistral-small-4-119b-2603;nvidia/nemotron-3-super-120b-a12b;qwen/qwen3.5-397b-a17b,player_3,qwen/qwen3.5-397b-a17b,0,22,12,0.5455,1,0.0833,6,26,0.2308,3,0.5000,,
exp1_m7_g7_1775690202909,1,nim,https://integrate.api.nvidia.com/v1,2026-03-26,p1939995863,2,47035115,,winner,nvidia/nemotron-3-super-120b-a12b;qwen/qwen3.5-397b-a17b;moonshotai/kimi-k2.5;mistralai/mistral-small-4-119b-2603,player_0,nvidia/nemotron-3-super-120b-a12b,0,21,9,0.4286,0,0.0000,34,62,0.5484,20,0.5882,,
exp1_m7_g7_1775690202909,1,nim,https://integrate.api.nvidia.com/v1,2026-03-26,p1939995863,2,47035115,,winner,nvidia/nemotron-3-super-120b-a12b;qwen/qwen3.5-397b-a17b;moonshotai/kimi-k2.5;mistralai/mistral-small-4-119b-2603,player_1,qwen/qwen3.5-397b-a17b,0,21,8,0.3810,0,0.0000,15,36,0.4167,6,0.4000,,
exp1_m7_g7_1775690202909,1,nim,https://integrate.api.nvidia.com/v1,2026-03-26,p1939995863,2,47035115,,winner,nvidia/nemotron-3-super-120b-a12b;qwen/qwen3.5-397b-a17b;moonshotai/kimi-k2.5;mistralai/mistral-small-4-119b-2603,player_2,moonshotai/kimi-k2.5,1,21,11,0.5238,0,0.0000,7,31,0.2258,6,0.8571,,
exp1_m7_g7_1775690202909,1,nim,https://integrate.api.nvidia.com/v1,2026-03-26,p1939995863,2,47035115,,winner,nvidia/nemotron-3-super-120b-a12b;qwen/qwen3.5-397b-a17b;moonshotai/kimi-k2.5;mistralai/mistral-small-4-119b-2603,player_3,mistralai/mistral-small-4-119b-2603,0,20,11,0.5500,1,0.0909,19,23,0.8261,6,0.3158,,
exp1_m7_g8_1775708793060,1,nim,https://integrate.api.nvidia.com/v1,2026-03-26,p1939995863,2,47035116,,winner,nvidia/nemotron-3-super-120b-a12b;qwen/qwen3.5-397b-a17b;mistralai/mistral-small-4-119b-2603;moonshotai/kimi-k2.5,player_0,nvidia/nemotron-3-super-120b-a12b,0,21,9,0.4286,0,0.0000,26,66,0.3939,14,0.5385,,
exp1_m7_g8_1775708793060,1,nim,https://integrate.api.nvidia.com/v1,2026-03-26,p1939995863,2,47035116,,winner,nvidia/nemotron-3-super-120b-a12b;qwen/qwen3.5-397b-a17b;mistralai/mistral-small-4-119b-2603;moonshotai/kimi-k2.5,player_1,qwen/qwen3.5-397b-a17b,0,22,7,0.3182,1,0.1429,28,49,0.5714,13,0.4643,,
exp1_m7_g8_1775708793060,1,nim,https://integrate.api.nvidia.com/v1,2026-03-26,p1939995863,2,47035116,,winner,nvidia/nemotron-3-super-120b-a12b;qwen/qwen3.5-397b-a17b;mistralai/mistral-small-4-119b-2603;moonshotai/kimi-k2.5,player_2,mistralai/mistral-small-4-119b-2603,0,22,5,0.2273,1,0.2000,18,26,0.6923,3,0.1667,,
exp1_m7_g8_1775708793060,1,nim,https://integrate.api.nvidia.com/v1,2026-03-26,p1939995863,2,47035116,,winner,nvidia/nemotron-3-super-120b-a12b;qwen/qwen3.5-397b-a17b;mistralai/mistral-small-4-119b-2603;moonshotai/kimi-k2.5,player_3,moonshotai/kimi-k2.5,1,22,12,0.5455,1,0.0833,0,14,0.0000,0,0.0000,,
exp1_m7_g9_1775730680901,1,nim,https://integrate.api.nvidia.com/v1,2026-03-26,p1939995863,2,47035117,,winner,mistralai/mistral-small-4-119b-2603;moonshotai/kimi-k2.5;nvidia/nemotron-3-super-120b-a12b;qwen/qwen3.5-397b-a17b,player_0,mistralai/mistral-small-4-119b-2603,0,34,3,0.0882,0,0.0000,93,103,0.9029,56,0.6022,,
exp1_m7_g9_1775730680901,1,nim,https://integrate.api.nvidia.com/v1,2026-03-26,p1939995863,2,47035117,,winner,mistralai/mistral-small-4-119b-2603;moonshotai/kimi-k2.5;nvidia/nemotron-3-super-120b-a12b;qwen/qwen3.5-397b-a17b,player_1,moonshotai/kimi-k2.5,1,35,16,0.4571,0,0.0000,10,39,0.2564,3,0.3000,,
exp1_m7_g9_1775730680901,1,nim,https://integrate.api.nvidia.com/v1,2026-03-26,p1939995863,2,47035117,,winner,mistralai/mistral-small-4-119b-2603;moonshotai/kimi-k2.5;nvidia/nemotron-3-super-120b-a12b;qwen/qwen3.5-397b-a17b,player_2,nvidia/nemotron-3-super-120b-a12b,0,34,25,0.7353,1,0.0400,12,32,0.3750,3,0.2500,,
exp1_m7_g9_1775730680901,1,nim,https://integrate.api.nvidia.com/v1,2026-03-26,p1939995863,2,47035117,,winner,mistralai/mistral-small-4-119b-2603;moonshotai/kimi-k2.5;nvidia/nemotron-3-super-120b-a12b;qwen/qwen3.5-397b-a17b,player_3,qwen/qwen3.5-397b-a17b,0,34,21,0.6176,0,0.0000,8,22,0.3636,2,0.2500,,
exp1_m8_g0_1775748050045,1,nim,https://integrate.api.nvidia.com/v1,2026-03-26,p1939995863,2,47036069,,winner,qwen/qwen3.5-397b-a17b;nvidia/nemotron-3-super-120b-a12b;moonshotai/kimi-k2.5;z-ai/glm5,player_0,qwen/qwen3.5-397b-a17b,0,26,12,0.4615,0,0.0000,45,78,0.5769,28,0.6222,,
exp1_m8_g0_1775748050045,1,nim,https://integrate.api.nvidia.com/v1,2026-03-26,p1939995863,2,47036069,,winner,qwen/qwen3.5-397b-a17b;nvidia/nemotron-3-super-120b-a12b;moonshotai/kimi-k2.5;z-ai/glm5,player_1,nvidia/nemotron-3-super-120b-a12b,0,26,16,0.6154,0,0.0000,30,47,0.6383,15,0.5000,,
exp1_m8_g0_1775748050045,1,nim,https://integrate.api.nvidia.com/v1,2026-03-26,p1939995863,2,47036069,,winner,qwen/qwen3.5-397b-a17b;nvidia/nemotron-3-super-120b-a12b;moonshotai/kimi-k2.5;z-ai/glm5,player_2,moonshotai/kimi-k2.5,1,26,12,0.4615,0,0.0000,11,24,0.4583,8,0.7273,,
exp1_m8_g0_1775748050045,1,nim,https://integrate.api.nvidia.com/v1,2026-03-26,p1939995863,2,47036069,,winner,qwen/qwen3.5-397b-a17b;nvidia/nemotron-3-super-120b-a12b;moonshotai/kimi-k2.5;z-ai/glm5,player_3,z-ai/glm5,0,26,15,0.5769,0,0.0000,8,15,0.5333,4,0.5000,,
exp1_m8_g1_1775766428375,1,nim,https://integrate.api.nvidia.com/v1,2026-03-26,p1939995863,2,47036070,,winner,z-ai/glm5;nvidia/nemotron-3-super-120b-a12b;qwen/qwen3.5-397b-a17b;moonshotai/kimi-k2.5,player_0,z-ai/glm5,0,19,3,0.1579,1,0.3333,20,58,0.3448,8,0.4000,,
exp1_m8_g1_1775766428375,1,nim,https://integrate.api.nvidia.com/v1,2026-03-26,p1939995863,2,47036070,,winner,z-ai/glm5;nvidia/nemotron-3-super-120b-a12b;qwen/qwen3.5-397b-a17b;moonshotai/kimi-k2.5,player_1,nvidia/nemotron-3-super-120b-a12b,0,19,6,0.3158,0,0.0000,14,46,0.3043,2,0.1429,,
exp1_m8_g1_1775766428375,1,nim,https://integrate.api.nvidia.com/v1,2026-03-26,p1939995863,2,47036070,,winner,z-ai/glm5;nvidia/nemotron-3-super-120b-a12b;qwen/qwen3.5-397b-a17b;moonshotai/kimi-k2.5,player_2,qwen/qwen3.5-397b-a17b,0,19,7,0.3684,0,0.0000,3,35,0.0857,1,0.3333,,
exp1_m8_g1_1775766428375,1,nim,https://integrate.api.nvidia.com/v1,2026-03-26,p1939995863,2,47036070,,winner,z-ai/glm5;nvidia/nemotron-3-super-120b-a12b;qwen/qwen3.5-397b-a17b;moonshotai/kimi-k2.5,player_3,moonshotai/kimi-k2.5,1,20,3,0.1500,1,0.3333,7,31,0.2258,6,0.8571,,
exp1_m8_g2_1775781656745,1,nim,https://integrate.api.nvidia.com/v1,2026-03-26,p1939995863,2,47036071,,winner,nvidia/nemotron-3-super-120b-a12b;moonshotai/kimi-k2.5;z-ai/glm5;qwen/qwen3.5-397b-a17b,player_0,nvidia/nemotron-3-super-120b-a12b,0,36,13,0.3611,1,0.0769,62,111,0.5586,36,0.5806,,
exp1_m8_g2_1775781656745,1,nim,https://integrate.api.nvidia.com/v1,2026-03-26,p1939995863,2,47036071,,winner,nvidia/nemotron-3-super-120b-a12b;moonshotai/kimi-k2.5;z-ai/glm5;qwen/qwen3.5-397b-a17b,player_1,moonshotai/kimi-k2.5,0,37,21,0.5676,2,0.0952,20,67,0.2985,11,0.5500,,
exp1_m8_g2_1775781656745,1,nim,https://integrate.api.nvidia.com/v1,2026-03-26,p1939995863,2,47036071,,winner,nvidia/nemotron-3-super-120b-a12b;moonshotai/kimi-k2.5;z-ai/glm5;qwen/qwen3.5-397b-a17b,player_2,z-ai/glm5,0,37,10,0.2703,0,0.0000,26,47,0.5532,10,0.3846,,
exp1_m8_g2_1775781656745,1,nim,https://integrate.api.nvidia.com/v1,2026-03-26,p1939995863,2,47036071,,winner,nvidia/nemotron-3-super-120b-a12b;moonshotai/kimi-k2.5;z-ai/glm5;qwen/qwen3.5-397b-a17b,player_3,qwen/qwen3.5-397b-a17b,1,37,18,0.4865,0,0.0000,7,36,0.1944,2,0.2857,,
exp1_m8_g3_1775816706860,1,nim,https://integrate.api.nvidia.com/v1,2026-03-26,p1939995863,2,47036072,,winner,z-ai/glm5;nvidia/nemotron-3-super-120b-a12b;moonshotai/kimi-k2.5;qwen/qwen3.5-397b-a17b,player_0,z-ai/glm5,0,22,4,0.1818,1,0.2500,31,65,0.4769,22,0.7097,,
exp1_m8_g3_1775816706860,1,nim,https://integrate.api.nvidia.com/v1,2026-03-26,p1939995863,2,47036072,,winner,z-ai/glm5;nvidia/nemotron-3-super-120b-a12b;moonshotai/kimi-k2.5;qwen/qwen3.5-397b-a17b,player_1,nvidia/nemotron-3-super-120b-a12b,0,22,11,0.5000,2,0.1818,17,43,0.3953,3,0.1765,,
exp1_m8_g3_1775816706860,1,nim,https://integrate.api.nvidia.com/v1,2026-03-26,p1939995863,2,47036072,,winner,z-ai/glm5;nvidia/nemotron-3-super-120b-a12b;moonshotai/kimi-k2.5;qwen/qwen3.5-397b-a17b,player_2,moonshotai/kimi-k2.5,1,22,8,0.3636,0,0.0000,6,32,0.1875,3,0.5000,,
exp1_m8_g3_1775816706860,1,nim,https://integrate.api.nvidia.com/v1,2026-03-26,p1939995863,2,47036072,,winner,z-ai/glm5;nvidia/nemotron-3-super-120b-a12b;moonshotai/kimi-k2.5;qwen/qwen3.5-397b-a17b,player_3,qwen/qwen3.5-397b-a17b,0,21,12,0.5714,2,0.1667,6,28,0.2143,2,0.3333,,
exp1_m8_g4_1775837698270,1,nim,https://integrate.api.nvidia.com/v1,2026-03-26,p1939995863,2,47036073,,winner,z-ai/glm5;nvidia/nemotron-3-super-120b-a12b;qwen/qwen3.5-397b-a17b;moonshotai/kimi-k2.5,player_0,z-ai/glm5,0,33,8,0.2424,1,0.1250,50,101,0.4950,33,0.6600,,
exp1_m8_g4_1775837698270,1,nim,https://integrate.api.nvidia.com/v1,2026-03-26,p1939995863,2,47036073,,winner,z-ai/glm5;nvidia/nemotron-3-super-120b-a12b;qwen/qwen3.5-397b-a17b;moonshotai/kimi-k2.5,player_1,nvidia/nemotron-3-super-120b-a12b,0,33,13,0.3939,1,0.0769,34,64,0.5313,13,0.3824,,
exp1_m8_g4_1775837698270,1,nim,https://integrate.api.nvidia.com/v1,2026-03-26,p1939995863,2,47036073,,winner,z-ai/glm5;nvidia/nemotron-3-super-120b-a12b;qwen/qwen3.5-397b-a17b;moonshotai/kimi-k2.5,player_2,qwen/qwen3.5-397b-a17b,0,34,15,0.4412,1,0.0667,12,42,0.2857,4,0.3333,,
exp1_m8_g4_1775837698270,1,nim,https://integrate.api.nvidia.com/v1,2026-03-26,p1939995863,2,47036073,,winner,z-ai/glm5;nvidia/nemotron-3-super-120b-a12b;qwen/qwen3.5-397b-a17b;moonshotai/kimi-k2.5,player_3,moonshotai/kimi-k2.5,1,34,17,0.5000,0,0.0000,5,36,0.1389,0,0.0000,,
exp1_m8_g5_1775879748071,1,nim,https://integrate.api.nvidia.com/v1,2026-03-26,p1939995863,2,47036074,,winner,qwen/qwen3.5-397b-a17b;moonshotai/kimi-k2.5;z-ai/glm5;nvidia/nemotron-3-super-120b-a12b,player_0,qwen/qwen3.5-397b-a17b,0,20,6,0.3000,1,0.1667,35,61,0.5738,20,0.5714,,
exp1_m8_g5_1775879748071,1,nim,https://integrate.api.nvidia.com/v1,2026-03-26,p1939995863,2,47036074,,winner,qwen/qwen3.5-397b-a17b;moonshotai/kimi-k2.5;z-ai/glm5;nvidia/nemotron-3-super-120b-a12b,player_1,moonshotai/kimi-k2.5,1,21,8,0.3810,0,0.0000,11,38,0.2895,5,0.4545,,
exp1_m8_g5_1775879748071,1,nim,https://integrate.api.nvidia.com/v1,2026-03-26,p1939995863,2,47036074,,winner,qwen/qwen3.5-397b-a17b;moonshotai/kimi-k2.5;z-ai/glm5;nvidia/nemotron-3-super-120b-a12b,player_2,z-ai/glm5,0,20,7,0.3500,0,0.0000,12,26,0.4615,1,0.0833,,
exp1_m8_g5_1775879748071,1,nim,https://integrate.api.nvidia.com/v1,2026-03-26,p1939995863,2,47036074,,winner,qwen/qwen3.5-397b-a17b;moonshotai/kimi-k2.5;z-ai/glm5;nvidia/nemotron-3-super-120b-a12b,player_3,nvidia/nemotron-3-super-120b-a12b,0,20,12,0.6000,0,0.0000,10,21,0.4762,6,0.6000,,
exp1_m8_g6_1775892876784,1,nim,https://integrate.api.nvidia.com/v1,2026-03-26,p1939995863,2,47036075,,winner,nvidia/nemotron-3-super-120b-a12b;qwen/qwen3.5-397b-a17b;z-ai/glm5;moonshotai/kimi-k2.5,player_0,nvidia/nemotron-3-super-120b-a12b,0,22,11,0.5000,0,0.0000,39,68,0.5735,22,0.5641,,
exp1_m8_g6_1775892876784,1,nim,https://integrate.api.nvidia.com/v1,2026-03-26,p1939995863,2,47036075,,winner,nvidia/nemotron-3-super-120b-a12b;qwen/qwen3.5-397b-a17b;z-ai/glm5;moonshotai/kimi-k2.5,player_1,qwen/qwen3.5-397b-a17b,0,22,11,0.5000,2,0.1818,18,42,0.4286,10,0.5556,,
exp1_m8_g6_1775892876784,1,nim,https://integrate.api.nvidia.com/v1,2026-03-26,p1939995863,2,47036075,,winner,nvidia/nemotron-3-super-120b-a12b;qwen/qwen3.5-397b-a17b;z-ai/glm5;moonshotai/kimi-k2.5,player_2,z-ai/glm5,0,23,9,0.3913,2,0.2222,10,21,0.4762,3,0.3000,,
exp1_m8_g6_1775892876784,1,nim,https://integrate.api.nvidia.com/v1,2026-03-26,p1939995863,2,47036075,,winner,nvidia/nemotron-3-super-120b-a12b;qwen/qwen3.5-397b-a17b;z-ai/glm5;moonshotai/kimi-k2.5,player_3,moonshotai/kimi-k2.5,1,23,11,0.4783,0,0.0000,6,22,0.2727,3,0.5000,,
exp1_m8_g7_1775942313924,1,nim,https://integrate.api.nvidia.com/v1,2026-03-26,p1939995863,2,47036076,,winner,nvidia/nemotron-3-super-120b-a12b;moonshotai/kimi-k2.5;qwen/qwen3.5-397b-a17b;z-ai/glm5,player_0,nvidia/nemotron-3-super-120b-a12b,0,29,10,0.3448,0,0.0000,57,87,0.6552,35,0.6140,,
exp1_m8_g7_1775942313924,1,nim,https://integrate.api.nvidia.com/v1,2026-03-26,p1939995863,2,47036076,,winner,nvidia/nemotron-3-super-120b-a12b;moonshotai/kimi-k2.5;qwen/qwen3.5-397b-a17b;z-ai/glm5,player_1,moonshotai/kimi-k2.5,1,29,13,0.4483,1,0.0769,21,48,0.4375,11,0.5238,,
exp1_m8_g7_1775942313924,1,nim,https://integrate.api.nvidia.com/v1,2026-03-26,p1939995863,2,47036076,,winner,nvidia/nemotron-3-super-120b-a12b;moonshotai/kimi-k2.5;qwen/qwen3.5-397b-a17b;z-ai/glm5,player_2,qwen/qwen3.5-397b-a17b,0,29,15,0.5172,1,0.0667,10,31,0.3226,2,0.2000,,
exp1_m8_g7_1775942313924,1,nim,https://integrate.api.nvidia.com/v1,2026-03-26,p1939995863,2,47036076,,winner,nvidia/nemotron-3-super-120b-a12b;moonshotai/kimi-k2.5;qwen/qwen3.5-397b-a17b;z-ai/glm5,player_3,z-ai/glm5,0,29,16,0.5517,2,0.1250,9,25,0.3600,2,0.2222,,
exp1_m8_g8_1775959108683,1,nim,https://integrate.api.nvidia.com/v1,2026-03-26,p1939995863,2,47036077,,winner,moonshotai/kimi-k2.5;nvidia/nemotron-3-super-120b-a12b;qwen/qwen3.5-397b-a17b;z-ai/glm5,player_0,moonshotai/kimi-k2.5,0,67,25,0.3731,1,0.0400,104,201,0.5174,67,0.6442,,
exp1_m8_g8_1775959108683,1,nim,https://integrate.api.nvidia.com/v1,2026-03-26,p1939995863,2,47036077,,winner,moonshotai/kimi-k2.5;nvidia/nemotron-3-super-120b-a12b;qwen/qwen3.5-397b-a17b;z-ai/glm5,player_1,nvidia/nemotron-3-super-120b-a12b,0,67,28,0.4179,1,0.0357,63,120,0.5250,31,0.4921,,
exp1_m8_g8_1775959108683,1,nim,https://integrate.api.nvidia.com/v1,2026-03-26,p1939995863,2,47036077,,winner,moonshotai/kimi-k2.5;nvidia/nemotron-3-super-120b-a12b;qwen/qwen3.5-397b-a17b;z-ai/glm5,player_2,qwen/qwen3.5-397b-a17b,1,67,39,0.5821,3,0.0769,37,86,0.4302,13,0.3514,,
exp1_m8_g8_1775959108683,1,nim,https://integrate.api.nvidia.com/v1,2026-03-26,p1939995863,2,47036077,,winner,moonshotai/kimi-k2.5;nvidia/nemotron-3-super-120b-a12b;qwen/qwen3.5-397b-a17b;z-ai/glm5,player_3,z-ai/glm5,0,67,32,0.4776,0,0.0000,24,52,0.4615,8,0.3333,,
exp1_m8_g9_1776025231151,1,nim,https://integrate.api.nvidia.com/v1,2026-03-26,p1939995863,2,47036078,,winner,qwen/qwen3.5-397b-a17b;moonshotai/kimi-k2.5;nvidia/nemotron-3-super-120b-a12b;z-ai/glm5,player_0,qwen/qwen3.5-397b-a17b,0,14,4,0.2857,0,0.0000,22,40,0.5500,11,0.5000,,
exp1_m8_g9_1776025231151,1,nim,https://integrate.api.nvidia.com/v1,2026-03-26,p1939995863,2,47036078,,winner,qwen/qwen3.5-397b-a17b;moonshotai/kimi-k2.5;nvidia/nemotron-3-super-120b-a12b;z-ai/glm5,player_1,moonshotai/kimi-k2.5,1,14,4,0.2857,1,0.2500,4,24,0.1667,3,0.7500,,
exp1_m8_g9_1776025231151,1,nim,https://integrate.api.nvidia.com/v1,2026-03-26,p1939995863,2,47036078,,winner,qwen/qwen3.5-397b-a17b;moonshotai/kimi-k2.5;nvidia/nemotron-3-super-120b-a12b;z-ai/glm5,player_2,nvidia/nemotron-3-super-120b-a12b,0,13,6,0.4615,0,0.0000,9,27,0.3333,5,0.5556,,
exp1_m8_g9_1776025231151,1,nim,https://integrate.api.nvidia.com/v1,2026-03-26,p1939995863,2,47036078,,winner,qwen/qwen3.5-397b-a17b;moonshotai/kimi-k2.5;nvidia/nemotron-3-super-120b-a12b;z-ai/glm5,player_3,z-ai/glm5,0,13,6,0.4615,0,0.0000,2,14,0.1429,0,0.0000,,
exp1_m9_g0_1776032327852,1,nim,https://integrate.api.nvidia.com/v1,2026-03-26,p1939995863,2,47037030,,winner,qwen/qwen3.5-397b-a17b;mistralai/mistral-small-4-119b-2603;z-ai/glm5;moonshotai/kimi-k2.5,player_0,qwen/qwen3.5-397b-a17b,0,24,7,0.2917,1,0.1429,36,75,0.4800,20,0.5556,,
exp1_m9_g0_1776032327852,1,nim,https://integrate.api.nvidia.com/v1,2026-03-26,p1939995863,2,47037030,,winner,qwen/qwen3.5-397b-a17b;mistralai/mistral-small-4-119b-2603;z-ai/glm5;moonshotai/kimi-k2.5,player_1,mistralai/mistral-small-4-119b-2603,0,25,4,0.1600,0,0.0000,39,46,0.8478,14,0.3590,,
exp1_m9_g0_1776032327852,1,nim,https://integrate.api.nvidia.com/v1,2026-03-26,p1939995863,2,47037030,,winner,qwen/qwen3.5-397b-a17b;mistralai/mistral-small-4-119b-2603;z-ai/glm5;moonshotai/kimi-k2.5,player_2,z-ai/glm5,0,25,11,0.4400,0,0.0000,4,21,0.1905,1,0.2500,,
exp1_m9_g0_1776032327852,1,nim,https://integrate.api.nvidia.com/v1,2026-03-26,p1939995863,2,47037030,,winner,qwen/qwen3.5-397b-a17b;mistralai/mistral-small-4-119b-2603;z-ai/glm5;moonshotai/kimi-k2.5,player_3,moonshotai/kimi-k2.5,1,25,16,0.6400,0,0.0000,4,19,0.2105,2,0.5000,,
exp1_m9_g1_1776037271830,1,nim,https://integrate.api.nvidia.com/v1,2026-03-26,p1939995863,2,47037031,,winner,z-ai/glm5;moonshotai/kimi-k2.5;qwen/qwen3.5-397b-a17b;mistralai/mistral-small-4-119b-2603,player_0,z-ai/glm5,0,35,9,0.2571,1,0.1111,47,105,0.4476,24,0.5106,,
exp1_m9_g1_1776037271830,1,nim,https://integrate.api.nvidia.com/v1,2026-03-26,p1939995863,2,47037031,,winner,z-ai/glm5;moonshotai/kimi-k2.5;qwen/qwen3.5-397b-a17b;mistralai/mistral-small-4-119b-2603,player_1,moonshotai/kimi-k2.5,1,35,17,0.4857,2,0.1176,23,73,0.3151,8,0.3478,,
exp1_m9_g1_1776037271830,1,nim,https://integrate.api.nvidia.com/v1,2026-03-26,p1939995863,2,47037031,,winner,z-ai/glm5;moonshotai/kimi-k2.5;qwen/qwen3.5-397b-a17b;mistralai/mistral-small-4-119b-2603,player_2,qwen/qwen3.5-397b-a17b,0,35,21,0.6000,1,0.0476,15,54,0.2778,4,0.2667,,
exp1_m9_g1_1776037271830,1,nim,https://integrate.api.nvidia.com/v1,2026-03-26,p1939995863,2,47037031,,winner,z-ai/glm5;moonshotai/kimi-k2.5;qwen/qwen3.5-397b-a17b;mistralai/mistral-small-4-119b-2603,player_3,mistralai/mistral-small-4-119b-2603,0,35,9,0.2571,2,0.2222,37,48,0.7708,14,0.3784,,
exp1_m9_g2_1776047309295,1,nim,https://integrate.api.nvidia.com/v1,2026-03-26,p1939995863,2,47037032,,winner,mistralai/mistral-small-4-119b-2603;qwen/qwen3.5-397b-a17b;z-ai/glm5;moonshotai/kimi-k2.5,player_0,mistralai/mistral-small-4-119b-2603,0,26,3,0.1154,1,0.3333,61,78,0.7821,32,0.5246,,
exp1_m9_g2_1776047309295,1,nim,https://integrate.api.nvidia.com/v1,2026-03-26,p1939995863,2,47037032,,winner,mistralai/mistral-small-4-119b-2603;qwen/qwen3.5-397b-a17b;z-ai/glm5;moonshotai/kimi-k2.5,player_1,qwen/qwen3.5-397b-a17b,0,26,12,0.4615,2,0.1667,14,38,0.3684,3,0.2143,,
exp1_m9_g2_1776047309295,1,nim,https://integrate.api.nvidia.com/v1,2026-03-26,p1939995863,2,47037032,,winner,mistralai/mistral-small-4-119b-2603;qwen/qwen3.5-397b-a17b;z-ai/glm5;moonshotai/kimi-k2.5,player_2,z-ai/glm5,0,26,15,0.5769,1,0.0667,2,23,0.0870,0,0.0000,,
exp1_m9_g2_1776047309295,1,nim,https://integrate.api.nvidia.com/v1,2026-03-26,p1939995863,2,47037032,,winner,mistralai/mistral-small-4-119b-2603;qwen/qwen3.5-397b-a17b;z-ai/glm5;moonshotai/kimi-k2.5,player_3,moonshotai/kimi-k2.5,1,26,13,0.5000,0,0.0000,5,24,0.2083,4,0.8000,,
exp1_m9_g3_1776052193421,1,nim,https://integrate.api.nvidia.com/v1,2026-03-26,p1939995863,2,47037033,,winner,moonshotai/kimi-k2.5;mistralai/mistral-small-4-119b-2603;qwen/qwen3.5-397b-a17b;z-ai/glm5,player_0,moonshotai/kimi-k2.5,1,27,14,0.5185,3,0.2143,17,81,0.2099,7,0.4118,,
exp1_m9_g3_1776052193421,1,nim,https://integrate.api.nvidia.com/v1,2026-03-26,p1939995863,2,47037033,,winner,moonshotai/kimi-k2.5;mistralai/mistral-small-4-119b-2603;qwen/qwen3.5-397b-a17b;z-ai/glm5,player_1,mistralai/mistral-small-4-119b-2603,0,27,3,0.1111,1,0.3333,49,66,0.7424,18,0.3673,,
exp1_m9_g3_1776052193421,1,nim,https://integrate.api.nvidia.com/v1,2026-03-26,p1939995863,2,47037033,,winner,moonshotai/kimi-k2.5;mistralai/mistral-small-4-119b-2603;qwen/qwen3.5-397b-a17b;z-ai/glm5,player_2,qwen/qwen3.5-397b-a17b,0,27,13,0.4815,5,0.3846,13,33,0.3939,4,0.3077,,
exp1_m9_g3_1776052193421,1,nim,https://integrate.api.nvidia.com/v1,2026-03-26,p1939995863,2,47037033,,winner,moonshotai/kimi-k2.5;mistralai/mistral-small-4-119b-2603;qwen/qwen3.5-397b-a17b;z-ai/glm5,player_3,z-ai/glm5,0,27,9,0.3333,1,0.1111,3,28,0.1071,0,0.0000,,
exp1_m9_g4_1776062713569,1,nim,https://integrate.api.nvidia.com/v1,2026-03-26,p1939995863,2,47037034,,winner,qwen/qwen3.5-397b-a17b;z-ai/glm5;moonshotai/kimi-k2.5;mistralai/mistral-small-4-119b-2603,player_0,qwen/qwen3.5-397b-a17b,0,43,14,0.3256,2,0.1429,55,130,0.4231,23,0.4182,,
exp1_m9_g4_1776062713569,1,nim,https://integrate.api.nvidia.com/v1,2026-03-26,p1939995863,2,47037034,,winner,qwen/qwen3.5-397b-a17b;z-ai/glm5;moonshotai/kimi-k2.5;mistralai/mistral-small-4-119b-2603,player_1,z-ai/glm5,0,43,16,0.3721,4,0.2500,34,87,0.3908,14,0.4118,,
exp1_m9_g4_1776062713569,1,nim,https://integrate.api.nvidia.com/v1,2026-03-26,p1939995863,2,47037034,,winner,qwen/qwen3.5-397b-a17b;z-ai/glm5;moonshotai/kimi-k2.5;mistralai/mistral-small-4-119b-2603,player_2,moonshotai/kimi-k2.5,1,44,22,0.5000,1,0.0455,16,74,0.2162,6,0.3750,,
exp1_m9_g4_1776062713569,1,nim,https://integrate.api.nvidia.com/v1,2026-03-26,p1939995863,2,47037034,,winner,qwen/qwen3.5-397b-a17b;z-ai/glm5;moonshotai/kimi-k2.5;mistralai/mistral-small-4-119b-2603,player_3,mistralai/mistral-small-4-119b-2603,0,43,14,0.3256,6,0.4286,35,52,0.6731,10,0.2857,,
exp1_m9_g5_1776080656085,1,nim,https://integrate.api.nvidia.com/v1,2026-03-26,p1939995863,2,47037035,,winner,qwen/qwen3.5-397b-a17b;mistralai/mistral-small-4-119b-2603;moonshotai/kimi-k2.5;z-ai/glm5,player_0,qwen/qwen3.5-397b-a17b,0,32,10,0.3125,1,0.1000,58,97,0.5979,31,0.5345,,
exp1_m9_g5_1776080656085,1,nim,https://integrate.api.nvidia.com/v1,2026-03-26,p1939995863,2,47037035,,winner,qwen/qwen3.5-397b-a17b;mistralai/mistral-small-4-119b-2603;moonshotai/kimi-k2.5;z-ai/glm5,player_1,mistralai/mistral-small-4-119b-2603,0,32,5,0.1563,3,0.6000,42,57,0.7368,15,0.3571,,
exp1_m9_g5_1776080656085,1,nim,https://integrate.api.nvidia.com/v1,2026-03-26,p1939995863,2,47037035,,winner,qwen/qwen3.5-397b-a17b;mistralai/mistral-small-4-119b-2603;moonshotai/kimi-k2.5;z-ai/glm5,player_2,moonshotai/kimi-k2.5,0,32,19,0.5938,0,0.0000,9,26,0.3462,4,0.4444,,
exp1_m9_g5_1776080656085,1,nim,https://integrate.api.nvidia.com/v1,2026-03-26,p1939995863,2,47037035,,winner,qwen/qwen3.5-397b-a17b;mistralai/mistral-small-4-119b-2603;moonshotai/kimi-k2.5;z-ai/glm5,player_3,z-ai/glm5,1,33,21,0.6364,1,0.0476,1,17,0.0588,0,0.0000,,
exp1_m9_g6_1776090556845,1,nim,https://integrate.api.nvidia.com/v1,2026-03-26,p1939995863,2,47037036,,winner,moonshotai/kimi-k2.5;qwen/qwen3.5-397b-a17b;mistralai/mistral-small-4-119b-2603;z-ai/glm5,player_0,moonshotai/kimi-k2.5,0,33,11,0.3333,0,0.0000,34,99,0.3434,15,0.4412,,
exp1_m9_g6_1776090556845,1,nim,https://integrate.api.nvidia.com/v1,2026-03-26,p1939995863,2,47037036,,winner,moonshotai/kimi-k2.5;qwen/qwen3.5-397b-a17b;mistralai/mistral-small-4-119b-2603;z-ai/glm5,player_1,qwen/qwen3.5-397b-a17b,0,33,11,0.3333,1,0.0909,30,69,0.4348,11,0.3667,,
exp1_m9_g6_1776090556845,1,nim,https://integrate.api.nvidia.com/v1,2026-03-26,p1939995863,2,47037036,,winner,moonshotai/kimi-k2.5;qwen/qwen3.5-397b-a17b;mistralai/mistral-small-4-119b-2603;z-ai/glm5,player_2,mistralai/mistral-small-4-119b-2603,0,33,6,0.1818,0,0.0000,35,51,0.6863,10,0.2857,,
exp1_m9_g6_1776090556845,1,nim,https://integrate.api.nvidia.com/v1,2026-03-26,p1939995863,2,47037036,,winner,moonshotai/kimi-k2.5;qwen/qwen3.5-397b-a17b;mistralai/mistral-small-4-119b-2603;z-ai/glm5,player_3,z-ai/glm5,1,33,12,0.3636,0,0.0000,9,30,0.3000,3,0.3333,,
exp1_m9_g7_1776115902384,1,nim,https://integrate.api.nvidia.com/v1,2026-03-26,p1939995863,2,47037037,,winner,mistralai/mistral-small-4-119b-2603;moonshotai/kimi-k2.5;z-ai/glm5;qwen/qwen3.5-397b-a17b,player_0,mistralai/mistral-small-4-119b-2603,0,27,2,0.0741,0,0.0000,58,81,0.7160,28,0.4828,,
exp1_m9_g7_1776115902384,1,nim,https://integrate.api.nvidia.com/v1,2026-03-26,p1939995863,2,47037037,,winner,mistralai/mistral-small-4-119b-2603;moonshotai/kimi-k2.5;z-ai/glm5;qwen/qwen3.5-397b-a17b,player_1,moonshotai/kimi-k2.5,1,27,15,0.5556,3,0.2000,7,39,0.1795,3,0.4286,,
exp1_m9_g7_1776115902384,1,nim,https://integrate.api.nvidia.com/v1,2026-03-26,p1939995863,2,47037037,,winner,mistralai/mistral-small-4-119b-2603;moonshotai/kimi-k2.5;z-ai/glm5;qwen/qwen3.5-397b-a17b,player_2,z-ai/glm5,0,27,13,0.4815,2,0.1538,13,39,0.3333,6,0.4615,,
exp1_m9_g7_1776115902384,1,nim,https://integrate.api.nvidia.com/v1,2026-03-26,p1939995863,2,47037037,,winner,mistralai/mistral-small-4-119b-2603;moonshotai/kimi-k2.5;z-ai/glm5;qwen/qwen3.5-397b-a17b,player_3,qwen/qwen3.5-397b-a17b,0,27,14,0.5185,1,0.0714,8,27,0.2963,1,0.1250,,
exp1_m9_g8_1776136932160,1,nim,https://integrate.api.nvidia.com/v1,2026-03-26,p1939995863,2,47037038,,winner,moonshotai/kimi-k2.5;mistralai/mistral-small-4-119b-2603;z-ai/glm5;qwen/qwen3.5-397b-a17b,player_0,moonshotai/kimi-k2.5,0,45,25,0.5556,4,0.1600,43,135,0.3185,23,0.5349,,
exp1_m9_g8_1776136932160,1,nim,https://integrate.api.nvidia.com/v1,2026-03-26,p1939995863,2,47037038,,winner,moonshotai/kimi-k2.5;mistralai/mistral-small-4-119b-2603;z-ai/glm5;qwen/qwen3.5-397b-a17b,player_1,mistralai/mistral-small-4-119b-2603,0,45,2,0.0444,0,0.0000,77,94,0.8191,35,0.4545,,
exp1_m9_g8_1776136932160,1,nim,https://integrate.api.nvidia.com/v1,2026-03-26,p1939995863,2,47037038,,winner,moonshotai/kimi-k2.5;mistralai/mistral-small-4-119b-2603;z-ai/glm5;qwen/qwen3.5-397b-a17b,player_2,z-ai/glm5,1,45,16,0.3556,2,0.1250,15,55,0.2727,2,0.1333,,
exp1_m9_g8_1776136932160,1,nim,https://integrate.api.nvidia.com/v1,2026-03-26,p1939995863,2,47037038,,winner,moonshotai/kimi-k2.5;mistralai/mistral-small-4-119b-2603;z-ai/glm5;qwen/qwen3.5-397b-a17b,player_3,qwen/qwen3.5-397b-a17b,0,45,25,0.5556,2,0.0800,10,41,0.2439,0,0.0000,,
exp1_m9_g9_1776155707861,1,nim,https://integrate.api.nvidia.com/v1,2026-03-26,p1939995863,2,47037039,,winner,z-ai/glm5;qwen/qwen3.5-397b-a17b;mistralai/mistral-small-4-119b-2603;moonshotai/kimi-k2.5,player_0,z-ai/glm5,0,12,3,0.2500,1,0.3333,15,39,0.3846,7,0.4667,,
exp1_m9_g9_1776155707861,1,nim,https://integrate.api.nvidia.com/v1,2026-03-26,p1939995863,2,47037039,,winner,z-ai/glm5;qwen/qwen3.5-397b-a17b;mistralai/mistral-small-4-119b-2603;moonshotai/kimi-k2.5,player_1,qwen/qwen3.5-397b-a17b,0,13,5,0.3846,0,0.0000,13,28,0.4643,5,0.3846,,
exp1_m9_g9_1776155707861,1,nim,https://integrate.api.nvidia.com/v1,2026-03-26,p1939995863,2,47037039,,winner,z-ai/glm5;qwen/qwen3.5-397b-a17b;mistralai/mistral-small-4-119b-2603;moonshotai/kimi-k2.5,player_2,mistralai/mistral-small-4-119b-2603,0,13,3,0.2308,0,0.0000,11,17,0.6471,3,0.2727,,
exp1_m9_g9_1776155707861,1,nim,https://integrate.api.nvidia.com/v1,2026-03-26,p1939995863,2,47037039,,winner,z-ai/glm5;qwen/qwen3.5-397b-a17b;mistralai/mistral-small-4-119b-2603;moonshotai/kimi-k2.5,player_3,moonshotai/kimi-k2.5,1,13,5,0.3846,0,0.0000,0,11,0.0000,0,0.0000,,
exp2_m0_g0_1774890180421,2,nim,https://integrate.api.nvidia.com/v1,2026-03-26,p1939995863,2,47951902,,winner,nvidia/nemotron-3-super-120b-a12b;qwen/qwen3.5-397b-a17b;mistralai/mistral-small-4-119b-2603;minimaxai/minimax-m2.5,player_0,nvidia/nemotron-3-super-120b-a12b,1,24,11,0.4583,1,0.0909,10,71,0.1408,6,0.6000,,
exp2_m0_g0_1774890180421,2,nim,https://integrate.api.nvidia.com/v1,2026-03-26,p1939995863,2,47951902,,winner,nvidia/nemotron-3-super-120b-a12b;qwen/qwen3.5-397b-a17b;mistralai/mistral-small-4-119b-2603;minimaxai/minimax-m2.5,player_1,qwen/qwen3.5-397b-a17b,0,23,11,0.4783,1,0.0909,19,66,0.2879,9,0.4737,,
exp2_m0_g0_1774890180421,2,nim,https://integrate.api.nvidia.com/v1,2026-03-26,p1939995863,2,47951902,,winner,nvidia/nemotron-3-super-120b-a12b;qwen/qwen3.5-397b-a17b;mistralai/mistral-small-4-119b-2603;minimaxai/minimax-m2.5,player_2,mistralai/mistral-small-4-119b-2603,0,24,1,0.0417,1,1.0000,34,51,0.6667,11,0.3235,,
exp2_m0_g0_1774890180421,2,nim,https://integrate.api.nvidia.com/v1,2026-03-26,p1939995863,2,47951902,,winner,nvidia/nemotron-3-super-120b-a12b;qwen/qwen3.5-397b-a17b;mistralai/mistral-small-4-119b-2603;minimaxai/minimax-m2.5,player_3,minimaxai/minimax-m2.5,0,24,6,0.2500,0,0.0000,7,26,0.2692,0,0.0000,,
exp2_m0_g1_1774899988394,2,nim,https://integrate.api.nvidia.com/v1,2026-03-26,p1939995863,2,47951903,,winner,nvidia/nemotron-3-super-120b-a12b;mistralai/mistral-small-4-119b-2603;qwen/qwen3.5-397b-a17b;minimaxai/minimax-m2.5,player_0,nvidia/nemotron-3-super-120b-a12b,0,16,8,0.5000,1,0.1250,10,48,0.2083,4,0.4000,,
exp2_m0_g1_1774899988394,2,nim,https://integrate.api.nvidia.com/v1,2026-03-26,p1939995863,2,47951903,,winner,nvidia/nemotron-3-super-120b-a12b;mistralai/mistral-small-4-119b-2603;qwen/qwen3.5-397b-a17b;minimaxai/minimax-m2.5,player_1,mistralai/mistral-small-4-119b-2603,0,16,3,0.1875,1,0.3333,29,40,0.7250,11,0.3793,,
exp2_m0_g1_1774899988394,2,nim,https://integrate.api.nvidia.com/v1,2026-03-26,p1939995863,2,47951903,,winner,nvidia/nemotron-3-super-120b-a12b;mistralai/mistral-small-4-119b-2603;qwen/qwen3.5-397b-a17b;minimaxai/minimax-m2.5,player_2,qwen/qwen3.5-397b-a17b,0,16,5,0.3125,0,0.0000,3,22,0.1364,1,0.3333,,
exp2_m0_g1_1774899988394,2,nim,https://integrate.api.nvidia.com/v1,2026-03-26,p1939995863,2,47951903,,winner,nvidia/nemotron-3-super-120b-a12b;mistralai/mistral-small-4-119b-2603;qwen/qwen3.5-397b-a17b;minimaxai/minimax-m2.5,player_3,minimaxai/minimax-m2.5,1,16,7,0.4375,1,0.1429,6,19,0.3158,4,0.6667,,
exp2_m0_g2_1774999661670,2,nim,https://integrate.api.nvidia.com/v1,2026-03-26,p1939995863,2,47951904,,winner,mistralai/mistral-small-4-119b-2603;qwen/qwen3.5-397b-a17b;nvidia/nemotron-3-super-120b-a12b;minimaxai/minimax-m2.5,player_0,mistralai/mistral-small-4-119b-2603,0,41,1,0.0244,1,1.0000,102,123,0.8293,50,0.4902,,
exp2_m0_g2_1774999661670,2,nim,https://integrate.api.nvidia.com/v1,2026-03-26,p1939995863,2,47951904,,winner,mistralai/mistral-small-4-119b-2603;qwen/qwen3.5-397b-a17b;nvidia/nemotron-3-super-120b-a12b;minimaxai/minimax-m2.5,player_1,qwen/qwen3.5-397b-a17b,1,41,18,0.4390,1,0.0556,9,52,0.1731,3,0.3333,,
exp2_m0_g2_1774999661670,2,nim,https://integrate.api.nvidia.com/v1,2026-03-26,p1939995863,2,47951904,,winner,mistralai/mistral-small-4-119b-2603;qwen/qwen3.5-397b-a17b;nvidia/nemotron-3-super-120b-a12b;minimaxai/minimax-m2.5,player_2,nvidia/nemotron-3-super-120b-a12b,0,41,24,0.5854,0,0.0000,9,51,0.1765,4,0.4444,,
exp2_m0_g2_1774999661670,2,nim,https://integrate.api.nvidia.com/v1,2026-03-26,p1939995863,2,47951904,,winner,mistralai/mistral-small-4-119b-2603;qwen/qwen3.5-397b-a17b;nvidia/nemotron-3-super-120b-a12b;minimaxai/minimax-m2.5,player_3,minimaxai/minimax-m2.5,0,41,22,0.5366,0,0.0000,18,42,0.4286,6,0.3333,,
exp2_m0_g3_1775023596418,2,nim,https://integrate.api.nvidia.com/v1,2026-03-26,p1939995863,2,47951905,,winner,qwen/qwen3.5-397b-a17b;mistralai/mistral-small-4-119b-2603;minimaxai/minimax-m2.5;nvidia/nemotron-3-super-120b-a12b,player_0,qwen/qwen3.5-397b-a17b,0,33,17,0.5152,5,0.2941,28,98,0.2857,13,0.4643,,
exp2_m0_g3_1775023596418,2,nim,https://integrate.api.nvidia.com/v1,2026-03-26,p1939995863,2,47951905,,winner,qwen/qwen3.5-397b-a17b;mistralai/mistral-small-4-119b-2603;minimaxai/minimax-m2.5;nvidia/nemotron-3-super-120b-a12b,player_1,mistralai/mistral-small-4-119b-2603,0,33,2,0.0606,2,1.0000,53,77,0.6883,23,0.4340,,
exp2_m0_g3_1775023596418,2,nim,https://integrate.api.nvidia.com/v1,2026-03-26,p1939995863,2,47951905,,winner,qwen/qwen3.5-397b-a17b;mistralai/mistral-small-4-119b-2603;minimaxai/minimax-m2.5;nvidia/nemotron-3-super-120b-a12b,player_2,minimaxai/minimax-m2.5,1,33,12,0.3636,1,0.0833,9,43,0.2093,3,0.3333,,
exp2_m0_g3_1775023596418,2,nim,https://integrate.api.nvidia.com/v1,2026-03-26,p1939995863,2,47951905,,winner,qwen/qwen3.5-397b-a17b;mistralai/mistral-small-4-119b-2603;minimaxai/minimax-m2.5;nvidia/nemotron-3-super-120b-a12b,player_3,nvidia/nemotron-3-super-120b-a12b,0,32,18,0.5625,1,0.0556,5,37,0.1351,1,0.2000,,
exp2_m0_g4_1775066350857,2,nim,https://integrate.api.nvidia.com/v1,2026-03-26,p1939995863,2,47951906,,winner,qwen/qwen3.5-397b-a17b;minimaxai/minimax-m2.5;nvidia/nemotron-3-super-120b-a12b;mistralai/mistral-small-4-119b-2603,player_0,qwen/qwen3.5-397b-a17b,0,35,9,0.2571,2,0.2222,33,105,0.3143,14,0.4242,,
exp2_m0_g4_1775066350857,2,nim,https://integrate.api.nvidia.com/v1,2026-03-26,p1939995863,2,47951906,,winner,qwen/qwen3.5-397b-a17b;minimaxai/minimax-m2.5;nvidia/nemotron-3-super-120b-a12b;mistralai/mistral-small-4-119b-2603,player_1,minimaxai/minimax-m2.5,1,35,10,0.2857,6,0.6000,26,80,0.3250,7,0.2692,,
exp2_m0_g4_1775066350857,2,nim,https://integrate.api.nvidia.com/v1,2026-03-26,p1939995863,2,47951906,,winner,qwen/qwen3.5-397b-a17b;minimaxai/minimax-m2.5;nvidia/nemotron-3-super-120b-a12b;mistralai/mistral-small-4-119b-2603,player_2,nvidia/nemotron-3-super-120b-a12b,0,35,20,0.5714,2,0.1000,9,65,0.1385,3,0.3333,,
exp2_m0_g4_1775066350857,2,nim,https://integrate.api.nvidia.com/v1,2026-03-26,p1939995863,2,47951906,,winner,qwen/qwen3.5-397b-a17b;minimaxai/minimax-m2.5;nvidia/nemotron-3-super-120b-a12b;mistralai/mistral-small-4-119b-2603,player_3,mistralai/mistral-small-4-119b-2603,0,35,6,0.1714,4,0.6667,31,59,0.5254,7,0.2258,,
exp2_m0_g5_1775086542903,2,nim,https://integrate.api.nvidia.com/v1,2026-03-26,p1939995863,2,47951907,,winner,minimaxai/minimax-m2.5;qwen/qwen3.5-397b-a17b;mistralai/mistral-small-4-119b-2603;nvidia/nemotron-3-super-120b-a12b,player_0,minimaxai/minimax-m2.5,0,11,2,0.1818,1,0.5000,8,35,0.2286,2,0.2500,,
exp2_m0_g5_1775086542903,2,nim,https://integrate.api.nvidia.com/v1,2026-03-26,p1939995863,2,47951907,,winner,minimaxai/minimax-m2.5;qwen/qwen3.5-397b-a17b;mistralai/mistral-small-4-119b-2603;nvidia/nemotron-3-super-120b-a12b,player_1,qwen/qwen3.5-397b-a17b,0,11,3,0.2727,0,0.0000,4,29,0.1379,2,0.5000,,
exp2_m0_g5_1775086542903,2,nim,https://integrate.api.nvidia.com/v1,2026-03-26,p1939995863,2,47951907,,winner,minimaxai/minimax-m2.5;qwen/qwen3.5-397b-a17b;mistralai/mistral-small-4-119b-2603;nvidia/nemotron-3-super-120b-a12b,player_2,mistralai/mistral-small-4-119b-2603,0,12,1,0.0833,1,1.0000,14,26,0.5385,2,0.1429,,
exp2_m0_g5_1775086542903,2,nim,https://integrate.api.nvidia.com/v1,2026-03-26,p1939995863,2,47951907,,winner,minimaxai/minimax-m2.5;qwen/qwen3.5-397b-a17b;mistralai/mistral-small-4-119b-2603;nvidia/nemotron-3-super-120b-a12b,player_3,nvidia/nemotron-3-super-120b-a12b,1,12,2,0.1667,0,0.0000,2,16,0.1250,0,0.0000,,
exp2_m0_g6_1774915053934,2,nim,https://integrate.api.nvidia.com/v1,2026-03-26,p1939995863,2,47951908,,winner,mistralai/mistral-small-4-119b-2603;qwen/qwen3.5-397b-a17b;nvidia/nemotron-3-super-120b-a12b;minimaxai/minimax-m2.5,player_0,mistralai/mistral-small-4-119b-2603,0,27,6,0.2222,1,0.1667,68,79,0.8608,38,0.5588,,
exp2_m0_g6_1774915053934,2,nim,https://integrate.api.nvidia.com/v1,2026-03-26,p1939995863,2,47951908,,winner,mistralai/mistral-small-4-119b-2603;qwen/qwen3.5-397b-a17b;nvidia/nemotron-3-super-120b-a12b;minimaxai/minimax-m2.5,player_1,qwen/qwen3.5-397b-a17b,1,27,11,0.4074,1,0.0909,12,33,0.3636,4,0.3333,,
exp2_m0_g6_1774915053934,2,nim,https://integrate.api.nvidia.com/v1,2026-03-26,p1939995863,2,47951908,,winner,mistralai/mistral-small-4-119b-2603;qwen/qwen3.5-397b-a17b;nvidia/nemotron-3-super-120b-a12b;minimaxai/minimax-m2.5,player_2,nvidia/nemotron-3-super-120b-a12b,0,26,18,0.6923,0,0.0000,4,24,0.1667,1,0.2500,,
exp2_m0_g6_1774915053934,2,nim,https://integrate.api.nvidia.com/v1,2026-03-26,p1939995863,2,47951908,,winner,mistralai/mistral-small-4-119b-2603;qwen/qwen3.5-397b-a17b;nvidia/nemotron-3-super-120b-a12b;minimaxai/minimax-m2.5,player_3,minimaxai/minimax-m2.5,0,26,14,0.5385,1,0.0714,7,20,0.3500,3,0.4286,,
exp2_m0_g7_1774926828867,2,nim,https://integrate.api.nvidia.com/v1,2026-03-26,p1939995863,2,47951909,,winner,nvidia/nemotron-3-super-120b-a12b;mistralai/mistral-small-4-119b-2603;qwen/qwen3.5-397b-a17b;minimaxai/minimax-m2.5,player_0,nvidia/nemotron-3-super-120b-a12b,0,14,6,0.4286,0,0.0000,11,42,0.2619,5,0.4545,,
exp2_m0_g7_1774926828867,2,nim,https://integrate.api.nvidia.com/v1,2026-03-26,p1939995863,2,47951909,,winner,nvidia/nemotron-3-super-120b-a12b;mistralai/mistral-small-4-119b-2603;qwen/qwen3.5-397b-a17b;minimaxai/minimax-m2.5,player_1,mistralai/mistral-small-4-119b-2603,0,14,2,0.1429,1,0.5000,23,34,0.6765,7,0.3043,,
exp2_m0_g7_1774926828867,2,nim,https://integrate.api.nvidia.com/v1,2026-03-26,p1939995863,2,47951909,,winner,nvidia/nemotron-3-super-120b-a12b;mistralai/mistral-small-4-119b-2603;qwen/qwen3.5-397b-a17b;minimaxai/minimax-m2.5,player_2,qwen/qwen3.5-397b-a17b,0,14,5,0.3571,1,0.2000,1,19,0.0526,0,0.0000,,
exp2_m0_g7_1774926828867,2,nim,https://integrate.api.nvidia.com/v1,2026-03-26,p1939995863,2,47951909,,winner,nvidia/nemotron-3-super-120b-a12b;mistralai/mistral-small-4-119b-2603;qwen/qwen3.5-397b-a17b;minimaxai/minimax-m2.5,player_3,minimaxai/minimax-m2.5,1,14,3,0.2143,1,0.3333,3,17,0.1765,1,0.3333,,
exp2_m0_g8_1775090573998,2,nim,https://integrate.api.nvidia.com/v1,2026-03-26,p1939995863,2,47951910,,winner,qwen/qwen3.5-397b-a17b;minimaxai/minimax-m2.5;mistralai/mistral-small-4-119b-2603;nvidia/nemotron-3-super-120b-a12b,player_0,qwen/qwen3.5-397b-a17b,0,8,2,0.2500,0,0.0000,4,24,0.1667,1,0.2500,,
exp2_m0_g8_1775090573998,2,nim,https://integrate.api.nvidia.com/v1,2026-03-26,p1939995863,2,47951910,,winner,qwen/qwen3.5-397b-a17b;minimaxai/minimax-m2.5;mistralai/mistral-small-4-119b-2603;nvidia/nemotron-3-super-120b-a12b,player_1,minimaxai/minimax-m2.5,0,8,3,0.3750,2,0.6667,5,21,0.2381,2,0.4000,,
exp2_m0_g8_1775090573998,2,nim,https://integrate.api.nvidia.com/v1,2026-03-26,p1939995863,2,47951910,,winner,qwen/qwen3.5-397b-a17b;minimaxai/minimax-m2.5;mistralai/mistral-small-4-119b-2603;nvidia/nemotron-3-super-120b-a12b,player_2,mistralai/mistral-small-4-119b-2603,0,8,1,0.1250,1,1.0000,11,18,0.6111,1,0.0909,,
exp2_m0_g8_1775090573998,2,nim,https://integrate.api.nvidia.com/v1,2026-03-26,p1939995863,2,47951910,,winner,qwen/qwen3.5-397b-a17b;minimaxai/minimax-m2.5;mistralai/mistral-small-4-119b-2603;nvidia/nemotron-3-super-120b-a12b,player_3,nvidia/nemotron-3-super-120b-a12b,1,8,3,0.3750,2,0.6667,0,10,0.0000,0,0.0000,,
exp2_m0_g9_1775093092202,2,nim,https://integrate.api.nvidia.com/v1,2026-03-26,p1939995863,2,47951911,,winner,nvidia/nemotron-3-super-120b-a12b;qwen/qwen3.5-397b-a17b;mistralai/mistral-small-4-119b-2603;minimaxai/minimax-m2.5,player_0,nvidia/nemotron-3-super-120b-a12b,0,60,35,0.5833,3,0.0857,40,183,0.2186,19,0.4750,,
exp2_m0_g9_1775093092202,2,nim,https://integrate.api.nvidia.com/v1,2026-03-26,p1939995863,2,47951911,,winner,nvidia/nemotron-3-super-120b-a12b;qwen/qwen3.5-397b-a17b;mistralai/mistral-small-4-119b-2603;minimaxai/minimax-m2.5,player_1,qwen/qwen3.5-397b-a17b,0,61,26,0.4262,4,0.1538,60,158,0.3797,29,0.4833,,
exp2_m0_g9_1775093092202,2,nim,https://integrate.api.nvidia.com/v1,2026-03-26,p1939995863,2,47951911,,winner,nvidia/nemotron-3-super-120b-a12b;qwen/qwen3.5-397b-a17b;mistralai/mistral-small-4-119b-2603;minimaxai/minimax-m2.5,player_2,mistralai/mistral-small-4-119b-2603,0,61,6,0.0984,3,0.5000,80,109,0.7339,33,0.4125,,
exp2_m0_g9_1775093092202,2,nim,https://integrate.api.nvidia.com/v1,2026-03-26,p1939995863,2,47951911,,winner,nvidia/nemotron-3-super-120b-a12b;qwen/qwen3.5-397b-a17b;mistralai/mistral-small-4-119b-2603;minimaxai/minimax-m2.5,player_3,minimaxai/minimax-m2.5,1,61,31,0.5082,7,0.2258,14,51,0.2745,0,0.0000,,
exp2_m10_g0_1775059485359,2,nim,https://integrate.api.nvidia.com/v1,2026-03-26,p1939995863,2,1486529501,,winner,z-ai/glm5;nvidia/nemotron-3-super-120b-a12b;minimaxai/minimax-m2.5;mistralai/mistral-small-4-119b-2603,player_0,z-ai/glm5,0,88,28,0.3182,6,0.2143,118,263,0.4487,63,0.5339,,
exp2_m10_g0_1775059485359,2,nim,https://integrate.api.nvidia.com/v1,2026-03-26,p1939995863,2,1486529501,,winner,z-ai/glm5;nvidia/nemotron-3-super-120b-a12b;minimaxai/minimax-m2.5;mistralai/mistral-small-4-119b-2603,player_1,nvidia/nemotron-3-super-120b-a12b,1,88,57,0.6477,5,0.0877,28,198,0.1414,12,0.4286,,
exp2_m10_g0_1775059485359,2,nim,https://integrate.api.nvidia.com/v1,2026-03-26,p1939995863,2,1486529501,,winner,z-ai/glm5;nvidia/nemotron-3-super-120b-a12b;minimaxai/minimax-m2.5;mistralai/mistral-small-4-119b-2603,player_2,minimaxai/minimax-m2.5,0,87,27,0.3103,2,0.0741,57,166,0.3434,15,0.2632,,
exp2_m10_g0_1775059485359,2,nim,https://integrate.api.nvidia.com/v1,2026-03-26,p1939995863,2,1486529501,,winner,z-ai/glm5;nvidia/nemotron-3-super-120b-a12b;minimaxai/minimax-m2.5;mistralai/mistral-small-4-119b-2603,player_3,mistralai/mistral-small-4-119b-2603,0,88,21,0.2386,2,0.0952,74,113,0.6549,28,0.3784,,
exp2_m10_g1_1775100646882,2,nim,https://integrate.api.nvidia.com/v1,2026-03-26,p1939995863,2,1486529502,,winner,nvidia/nemotron-3-super-120b-a12b;mistralai/mistral-small-4-119b-2603;z-ai/glm5;minimaxai/minimax-m2.5,player_0,nvidia/nemotron-3-super-120b-a12b,0,12,5,0.4167,0,0.0000,2,36,0.0556,0,0.0000,,
exp2_m10_g1_1775100646882,2,nim,https://integrate.api.nvidia.com/v1,2026-03-26,p1939995863,2,1486529502,,winner,nvidia/nemotron-3-super-120b-a12b;mistralai/mistral-small-4-119b-2603;z-ai/glm5;minimaxai/minimax-m2.5,player_1,mistralai/mistral-small-4-119b-2603,0,12,2,0.1667,1,0.5000,24,35,0.6857,9,0.3750,,
exp2_m10_g1_1775100646882,2,nim,https://integrate.api.nvidia.com/v1,2026-03-26,p1939995863,2,1486529502,,winner,nvidia/nemotron-3-super-120b-a12b;mistralai/mistral-small-4-119b-2603;z-ai/glm5;minimaxai/minimax-m2.5,player_2,z-ai/glm5,1,12,2,0.1667,0,0.0000,2,19,0.1053,1,0.5000,,
exp2_m10_g1_1775100646882,2,nim,https://integrate.api.nvidia.com/v1,2026-03-26,p1939995863,2,1486529502,,winner,nvidia/nemotron-3-super-120b-a12b;mistralai/mistral-small-4-119b-2603;z-ai/glm5;minimaxai/minimax-m2.5,player_3,minimaxai/minimax-m2.5,0,12,5,0.4167,2,0.4000,7,16,0.4375,1,0.1429,,
exp2_m10_g2_1775154655825,2,nim,https://integrate.api.nvidia.com/v1,2026-03-26,p1939995863,2,1486529503,,winner,mistralai/mistral-small-4-119b-2603;z-ai/glm5;nvidia/nemotron-3-super-120b-a12b;minimaxai/minimax-m2.5,player_0,mistralai/mistral-small-4-119b-2603,0,19,4,0.2105,1,0.2500,45,56,0.8036,19,0.4222,,
exp2_m10_g2_1775154655825,2,nim,https://integrate.api.nvidia.com/v1,2026-03-26,p1939995863,2,1486529503,,winner,mistralai/mistral-small-4-119b-2603;z-ai/glm5;nvidia/nemotron-3-super-120b-a12b;minimaxai/minimax-m2.5,player_1,z-ai/glm5,1,19,2,0.1053,0,0.0000,12,25,0.4800,5,0.4167,,
exp2_m10_g2_1775154655825,2,nim,https://integrate.api.nvidia.com/v1,2026-03-26,p1939995863,2,1486529503,,winner,mistralai/mistral-small-4-119b-2603;z-ai/glm5;nvidia/nemotron-3-super-120b-a12b;minimaxai/minimax-m2.5,player_2,nvidia/nemotron-3-super-120b-a12b,0,18,11,0.6111,0,0.0000,2,17,0.1176,1,0.5000,,
exp2_m10_g2_1775154655825,2,nim,https://integrate.api.nvidia.com/v1,2026-03-26,p1939995863,2,1486529503,,winner,mistralai/mistral-small-4-119b-2603;z-ai/glm5;nvidia/nemotron-3-super-120b-a12b;minimaxai/minimax-m2.5,player_3,minimaxai/minimax-m2.5,0,19,10,0.5263,0,0.0000,4,16,0.2500,1,0.2500,,
exp2_m10_g3_1775158343435,2,nim,https://integrate.api.nvidia.com/v1,2026-03-26,p1939995863,2,1486529504,,winner,nvidia/nemotron-3-super-120b-a12b;minimaxai/minimax-m2.5;mistralai/mistral-small-4-119b-2603;z-ai/glm5,player_0,nvidia/nemotron-3-super-120b-a12b,0,37,17,0.4595,1,0.0588,16,109,0.1468,4,0.2500,,
exp2_m10_g3_1775158343435,2,nim,https://integrate.api.nvidia.com/v1,2026-03-26,p1939995863,2,1486529504,,winner,nvidia/nemotron-3-super-120b-a12b;minimaxai/minimax-m2.5;mistralai/mistral-small-4-119b-2603;z-ai/glm5,player_1,minimaxai/minimax-m2.5,1,37,13,0.3514,5,0.3846,31,98,0.3163,15,0.4839,,
exp2_m10_g3_1775158343435,2,nim,https://integrate.api.nvidia.com/v1,2026-03-26,p1939995863,2,1486529504,,winner,nvidia/nemotron-3-super-120b-a12b;minimaxai/minimax-m2.5;mistralai/mistral-small-4-119b-2603;z-ai/glm5,player_2,mistralai/mistral-small-4-119b-2603,0,36,3,0.0833,1,0.3333,53,77,0.6883,17,0.3208,,
exp2_m10_g3_1775158343435,2,nim,https://integrate.api.nvidia.com/v1,2026-03-26,p1939995863,2,1486529504,,winner,nvidia/nemotron-3-super-120b-a12b;minimaxai/minimax-m2.5;mistralai/mistral-small-4-119b-2603;z-ai/glm5,player_3,z-ai/glm5,0,36,14,0.3889,3,0.2143,6,37,0.1622,1,0.1667,,
exp2_m10_g4_1775173537953,2,nim,https://integrate.api.nvidia.com/v1,2026-03-26,p1939995863,2,1486529505,,winner,mistralai/mistral-small-4-119b-2603;nvidia/nemotron-3-super-120b-a12b;z-ai/glm5;minimaxai/minimax-m2.5,player_0,mistralai/mistral-small-4-119b-2603,0,27,4,0.1481,0,0.0000,61,79,0.7722,31,0.5082,,
exp2_m10_g4_1775173537953,2,nim,https://integrate.api.nvidia.com/v1,2026-03-26,p1939995863,2,1486529505,,winner,mistralai/mistral-small-4-119b-2603;nvidia/nemotron-3-super-120b-a12b;z-ai/glm5;minimaxai/minimax-m2.5,player_1,nvidia/nemotron-3-super-120b-a12b,1,27,12,0.4444,1,0.0833,7,41,0.1707,3,0.4286,,
exp2_m10_g4_1775173537953,2,nim,https://integrate.api.nvidia.com/v1,2026-03-26,p1939995863,2,1486529505,,winner,mistralai/mistral-small-4-119b-2603;nvidia/nemotron-3-super-120b-a12b;z-ai/glm5;minimaxai/minimax-m2.5,player_2,z-ai/glm5,0,26,12,0.4615,1,0.0833,7,31,0.2258,3,0.4286,,
exp2_m10_g4_1775173537953,2,nim,https://integrate.api.nvidia.com/v1,2026-03-26,p1939995863,2,1486529505,,winner,mistralai/mistral-small-4-119b-2603;nvidia/nemotron-3-super-120b-a12b;z-ai/glm5;minimaxai/minimax-m2.5,player_3,minimaxai/minimax-m2.5,0,26,14,0.5385,0,0.0000,9,30,0.3000,3,0.3333,,
exp2_m10_g5_1775182710230,2,nim,https://integrate.api.nvidia.com/v1,2026-03-26,p1939995863,2,1486529506,,winner,mistralai/mistral-small-4-119b-2603;nvidia/nemotron-3-super-120b-a12b;minimaxai/minimax-m2.5;z-ai/glm5,player_0,mistralai/mistral-small-4-119b-2603,0,15,2,0.1333,1,0.5000,36,46,0.7826,16,0.4444,,
exp2_m10_g5_1775182710230,2,nim,https://integrate.api.nvidia.com/v1,2026-03-26,p1939995863,2,1486529506,,winner,mistralai/mistral-small-4-119b-2603;nvidia/nemotron-3-super-120b-a12b;minimaxai/minimax-m2.5;z-ai/glm5,player_1,nvidia/nemotron-3-super-120b-a12b,0,15,8,0.5333,1,0.1250,3,23,0.1304,0,0.0000,,
exp2_m10_g5_1775182710230,2,nim,https://integrate.api.nvidia.com/v1,2026-03-26,p1939995863,2,1486529506,,winner,mistralai/mistral-small-4-119b-2603;nvidia/nemotron-3-super-120b-a12b;minimaxai/minimax-m2.5;z-ai/glm5,player_2,minimaxai/minimax-m2.5,0,15,6,0.4000,1,0.1667,3,18,0.1667,0,0.0000,,
exp2_m10_g5_1775182710230,2,nim,https://integrate.api.nvidia.com/v1,2026-03-26,p1939995863,2,1486529506,,winner,mistralai/mistral-small-4-119b-2603;nvidia/nemotron-3-super-120b-a12b;minimaxai/minimax-m2.5;z-ai/glm5,player_3,z-ai/glm5,1,16,5,0.3125,1,0.2000,4,16,0.2500,1,0.2500,,
exp2_m10_g6_1775189607257,2,nim,https://integrate.api.nvidia.com/v1,2026-03-26,p1939995863,2,1486529507,,winner,minimaxai/minimax-m2.5;nvidia/nemotron-3-super-120b-a12b;mistralai/mistral-small-4-119b-2603;z-ai/glm5,player_0,minimaxai/minimax-m2.5,0,37,9,0.2432,2,0.2222,49,112,0.4375,26,0.5306,,
exp2_m10_g6_1775189607257,2,nim,https://integrate.api.nvidia.com/v1,2026-03-26,p1939995863,2,1486529507,,winner,minimaxai/minimax-m2.5;nvidia/nemotron-3-super-120b-a12b;mistralai/mistral-small-4-119b-2603;z-ai/glm5,player_1,nvidia/nemotron-3-super-120b-a12b,0,37,23,0.6216,1,0.0435,12,86,0.1395,4,0.3333,,
exp2_m10_g6_1775189607257,2,nim,https://integrate.api.nvidia.com/v1,2026-03-26,p1939995863,2,1486529507,,winner,minimaxai/minimax-m2.5;nvidia/nemotron-3-super-120b-a12b;mistralai/mistral-small-4-119b-2603;z-ai/glm5,player_2,mistralai/mistral-small-4-119b-2603,0,37,6,0.1622,1,0.1667,45,62,0.7258,17,0.3778,,
exp2_m10_g6_1775189607257,2,nim,https://integrate.api.nvidia.com/v1,2026-03-26,p1939995863,2,1486529507,,winner,minimaxai/minimax-m2.5;nvidia/nemotron-3-super-120b-a12b;mistralai/mistral-small-4-119b-2603;z-ai/glm5,player_3,z-ai/glm5,1,38,17,0.4474,3,0.1765,9,38,0.2368,1,0.1111,,
exp2_m10_g7_1775208913952,2,nim,https://integrate.api.nvidia.com/v1,2026-03-26,p1939995863,2,1486529508,,winner,z-ai/glm5;mistralai/mistral-small-4-119b-2603;minimaxai/minimax-m2.5;nvidia/nemotron-3-super-120b-a12b,player_0,z-ai/glm5,0,49,12,0.2449,1,0.0833,74,149,0.4966,44,0.5946,,
exp2_m10_g7_1775208913952,2,nim,https://integrate.api.nvidia.com/v1,2026-03-26,p1939995863,2,1486529508,,winner,z-ai/glm5;mistralai/mistral-small-4-119b-2603;minimaxai/minimax-m2.5;nvidia/nemotron-3-super-120b-a12b,player_1,mistralai/mistral-small-4-119b-2603,0,49,4,0.0816,2,0.5000,74,86,0.8605,24,0.3243,,
exp2_m10_g7_1775208913952,2,nim,https://integrate.api.nvidia.com/v1,2026-03-26,p1939995863,2,1486529508,,winner,z-ai/glm5;mistralai/mistral-small-4-119b-2603;minimaxai/minimax-m2.5;nvidia/nemotron-3-super-120b-a12b,player_2,minimaxai/minimax-m2.5,0,50,20,0.4000,0,0.0000,19,47,0.4043,4,0.2105,,
exp2_m10_g7_1775208913952,2,nim,https://integrate.api.nvidia.com/v1,2026-03-26,p1939995863,2,1486529508,,winner,z-ai/glm5;mistralai/mistral-small-4-119b-2603;minimaxai/minimax-m2.5;nvidia/nemotron-3-super-120b-a12b,player_3,nvidia/nemotron-3-super-120b-a12b,1,50,41,0.8200,0,0.0000,2,30,0.0667,2,1.0000,,
exp2_m10_g8_1775222154324,2,nim,https://integrate.api.nvidia.com/v1,2026-03-26,p1939995863,2,1486529509,,winner,mistralai/mistral-small-4-119b-2603;z-ai/glm5;minimaxai/minimax-m2.5;nvidia/nemotron-3-super-120b-a12b,player_0,mistralai/mistral-small-4-119b-2603,0,13,3,0.2308,1,0.3333,29,40,0.7250,10,0.3448,,
exp2_m10_g8_1775222154324,2,nim,https://integrate.api.nvidia.com/v1,2026-03-26,p1939995863,2,1486529509,,winner,mistralai/mistral-small-4-119b-2603;z-ai/glm5;minimaxai/minimax-m2.5;nvidia/nemotron-3-super-120b-a12b,player_1,z-ai/glm5,1,14,3,0.2143,1,0.3333,5,20,0.2500,1,0.2000,,
exp2_m10_g8_1775222154324,2,nim,https://integrate.api.nvidia.com/v1,2026-03-26,p1939995863,2,1486529509,,winner,mistralai/mistral-small-4-119b-2603;z-ai/glm5;minimaxai/minimax-m2.5;nvidia/nemotron-3-super-120b-a12b,player_2,minimaxai/minimax-m2.5,0,13,4,0.3077,0,0.0000,4,18,0.2222,2,0.5000,,
exp2_m10_g8_1775222154324,2,nim,https://integrate.api.nvidia.com/v1,2026-03-26,p1939995863,2,1486529509,,winner,mistralai/mistral-small-4-119b-2603;z-ai/glm5;minimaxai/minimax-m2.5;nvidia/nemotron-3-super-120b-a12b,player_3,nvidia/nemotron-3-super-120b-a12b,0,13,6,0.4615,1,0.1667,0,12,0.0000,0,0.0000,,
exp2_m10_g9_1775227075841,2,nim,https://integrate.api.nvidia.com/v1,2026-03-26,p1939995863,2,1486529510,,winner,nvidia/nemotron-3-super-120b-a12b;minimaxai/minimax-m2.5;mistralai/mistral-small-4-119b-2603;z-ai/glm5,player_0,nvidia/nemotron-3-super-120b-a12b,0,40,21,0.5250,2,0.0952,12,120,0.1000,3,0.2500,,
exp2_m10_g9_1775227075841,2,nim,https://integrate.api.nvidia.com/v1,2026-03-26,p1939995863,2,1486529510,,winner,nvidia/nemotron-3-super-120b-a12b;minimaxai/minimax-m2.5;mistralai/mistral-small-4-119b-2603;z-ai/glm5,player_1,minimaxai/minimax-m2.5,0,40,14,0.3500,5,0.3571,42,112,0.3750,23,0.5476,,
exp2_m10_g9_1775227075841,2,nim,https://integrate.api.nvidia.com/v1,2026-03-26,p1939995863,2,1486529510,,winner,nvidia/nemotron-3-super-120b-a12b;minimaxai/minimax-m2.5;mistralai/mistral-small-4-119b-2603;z-ai/glm5,player_2,mistralai/mistral-small-4-119b-2603,0,40,6,0.1500,3,0.5000,46,79,0.5823,17,0.3696,,
exp2_m10_g9_1775227075841,2,nim,https://integrate.api.nvidia.com/v1,2026-03-26,p1939995863,2,1486529510,,winner,nvidia/nemotron-3-super-120b-a12b;minimaxai/minimax-m2.5;mistralai/mistral-small-4-119b-2603;z-ai/glm5,player_3,z-ai/glm5,1,40,14,0.3500,1,0.0714,9,52,0.1731,1,0.1111,,
exp2_m11_g0_1775248714747,2,nim,https://integrate.api.nvidia.com/v1,2026-03-26,p1939995863,2,1486530462,,winner,mistralai/mistral-small-4-119b-2603;minimaxai/minimax-m2.5;nvidia/nemotron-3-super-120b-a12b;moonshotai/kimi-k2.5,player_0,mistralai/mistral-small-4-119b-2603,0,32,0,0.0000,0,0.0000,81,98,0.8265,42,0.5185,,
exp2_m11_g0_1775248714747,2,nim,https://integrate.api.nvidia.com/v1,2026-03-26,p1939995863,2,1486530462,,winner,mistralai/mistral-small-4-119b-2603;minimaxai/minimax-m2.5;nvidia/nemotron-3-super-120b-a12b;moonshotai/kimi-k2.5,player_1,minimaxai/minimax-m2.5,0,32,8,0.2500,1,0.1250,21,43,0.4884,3,0.1429,,
exp2_m11_g0_1775248714747,2,nim,https://integrate.api.nvidia.com/v1,2026-03-26,p1939995863,2,1486530462,,winner,mistralai/mistral-small-4-119b-2603;minimaxai/minimax-m2.5;nvidia/nemotron-3-super-120b-a12b;moonshotai/kimi-k2.5,player_2,nvidia/nemotron-3-super-120b-a12b,0,33,22,0.6667,1,0.0455,2,24,0.0833,1,0.5000,,
exp2_m11_g0_1775248714747,2,nim,https://integrate.api.nvidia.com/v1,2026-03-26,p1939995863,2,1486530462,,winner,mistralai/mistral-small-4-119b-2603;minimaxai/minimax-m2.5;nvidia/nemotron-3-super-120b-a12b;moonshotai/kimi-k2.5,player_3,moonshotai/kimi-k2.5,1,33,19,0.5758,1,0.0526,1,23,0.0435,0,0.0000,,
exp2_m11_g1_1775259897235,2,nim,https://integrate.api.nvidia.com/v1,2026-03-26,p1939995863,2,1486530463,,winner,mistralai/mistral-small-4-119b-2603;moonshotai/kimi-k2.5;minimaxai/minimax-m2.5;nvidia/nemotron-3-super-120b-a12b,player_0,mistralai/mistral-small-4-119b-2603,0,14,4,0.2857,2,0.5000,27,42,0.6429,10,0.3704,,
exp2_m11_g1_1775259897235,2,nim,https://integrate.api.nvidia.com/v1,2026-03-26,p1939995863,2,1486530463,,winner,mistralai/mistral-small-4-119b-2603;moonshotai/kimi-k2.5;minimaxai/minimax-m2.5;nvidia/nemotron-3-super-120b-a12b,player_1,moonshotai/kimi-k2.5,0,14,5,0.3571,2,0.4000,1,24,0.0417,1,1.0000,,
exp2_m11_g1_1775259897235,2,nim,https://integrate.api.nvidia.com/v1,2026-03-26,p1939995863,2,1486530463,,winner,mistralai/mistral-small-4-119b-2603;moonshotai/kimi-k2.5;minimaxai/minimax-m2.5;nvidia/nemotron-3-super-120b-a12b,player_2,minimaxai/minimax-m2.5,0,14,5,0.3571,3,0.6000,6,22,0.2727,1,0.1667,,
exp2_m11_g1_1775259897235,2,nim,https://integrate.api.nvidia.com/v1,2026-03-26,p1939995863,2,1486530463,,winner,mistralai/mistral-small-4-119b-2603;moonshotai/kimi-k2.5;minimaxai/minimax-m2.5;nvidia/nemotron-3-super-120b-a12b,player_3,nvidia/nemotron-3-super-120b-a12b,1,14,7,0.5000,1,0.1429,1,18,0.0556,1,1.0000,,
exp2_m11_g2_1775265630720,2,nim,https://integrate.api.nvidia.com/v1,2026-03-26,p1939995863,2,1486530464,,winner,nvidia/nemotron-3-super-120b-a12b;minimaxai/minimax-m2.5;moonshotai/kimi-k2.5;mistralai/mistral-small-4-119b-2603,player_0,nvidia/nemotron-3-super-120b-a12b,0,20,9,0.4500,0,0.0000,12,61,0.1967,8,0.6667,,
exp2_m11_g2_1775265630720,2,nim,https://integrate.api.nvidia.com/v1,2026-03-26,p1939995863,2,1486530464,,winner,nvidia/nemotron-3-super-120b-a12b;minimaxai/minimax-m2.5;moonshotai/kimi-k2.5;mistralai/mistral-small-4-119b-2603,player_1,minimaxai/minimax-m2.5,0,20,5,0.2500,1,0.2000,18,51,0.3529,6,0.3333,,
exp2_m11_g2_1775265630720,2,nim,https://integrate.api.nvidia.com/v1,2026-03-26,p1939995863,2,1486530464,,winner,nvidia/nemotron-3-super-120b-a12b;minimaxai/minimax-m2.5;moonshotai/kimi-k2.5;mistralai/mistral-small-4-119b-2603,player_2,moonshotai/kimi-k2.5,1,21,12,0.5714,1,0.0833,1,42,0.0238,1,1.0000,,
exp2_m11_g2_1775265630720,2,nim,https://integrate.api.nvidia.com/v1,2026-03-26,p1939995863,2,1486530464,,winner,nvidia/nemotron-3-super-120b-a12b;minimaxai/minimax-m2.5;moonshotai/kimi-k2.5;mistralai/mistral-small-4-119b-2603,player_3,mistralai/mistral-small-4-119b-2603,0,20,4,0.2000,2,0.5000,30,39,0.7692,11,0.3667,,
exp2_m11_g3_1775276608108,2,nim,https://integrate.api.nvidia.com/v1,2026-03-26,p1939995863,2,1486530465,,winner,mistralai/mistral-small-4-119b-2603;moonshotai/kimi-k2.5;minimaxai/minimax-m2.5;nvidia/nemotron-3-super-120b-a12b,player_0,mistralai/mistral-small-4-119b-2603,0,12,4,0.3333,2,0.5000,31,37,0.8378,13,0.4194,,
exp2_m11_g3_1775276608108,2,nim,https://integrate.api.nvidia.com/v1,2026-03-26,p1939995863,2,1486530465,,winner,mistralai/mistral-small-4-119b-2603;moonshotai/kimi-k2.5;minimaxai/minimax-m2.5;nvidia/nemotron-3-super-120b-a12b,player_1,moonshotai/kimi-k2.5,0,12,4,0.3333,1,0.2500,1,16,0.0625,1,1.0000,,
exp2_m11_g3_1775276608108,2,nim,https://integrate.api.nvidia.com/v1,2026-03-26,p1939995863,2,1486530465,,winner,mistralai/mistral-small-4-119b-2603;moonshotai/kimi-k2.5;minimaxai/minimax-m2.5;nvidia/nemotron-3-super-120b-a12b,player_2,minimaxai/minimax-m2.5,1,13,3,0.2308,0,0.0000,4,14,0.2857,1,0.2500,,
exp2_m11_g3_1775276608108,2,nim,https://integrate.api.nvidia.com/v1,2026-03-26,p1939995863,2,1486530465,,winner,mistralai/mistral-small-4-119b-2603;moonshotai/kimi-k2.5;minimaxai/minimax-m2.5;nvidia/nemotron-3-super-120b-a12b,player_3,nvidia/nemotron-3-super-120b-a12b,0,12,8,0.6667,1,0.1250,1,12,0.0833,0,0.0000,,
exp2_m11_g4_1775280870373,2,nim,https://integrate.api.nvidia.com/v1,2026-03-26,p1939995863,2,1486530466,,winner,moonshotai/kimi-k2.5;mistralai/mistral-small-4-119b-2603;nvidia/nemotron-3-super-120b-a12b;minimaxai/minimax-m2.5,player_0,moonshotai/kimi-k2.5,1,20,13,0.6500,2,0.1538,6,58,0.1034,5,0.8333,,
exp2_m11_g4_1775280870373,2,nim,https://integrate.api.nvidia.com/v1,2026-03-26,p1939995863,2,1486530466,,winner,moonshotai/kimi-k2.5;mistralai/mistral-small-4-119b-2603;nvidia/nemotron-3-super-120b-a12b;minimaxai/minimax-m2.5,player_1,mistralai/mistral-small-4-119b-2603,0,19,4,0.2105,0,0.0000,50,54,0.9259,26,0.5200,,
exp2_m11_g4_1775280870373,2,nim,https://integrate.api.nvidia.com/v1,2026-03-26,p1939995863,2,1486530466,,winner,moonshotai/kimi-k2.5;mistralai/mistral-small-4-119b-2603;nvidia/nemotron-3-super-120b-a12b;minimaxai/minimax-m2.5,player_2,nvidia/nemotron-3-super-120b-a12b,0,19,13,0.6842,0,0.0000,4,22,0.1818,2,0.5000,,
exp2_m11_g4_1775280870373,2,nim,https://integrate.api.nvidia.com/v1,2026-03-26,p1939995863,2,1486530466,,winner,moonshotai/kimi-k2.5;mistralai/mistral-small-4-119b-2603;nvidia/nemotron-3-super-120b-a12b;minimaxai/minimax-m2.5,player_3,minimaxai/minimax-m2.5,0,20,8,0.4000,0,0.0000,7,17,0.4118,3,0.4286,,
exp2_m11_g5_1775298615945,2,nim,https://integrate.api.nvidia.com/v1,2026-03-26,p1939995863,2,1486530467,,winner,mistralai/mistral-small-4-119b-2603;nvidia/nemotron-3-super-120b-a12b;minimaxai/minimax-m2.5;moonshotai/kimi-k2.5,player_0,mistralai/mistral-small-4-119b-2603,0,35,4,0.1143,2,0.5000,85,105,0.8095,48,0.5647,,
exp2_m11_g5_1775298615945,2,nim,https://integrate.api.nvidia.com/v1,2026-03-26,p1939995863,2,1486530467,,winner,mistralai/mistral-small-4-119b-2603;nvidia/nemotron-3-super-120b-a12b;minimaxai/minimax-m2.5;moonshotai/kimi-k2.5,player_1,nvidia/nemotron-3-super-120b-a12b,1,35,16,0.4571,1,0.0625,8,49,0.1633,2,0.2500,,
exp2_m11_g5_1775298615945,2,nim,https://integrate.api.nvidia.com/v1,2026-03-26,p1939995863,2,1486530467,,winner,mistralai/mistral-small-4-119b-2603;nvidia/nemotron-3-super-120b-a12b;minimaxai/minimax-m2.5;moonshotai/kimi-k2.5,player_2,minimaxai/minimax-m2.5,0,35,18,0.5143,2,0.1111,14,41,0.3415,5,0.3571,,
exp2_m11_g5_1775298615945,2,nim,https://integrate.api.nvidia.com/v1,2026-03-26,p1939995863,2,1486530467,,winner,mistralai/mistral-small-4-119b-2603;nvidia/nemotron-3-super-120b-a12b;minimaxai/minimax-m2.5;moonshotai/kimi-k2.5,player_3,moonshotai/kimi-k2.5,0,35,26,0.7429,2,0.0769,2,29,0.0690,2,1.0000,,
exp2_m11_g6_1775322853516,2,nim,https://integrate.api.nvidia.com/v1,2026-03-26,p1939995863,2,1486530468,,winner,nvidia/nemotron-3-super-120b-a12b;moonshotai/kimi-k2.5;minimaxai/minimax-m2.5;mistralai/mistral-small-4-119b-2603,player_0,nvidia/nemotron-3-super-120b-a12b,0,21,10,0.4762,0,0.0000,13,61,0.2131,6,0.4615,,
exp2_m11_g6_1775322853516,2,nim,https://integrate.api.nvidia.com/v1,2026-03-26,p1939995863,2,1486530468,,winner,nvidia/nemotron-3-super-120b-a12b;moonshotai/kimi-k2.5;minimaxai/minimax-m2.5;mistralai/mistral-small-4-119b-2603,player_1,moonshotai/kimi-k2.5,1,21,13,0.6190,0,0.0000,3,54,0.0556,3,1.0000,,
exp2_m11_g6_1775322853516,2,nim,https://integrate.api.nvidia.com/v1,2026-03-26,p1939995863,2,1486530468,,winner,nvidia/nemotron-3-super-120b-a12b;moonshotai/kimi-k2.5;minimaxai/minimax-m2.5;mistralai/mistral-small-4-119b-2603,player_2,minimaxai/minimax-m2.5,0,20,8,0.4000,1,0.1250,23,51,0.4510,10,0.4348,,
exp2_m11_g6_1775322853516,2,nim,https://integrate.api.nvidia.com/v1,2026-03-26,p1939995863,2,1486530468,,winner,nvidia/nemotron-3-super-120b-a12b;moonshotai/kimi-k2.5;minimaxai/minimax-m2.5;mistralai/mistral-small-4-119b-2603,player_3,mistralai/mistral-small-4-119b-2603,0,20,1,0.0500,0,0.0000,28,35,0.8000,12,0.4286,,
exp2_m11_g7_1775339609594,2,nim,https://integrate.api.nvidia.com/v1,2026-03-26,p1939995863,2,1486530469,,winner,minimaxai/minimax-m2.5;nvidia/nemotron-3-super-120b-a12b;moonshotai/kimi-k2.5;mistralai/mistral-small-4-119b-2603,player_0,minimaxai/minimax-m2.5,0,17,3,0.1765,1,0.3333,16,50,0.3200,7,0.4375,,
exp2_m11_g7_1775339609594,2,nim,https://integrate.api.nvidia.com/v1,2026-03-26,p1939995863,2,1486530469,,winner,minimaxai/minimax-m2.5;nvidia/nemotron-3-super-120b-a12b;moonshotai/kimi-k2.5;mistralai/mistral-small-4-119b-2603,player_1,nvidia/nemotron-3-super-120b-a12b,0,17,8,0.4706,0,0.0000,2,37,0.0541,2,1.0000,,
exp2_m11_g7_1775339609594,2,nim,https://integrate.api.nvidia.com/v1,2026-03-26,p1939995863,2,1486530469,,winner,minimaxai/minimax-m2.5;nvidia/nemotron-3-super-120b-a12b;moonshotai/kimi-k2.5;mistralai/mistral-small-4-119b-2603,player_2,moonshotai/kimi-k2.5,1,17,4,0.2353,0,0.0000,2,40,0.0500,1,0.5000,,
exp2_m11_g7_1775339609594,2,nim,https://integrate.api.nvidia.com/v1,2026-03-26,p1939995863,2,1486530469,,winner,minimaxai/minimax-m2.5;nvidia/nemotron-3-super-120b-a12b;moonshotai/kimi-k2.5;mistralai/mistral-small-4-119b-2603,player_3,mistralai/mistral-small-4-119b-2603,0,16,4,0.2500,2,0.5000,27,37,0.7297,6,0.2222,,
exp2_m11_g8_1775351034447,2,nim,https://integrate.api.nvidia.com/v1,2026-03-26,p1939995863,2,1486530470,,winner,nvidia/nemotron-3-super-120b-a12b;minimaxai/minimax-m2.5;mistralai/mistral-small-4-119b-2603;moonshotai/kimi-k2.5,player_0,nvidia/nemotron-3-super-120b-a12b,0,23,19,0.8261,4,0.2105,12,70,0.1714,6,0.5000,,
exp2_m11_g8_1775351034447,2,nim,https://integrate.api.nvidia.com/v1,2026-03-26,p1939995863,2,1486530470,,winner,nvidia/nemotron-3-super-120b-a12b;minimaxai/minimax-m2.5;mistralai/mistral-small-4-119b-2603;moonshotai/kimi-k2.5,player_1,minimaxai/minimax-m2.5,0,23,7,0.3043,3,0.4286,22,63,0.3492,15,0.6818,,
exp2_m11_g8_1775351034447,2,nim,https://integrate.api.nvidia.com/v1,2026-03-26,p1939995863,2,1486530470,,winner,nvidia/nemotron-3-super-120b-a12b;minimaxai/minimax-m2.5;mistralai/mistral-small-4-119b-2603;moonshotai/kimi-k2.5,player_2,mistralai/mistral-small-4-119b-2603,0,23,2,0.0870,2,1.0000,30,42,0.7143,7,0.2333,,
exp2_m11_g8_1775351034447,2,nim,https://integrate.api.nvidia.com/v1,2026-03-26,p1939995863,2,1486530470,,winner,nvidia/nemotron-3-super-120b-a12b;minimaxai/minimax-m2.5;mistralai/mistral-small-4-119b-2603;moonshotai/kimi-k2.5,player_3,moonshotai/kimi-k2.5,1,24,11,0.4583,2,0.1818,0,26,0.0000,0,0.0000,,
exp2_m11_g9_1775362210844,2,nim,https://integrate.api.nvidia.com/v1,2026-03-26,p1939995863,2,1486530471,,winner,minimaxai/minimax-m2.5;moonshotai/kimi-k2.5;mistralai/mistral-small-4-119b-2603;nvidia/nemotron-3-super-120b-a12b,player_0,minimaxai/minimax-m2.5,0,35,10,0.2857,1,0.1000,56,106,0.5283,32,0.5714,,
exp2_m11_g9_1775362210844,2,nim,https://integrate.api.nvidia.com/v1,2026-03-26,p1939995863,2,1486530471,,winner,minimaxai/minimax-m2.5;moonshotai/kimi-k2.5;mistralai/mistral-small-4-119b-2603;nvidia/nemotron-3-super-120b-a12b,player_1,moonshotai/kimi-k2.5,1,36,26,0.7222,6,0.2308,3,70,0.0429,2,0.6667,,
exp2_m11_g9_1775362210844,2,nim,https://integrate.api.nvidia.com/v1,2026-03-26,p1939995863,2,1486530471,,winner,minimaxai/minimax-m2.5;moonshotai/kimi-k2.5;mistralai/mistral-small-4-119b-2603;nvidia/nemotron-3-super-120b-a12b,player_2,mistralai/mistral-small-4-119b-2603,0,35,4,0.1143,2,0.5000,40,62,0.6452,14,0.3500,,
exp2_m11_g9_1775362210844,2,nim,https://integrate.api.nvidia.com/v1,2026-03-26,p1939995863,2,1486530471,,winner,minimaxai/minimax-m2.5;moonshotai/kimi-k2.5;mistralai/mistral-small-4-119b-2603;nvidia/nemotron-3-super-120b-a12b,player_3,nvidia/nemotron-3-super-120b-a12b,0,35,20,0.5714,3,0.1500,0,37,0.0000,0,0.0000,,
exp2_m12_g0_1775391439911,2,nim,https://integrate.api.nvidia.com/v1,2026-03-26,p1939995863,2,1486531423,,winner,minimaxai/minimax-m2.5;moonshotai/kimi-k2.5;z-ai/glm5;nvidia/nemotron-3-super-120b-a12b,player_0,minimaxai/minimax-m2.5,0,23,3,0.1304,1,0.3333,36,72,0.5000,17,0.4722,,
exp2_m12_g0_1775391439911,2,nim,https://integrate.api.nvidia.com/v1,2026-03-26,p1939995863,2,1486531423,,winner,minimaxai/minimax-m2.5;moonshotai/kimi-k2.5;z-ai/glm5;nvidia/nemotron-3-super-120b-a12b,player_1,moonshotai/kimi-k2.5,0,24,10,0.4167,1,0.1000,5,50,0.1000,3,0.6000,,
exp2_m12_g0_1775391439911,2,nim,https://integrate.api.nvidia.com/v1,2026-03-26,p1939995863,2,1486531423,,winner,minimaxai/minimax-m2.5;moonshotai/kimi-k2.5;z-ai/glm5;nvidia/nemotron-3-super-120b-a12b,player_2,z-ai/glm5,0,24,9,0.3750,6,0.6667,10,37,0.2703,2,0.2000,,
exp2_m12_g0_1775391439911,2,nim,https://integrate.api.nvidia.com/v1,2026-03-26,p1939995863,2,1486531423,,winner,minimaxai/minimax-m2.5;moonshotai/kimi-k2.5;z-ai/glm5;nvidia/nemotron-3-super-120b-a12b,player_3,nvidia/nemotron-3-super-120b-a12b,1,24,9,0.3750,1,0.1111,2,39,0.0513,0,0.0000,,
exp2_m12_g1_1775416154281,2,nim,https://integrate.api.nvidia.com/v1,2026-03-26,p1939995863,2,1486531424,,winner,z-ai/glm5;moonshotai/kimi-k2.5;nvidia/nemotron-3-super-120b-a12b;minimaxai/minimax-m2.5,player_0,z-ai/glm5,0,15,1,0.0667,0,0.0000,14,44,0.3182,8,0.5714,,
exp2_m12_g1_1775416154281,2,nim,https://integrate.api.nvidia.com/v1,2026-03-26,p1939995863,2,1486531424,,winner,z-ai/glm5;moonshotai/kimi-k2.5;nvidia/nemotron-3-super-120b-a12b;minimaxai/minimax-m2.5,player_1,moonshotai/kimi-k2.5,1,15,6,0.4000,1,0.1667,1,34,0.0294,1,1.0000,,
exp2_m12_g1_1775416154281,2,nim,https://integrate.api.nvidia.com/v1,2026-03-26,p1939995863,2,1486531424,,winner,z-ai/glm5;moonshotai/kimi-k2.5;nvidia/nemotron-3-super-120b-a12b;minimaxai/minimax-m2.5,player_2,nvidia/nemotron-3-super-120b-a12b,0,14,5,0.3571,1,0.2000,5,33,0.1515,2,0.4000,,
exp2_m12_g1_1775416154281,2,nim,https://integrate.api.nvidia.com/v1,2026-03-26,p1939995863,2,1486531424,,winner,z-ai/glm5;moonshotai/kimi-k2.5;nvidia/nemotron-3-super-120b-a12b;minimaxai/minimax-m2.5,player_3,minimaxai/minimax-m2.5,0,15,4,0.2667,1,0.2500,13,32,0.4063,2,0.1538,,
exp2_m12_g2_1775432057473,2,nim,https://integrate.api.nvidia.com/v1,2026-03-26,p1939995863,2,1486531425,,winner,z-ai/glm5;nvidia/nemotron-3-super-120b-a12b;minimaxai/minimax-m2.5;moonshotai/kimi-k2.5,player_0,z-ai/glm5,0,28,4,0.1429,1,0.2500,34,85,0.4000,19,0.5588,,
exp2_m12_g2_1775432057473,2,nim,https://integrate.api.nvidia.com/v1,2026-03-26,p1939995863,2,1486531425,,winner,z-ai/glm5;nvidia/nemotron-3-super-120b-a12b;minimaxai/minimax-m2.5;moonshotai/kimi-k2.5,player_1,nvidia/nemotron-3-super-120b-a12b,0,28,11,0.3929,3,0.2727,10,64,0.1563,6,0.6000,,
exp2_m12_g2_1775432057473,2,nim,https://integrate.api.nvidia.com/v1,2026-03-26,p1939995863,2,1486531425,,winner,z-ai/glm5;nvidia/nemotron-3-super-120b-a12b;minimaxai/minimax-m2.5;moonshotai/kimi-k2.5,player_2,minimaxai/minimax-m2.5,0,28,7,0.2500,2,0.2857,18,54,0.3333,3,0.1667,,
exp2_m12_g2_1775432057473,2,nim,https://integrate.api.nvidia.com/v1,2026-03-26,p1939995863,2,1486531425,,winner,z-ai/glm5;nvidia/nemotron-3-super-120b-a12b;minimaxai/minimax-m2.5;moonshotai/kimi-k2.5,player_3,moonshotai/kimi-k2.5,1,29,14,0.4828,1,0.0714,1,41,0.0244,1,1.0000,,
exp2_m12_g3_1775481750870,2,nim,https://integrate.api.nvidia.com/v1,2026-03-26,p1939995863,2,1486531426,,winner,moonshotai/kimi-k2.5;minimaxai/minimax-m2.5;z-ai/glm5;nvidia/nemotron-3-super-120b-a12b,player_0,moonshotai/kimi-k2.5,1,29,12,0.4138,0,0.0000,10,87,0.1149,9,0.9000,,
exp2_m12_g3_1775481750870,2,nim,https://integrate.api.nvidia.com/v1,2026-03-26,p1939995863,2,1486531426,,winner,moonshotai/kimi-k2.5;minimaxai/minimax-m2.5;z-ai/glm5;nvidia/nemotron-3-super-120b-a12b,player_1,minimaxai/minimax-m2.5,0,29,6,0.2069,2,0.3333,40,79,0.5063,22,0.5500,,
exp2_m12_g3_1775481750870,2,nim,https://integrate.api.nvidia.com/v1,2026-03-26,p1939995863,2,1486531426,,winner,moonshotai/kimi-k2.5;minimaxai/minimax-m2.5;z-ai/glm5;nvidia/nemotron-3-super-120b-a12b,player_2,z-ai/glm5,0,29,10,0.3448,4,0.4000,17,50,0.3400,3,0.1765,,
exp2_m12_g3_1775481750870,2,nim,https://integrate.api.nvidia.com/v1,2026-03-26,p1939995863,2,1486531426,,winner,moonshotai/kimi-k2.5;minimaxai/minimax-m2.5;z-ai/glm5;nvidia/nemotron-3-super-120b-a12b,player_3,nvidia/nemotron-3-super-120b-a12b,0,29,17,0.5862,1,0.0588,10,41,0.2439,4,0.4000,,
exp2_m12_g4_1775508620936,2,nim,https://integrate.api.nvidia.com/v1,2026-03-26,p1939995863,2,1486531427,,winner,z-ai/glm5;minimaxai/minimax-m2.5;nvidia/nemotron-3-super-120b-a12b;moonshotai/kimi-k2.5,player_0,z-ai/glm5,0,15,3,0.2000,2,0.6667,26,46,0.5652,13,0.5000,,
exp2_m12_g4_1775508620936,2,nim,https://integrate.api.nvidia.com/v1,2026-03-26,p1939995863,2,1486531427,,winner,z-ai/glm5;minimaxai/minimax-m2.5;nvidia/nemotron-3-super-120b-a12b;moonshotai/kimi-k2.5,player_1,minimaxai/minimax-m2.5,0,15,3,0.2000,1,0.3333,12,28,0.4286,1,0.0833,,
exp2_m12_g4_1775508620936,2,nim,https://integrate.api.nvidia.com/v1,2026-03-26,p1939995863,2,1486531427,,winner,z-ai/glm5;minimaxai/minimax-m2.5;nvidia/nemotron-3-super-120b-a12b;moonshotai/kimi-k2.5,player_2,nvidia/nemotron-3-super-120b-a12b,1,16,8,0.5000,3,0.3750,2,20,0.1000,1,0.5000,,
exp2_m12_g4_1775508620936,2,nim,https://integrate.api.nvidia.com/v1,2026-03-26,p1939995863,2,1486531427,,winner,z-ai/glm5;minimaxai/minimax-m2.5;nvidia/nemotron-3-super-120b-a12b;moonshotai/kimi-k2.5,player_3,moonshotai/kimi-k2.5,0,15,8,0.5333,1,0.1250,0,16,0.0000,0,0.0000,,
exp2_m12_g5_1775516114505,2,nim,https://integrate.api.nvidia.com/v1,2026-03-26,p1939995863,2,1486531428,,winner,nvidia/nemotron-3-super-120b-a12b;moonshotai/kimi-k2.5;z-ai/glm5;minimaxai/minimax-m2.5,player_0,nvidia/nemotron-3-super-120b-a12b,0,69,28,0.4058,4,0.1429,58,205,0.2829,33,0.5690,,
exp2_m12_g5_1775516114505,2,nim,https://integrate.api.nvidia.com/v1,2026-03-26,p1939995863,2,1486531428,,winner,nvidia/nemotron-3-super-120b-a12b;moonshotai/kimi-k2.5;z-ai/glm5;minimaxai/minimax-m2.5,player_1,moonshotai/kimi-k2.5,1,69,38,0.5507,5,0.1316,9,167,0.0539,8,0.8889,,
exp2_m12_g5_1775516114505,2,nim,https://integrate.api.nvidia.com/v1,2026-03-26,p1939995863,2,1486531428,,winner,nvidia/nemotron-3-super-120b-a12b;moonshotai/kimi-k2.5;z-ai/glm5;minimaxai/minimax-m2.5,player_2,z-ai/glm5,0,68,19,0.2794,7,0.3684,59,158,0.3734,26,0.4407,,
exp2_m12_g5_1775516114505,2,nim,https://integrate.api.nvidia.com/v1,2026-03-26,p1939995863,2,1486531428,,winner,nvidia/nemotron-3-super-120b-a12b;moonshotai/kimi-k2.5;z-ai/glm5;minimaxai/minimax-m2.5,player_3,minimaxai/minimax-m2.5,0,68,17,0.2500,6,0.3529,44,112,0.3929,13,0.2955,,
exp2_m12_g6_1775586400826,2,nim,https://integrate.api.nvidia.com/v1,2026-03-26,p1939995863,2,1486531429,,winner,moonshotai/kimi-k2.5;z-ai/glm5;nvidia/nemotron-3-super-120b-a12b;minimaxai/minimax-m2.5,player_0,moonshotai/kimi-k2.5,1,29,17,0.5862,3,0.1765,3,86,0.0349,2,0.6667,,
exp2_m12_g6_1775586400826,2,nim,https://integrate.api.nvidia.com/v1,2026-03-26,p1939995863,2,1486531429,,winner,moonshotai/kimi-k2.5;z-ai/glm5;nvidia/nemotron-3-super-120b-a12b;minimaxai/minimax-m2.5,player_1,z-ai/glm5,0,28,5,0.1786,2,0.4000,42,84,0.5000,24,0.5714,,
exp2_m12_g6_1775586400826,2,nim,https://integrate.api.nvidia.com/v1,2026-03-26,p1939995863,2,1486531429,,winner,moonshotai/kimi-k2.5;z-ai/glm5;nvidia/nemotron-3-super-120b-a12b;minimaxai/minimax-m2.5,player_2,nvidia/nemotron-3-super-120b-a12b,0,29,17,0.5862,4,0.2353,8,59,0.1356,1,0.1250,,
exp2_m12_g6_1775586400826,2,nim,https://integrate.api.nvidia.com/v1,2026-03-26,p1939995863,2,1486531429,,winner,moonshotai/kimi-k2.5;z-ai/glm5;nvidia/nemotron-3-super-120b-a12b;minimaxai/minimax-m2.5,player_3,minimaxai/minimax-m2.5,0,29,3,0.1034,2,0.6667,20,47,0.4255,4,0.2000,,
exp2_m12_g7_1775612466255,2,nim,https://integrate.api.nvidia.com/v1,2026-03-26,p1939995863,2,1486531430,,winner,nvidia/nemotron-3-super-120b-a12b;minimaxai/minimax-m2.5;z-ai/glm5;moonshotai/kimi-k2.5,player_0,nvidia/nemotron-3-super-120b-a12b,0,52,30,0.5769,2,0.0667,50,156,0.3205,33,0.6600,,
exp2_m12_g7_1775612466255,2,nim,https://integrate.api.nvidia.com/v1,2026-03-26,p1939995863,2,1486531430,,winner,nvidia/nemotron-3-super-120b-a12b;minimaxai/minimax-m2.5;z-ai/glm5;moonshotai/kimi-k2.5,player_1,minimaxai/minimax-m2.5,0,52,10,0.1923,1,0.1000,69,118,0.5847,36,0.5217,,
exp2_m12_g7_1775612466255,2,nim,https://integrate.api.nvidia.com/v1,2026-03-26,p1939995863,2,1486531430,,winner,nvidia/nemotron-3-super-120b-a12b;minimaxai/minimax-m2.5;z-ai/glm5;moonshotai/kimi-k2.5,player_2,z-ai/glm5,0,52,17,0.3269,2,0.1176,35,72,0.4861,12,0.3429,,
exp2_m12_g7_1775612466255,2,nim,https://integrate.api.nvidia.com/v1,2026-03-26,p1939995863,2,1486531430,,winner,nvidia/nemotron-3-super-120b-a12b;minimaxai/minimax-m2.5;z-ai/glm5;moonshotai/kimi-k2.5,player_3,moonshotai/kimi-k2.5,1,52,32,0.6154,1,0.0313,2,49,0.0408,2,1.0000,,
exp2_m12_g8_1775669311981,2,nim,https://integrate.api.nvidia.com/v1,2026-03-26,p1939995863,2,1486531431,,winner,nvidia/nemotron-3-super-120b-a12b;moonshotai/kimi-k2.5;minimaxai/minimax-m2.5;z-ai/glm5,player_0,nvidia/nemotron-3-super-120b-a12b,0,16,5,0.3125,1,0.2000,8,48,0.1667,6,0.7500,,
exp2_m12_g8_1775669311981,2,nim,https://integrate.api.nvidia.com/v1,2026-03-26,p1939995863,2,1486531431,,winner,nvidia/nemotron-3-super-120b-a12b;moonshotai/kimi-k2.5;minimaxai/minimax-m2.5;z-ai/glm5,player_1,moonshotai/kimi-k2.5,1,16,8,0.5000,2,0.2500,3,44,0.0682,3,1.0000,,
exp2_m12_g8_1775669311981,2,nim,https://integrate.api.nvidia.com/v1,2026-03-26,p1939995863,2,1486531431,,winner,nvidia/nemotron-3-super-120b-a12b;moonshotai/kimi-k2.5;minimaxai/minimax-m2.5;z-ai/glm5,player_2,minimaxai/minimax-m2.5,0,16,3,0.1875,2,0.6667,20,39,0.5128,6,0.3000,,
exp2_m12_g8_1775669311981,2,nim,https://integrate.api.nvidia.com/v1,2026-03-26,p1939995863,2,1486531431,,winner,nvidia/nemotron-3-super-120b-a12b;moonshotai/kimi-k2.5;minimaxai/minimax-m2.5;z-ai/glm5,player_3,z-ai/glm5,0,16,4,0.2500,0,0.0000,8,27,0.2963,0,0.0000,,
exp2_m12_g9_1775685186346,2,nim,https://integrate.api.nvidia.com/v1,2026-03-26,p1939995863,2,1486531432,,winner,moonshotai/kimi-k2.5;nvidia/nemotron-3-super-120b-a12b;minimaxai/minimax-m2.5;z-ai/glm5,player_0,moonshotai/kimi-k2.5,1,29,15,0.5172,3,0.2000,5,86,0.0581,4,0.8000,,
exp2_m12_g9_1775685186346,2,nim,https://integrate.api.nvidia.com/v1,2026-03-26,p1939995863,2,1486531432,,winner,moonshotai/kimi-k2.5;nvidia/nemotron-3-super-120b-a12b;minimaxai/minimax-m2.5;z-ai/glm5,player_1,nvidia/nemotron-3-super-120b-a12b,0,28,12,0.4286,1,0.0833,15,85,0.1765,8,0.5333,,
exp2_m12_g9_1775685186346,2,nim,https://integrate.api.nvidia.com/v1,2026-03-26,p1939995863,2,1486531432,,winner,moonshotai/kimi-k2.5;nvidia/nemotron-3-super-120b-a12b;minimaxai/minimax-m2.5;z-ai/glm5,player_2,minimaxai/minimax-m2.5,0,29,4,0.1379,3,0.7500,23,70,0.3286,8,0.3478,,
exp2_m12_g9_1775685186346,2,nim,https://integrate.api.nvidia.com/v1,2026-03-26,p1939995863,2,1486531432,,winner,moonshotai/kimi-k2.5;nvidia/nemotron-3-super-120b-a12b;minimaxai/minimax-m2.5;z-ai/glm5,player_3,z-ai/glm5,0,29,4,0.1379,3,0.7500,16,54,0.2963,5,0.3125,,
exp2_m13_g0_1775710626233,2,nim,https://integrate.api.nvidia.com/v1,2026-03-26,p1939995863,2,1486532384,,winner,minimaxai/minimax-m2.5;z-ai/glm5;mistralai/mistral-small-4-119b-2603;moonshotai/kimi-k2.5,player_0,minimaxai/minimax-m2.5,0,14,3,0.2143,0,0.0000,15,45,0.3333,3,0.2000,,
exp2_m13_g0_1775710626233,2,nim,https://integrate.api.nvidia.com/v1,2026-03-26,p1939995863,2,1486532384,,winner,minimaxai/minimax-m2.5;z-ai/glm5;mistralai/mistral-small-4-119b-2603;moonshotai/kimi-k2.5,player_1,z-ai/glm5,0,15,3,0.2000,1,0.3333,8,34,0.2353,2,0.2500,,
exp2_m13_g0_1775710626233,2,nim,https://integrate.api.nvidia.com/v1,2026-03-26,p1939995863,2,1486532384,,winner,minimaxai/minimax-m2.5;z-ai/glm5;mistralai/mistral-small-4-119b-2603;moonshotai/kimi-k2.5,player_2,mistralai/mistral-small-4-119b-2603,0,15,2,0.1333,2,1.0000,15,27,0.5556,4,0.2667,,
exp2_m13_g0_1775710626233,2,nim,https://integrate.api.nvidia.com/v1,2026-03-26,p1939995863,2,1486532384,,winner,minimaxai/minimax-m2.5;z-ai/glm5;mistralai/mistral-small-4-119b-2603;moonshotai/kimi-k2.5,player_3,moonshotai/kimi-k2.5,1,15,5,0.3333,1,0.2000,0,20,0.0000,0,0.0000,,
exp2_m13_g1_1775715492418,2,nim,https://integrate.api.nvidia.com/v1,2026-03-26,p1939995863,2,1486532385,,winner,minimaxai/minimax-m2.5;moonshotai/kimi-k2.5;mistralai/mistral-small-4-119b-2603;z-ai/glm5,player_0,minimaxai/minimax-m2.5,0,11,3,0.2727,2,0.6667,16,36,0.4444,6,0.3750,,
exp2_m13_g1_1775715492418,2,nim,https://integrate.api.nvidia.com/v1,2026-03-26,p1939995863,2,1486532385,,winner,minimaxai/minimax-m2.5;moonshotai/kimi-k2.5;mistralai/mistral-small-4-119b-2603;z-ai/glm5,player_1,moonshotai/kimi-k2.5,0,12,6,0.5000,1,0.1667,0,25,0.0000,0,0.0000,,
exp2_m13_g1_1775715492418,2,nim,https://integrate.api.nvidia.com/v1,2026-03-26,p1939995863,2,1486532385,,winner,minimaxai/minimax-m2.5;moonshotai/kimi-k2.5;mistralai/mistral-small-4-119b-2603;z-ai/glm5,player_2,mistralai/mistral-small-4-119b-2603,0,12,3,0.2500,2,0.6667,11,23,0.4783,3,0.2727,,
exp2_m13_g1_1775715492418,2,nim,https://integrate.api.nvidia.com/v1,2026-03-26,p1939995863,2,1486532385,,winner,minimaxai/minimax-m2.5;moonshotai/kimi-k2.5;mistralai/mistral-small-4-119b-2603;z-ai/glm5,player_3,z-ai/glm5,1,12,3,0.2500,1,0.3333,0,17,0.0000,0,0.0000,,
exp2_m13_g2_1775722736832,2,nim,https://integrate.api.nvidia.com/v1,2026-03-26,p1939995863,2,1486532386,,winner,minimaxai/minimax-m2.5;moonshotai/kimi-k2.5;z-ai/glm5;mistralai/mistral-small-4-119b-2603,player_0,minimaxai/minimax-m2.5,0,25,4,0.1600,2,0.5000,26,77,0.3377,7,0.2692,,
exp2_m13_g2_1775722736832,2,nim,https://integrate.api.nvidia.com/v1,2026-03-26,p1939995863,2,1486532386,,winner,minimaxai/minimax-m2.5;moonshotai/kimi-k2.5;z-ai/glm5;mistralai/mistral-small-4-119b-2603,player_1,moonshotai/kimi-k2.5,0,26,14,0.5385,2,0.1429,1,62,0.0161,1,1.0000,,
exp2_m13_g2_1775722736832,2,nim,https://integrate.api.nvidia.com/v1,2026-03-26,p1939995863,2,1486532386,,winner,minimaxai/minimax-m2.5;moonshotai/kimi-k2.5;z-ai/glm5;mistralai/mistral-small-4-119b-2603,player_2,z-ai/glm5,1,26,10,0.3846,2,0.2000,14,54,0.2593,7,0.5000,,
exp2_m13_g2_1775722736832,2,nim,https://integrate.api.nvidia.com/v1,2026-03-26,p1939995863,2,1486532386,,winner,minimaxai/minimax-m2.5;moonshotai/kimi-k2.5;z-ai/glm5;mistralai/mistral-small-4-119b-2603,player_3,mistralai/mistral-small-4-119b-2603,0,25,3,0.1200,1,0.3333,33,50,0.6600,9,0.2727,,
exp2_m13_g3_1775743762976,2,nim,https://integrate.api.nvidia.com/v1,2026-03-26,p1939995863,2,1486532387,,winner,mistralai/mistral-small-4-119b-2603;minimaxai/minimax-m2.5;z-ai/glm5;moonshotai/kimi-k2.5,player_0,mistralai/mistral-small-4-119b-2603,0,15,2,0.1333,1,0.5000,26,46,0.5652,10,0.3846,,
exp2_m13_g3_1775743762976,2,nim,https://integrate.api.nvidia.com/v1,2026-03-26,p1939995863,2,1486532387,,winner,mistralai/mistral-small-4-119b-2603;minimaxai/minimax-m2.5;z-ai/glm5;moonshotai/kimi-k2.5,player_1,minimaxai/minimax-m2.5,0,15,3,0.2000,1,0.3333,9,29,0.3103,2,0.2222,,
exp2_m13_g3_1775743762976,2,nim,https://integrate.api.nvidia.com/v1,2026-03-26,p1939995863,2,1486532387,,winner,mistralai/mistral-small-4-119b-2603;minimaxai/minimax-m2.5;z-ai/glm5;moonshotai/kimi-k2.5,player_2,z-ai/glm5,0,15,6,0.4000,2,0.3333,2,19,0.1053,0,0.0000,,
exp2_m13_g3_1775743762976,2,nim,https://integrate.api.nvidia.com/v1,2026-03-26,p1939995863,2,1486532387,,winner,mistralai/mistral-small-4-119b-2603;minimaxai/minimax-m2.5;z-ai/glm5;moonshotai/kimi-k2.5,player_3,moonshotai/kimi-k2.5,1,16,7,0.4375,1,0.1429,1,21,0.0476,1,1.0000,,
exp2_m13_g4_1775751448671,2,nim,https://integrate.api.nvidia.com/v1,2026-03-26,p1939995863,2,1486532388,,winner,moonshotai/kimi-k2.5;mistralai/mistral-small-4-119b-2603;minimaxai/minimax-m2.5;z-ai/glm5,player_0,moonshotai/kimi-k2.5,1,12,4,0.3333,1,0.2500,1,36,0.0278,1,1.0000,,
exp2_m13_g4_1775751448671,2,nim,https://integrate.api.nvidia.com/v1,2026-03-26,p1939995863,2,1486532388,,winner,moonshotai/kimi-k2.5;mistralai/mistral-small-4-119b-2603;minimaxai/minimax-m2.5;z-ai/glm5,player_1,mistralai/mistral-small-4-119b-2603,0,12,2,0.1667,0,0.0000,24,35,0.6857,7,0.2917,,
exp2_m13_g4_1775751448671,2,nim,https://integrate.api.nvidia.com/v1,2026-03-26,p1939995863,2,1486532388,,winner,moonshotai/kimi-k2.5;mistralai/mistral-small-4-119b-2603;minimaxai/minimax-m2.5;z-ai/glm5,player_2,minimaxai/minimax-m2.5,0,12,5,0.4167,1,0.2000,5,21,0.2381,1,0.2000,,
exp2_m13_g4_1775751448671,2,nim,https://integrate.api.nvidia.com/v1,2026-03-26,p1939995863,2,1486532388,,winner,moonshotai/kimi-k2.5;mistralai/mistral-small-4-119b-2603;minimaxai/minimax-m2.5;z-ai/glm5,player_3,z-ai/glm5,0,12,3,0.2500,1,0.3333,4,14,0.2857,2,0.5000,,
exp2_m13_g5_1775758325562,2,nim,https://integrate.api.nvidia.com/v1,2026-03-26,p1939995863,2,1486532389,,winner,moonshotai/kimi-k2.5;mistralai/mistral-small-4-119b-2603;z-ai/glm5;minimaxai/minimax-m2.5,player_0,moonshotai/kimi-k2.5,0,11,5,0.4545,0,0.0000,0,34,0.0000,0,0.0000,,
exp2_m13_g5_1775758325562,2,nim,https://integrate.api.nvidia.com/v1,2026-03-26,p1939995863,2,1486532389,,winner,moonshotai/kimi-k2.5;mistralai/mistral-small-4-119b-2603;z-ai/glm5;minimaxai/minimax-m2.5,player_1,mistralai/mistral-small-4-119b-2603,0,11,3,0.2727,2,0.6667,24,34,0.7059,9,0.3750,,
exp2_m13_g5_1775758325562,2,nim,https://integrate.api.nvidia.com/v1,2026-03-26,p1939995863,2,1486532389,,winner,moonshotai/kimi-k2.5;mistralai/mistral-small-4-119b-2603;z-ai/glm5;minimaxai/minimax-m2.5,player_2,z-ai/glm5,1,12,3,0.2500,1,0.3333,3,18,0.1667,2,0.6667,,
exp2_m13_g5_1775758325562,2,nim,https://integrate.api.nvidia.com/v1,2026-03-26,p1939995863,2,1486532389,,winner,moonshotai/kimi-k2.5;mistralai/mistral-small-4-119b-2603;z-ai/glm5;minimaxai/minimax-m2.5,player_3,minimaxai/minimax-m2.5,0,11,3,0.2727,0,0.0000,5,15,0.3333,0,0.0000,,
exp2_m13_g6_1775764838224,2,nim,https://integrate.api.nvidia.com/v1,2026-03-26,p1939995863,2,1486532390,,winner,minimaxai/minimax-m2.5;moonshotai/kimi-k2.5;mistralai/mistral-small-4-119b-2603;z-ai/glm5,player_0,minimaxai/minimax-m2.5,0,14,4,0.2857,2,0.5000,19,43,0.4419,6,0.3158,,
exp2_m13_g6_1775764838224,2,nim,https://integrate.api.nvidia.com/v1,2026-03-26,p1939995863,2,1486532390,,winner,minimaxai/minimax-m2.5;moonshotai/kimi-k2.5;mistralai/mistral-small-4-119b-2603;z-ai/glm5,player_1,moonshotai/kimi-k2.5,0,14,6,0.4286,1,0.1667,2,30,0.0667,1,0.5000,,
exp2_m13_g6_1775764838224,2,nim,https://integrate.api.nvidia.com/v1,2026-03-26,p1939995863,2,1486532390,,winner,minimaxai/minimax-m2.5;moonshotai/kimi-k2.5;mistralai/mistral-small-4-119b-2603;z-ai/glm5,player_2,mistralai/mistral-small-4-119b-2603,0,14,2,0.1429,1,0.5000,18,29,0.6207,2,0.1111,,
exp2_m13_g6_1775764838224,2,nim,https://integrate.api.nvidia.com/v1,2026-03-26,p1939995863,2,1486532390,,winner,minimaxai/minimax-m2.5;moonshotai/kimi-k2.5;mistralai/mistral-small-4-119b-2603;z-ai/glm5,player_3,z-ai/glm5,1,15,2,0.1333,0,0.0000,1,15,0.0667,1,1.0000,,
exp2_m13_g7_1775772623686,2,nim,https://integrate.api.nvidia.com/v1,2026-03-26,p1939995863,2,1486532391,,winner,minimaxai/minimax-m2.5;mistralai/mistral-small-4-119b-2603;z-ai/glm5;moonshotai/kimi-k2.5,player_0,minimaxai/minimax-m2.5,0,11,3,0.2727,0,0.0000,12,35,0.3429,5,0.4167,,
exp2_m13_g7_1775772623686,2,nim,https://integrate.api.nvidia.com/v1,2026-03-26,p1939995863,2,1486532391,,winner,minimaxai/minimax-m2.5;mistralai/mistral-small-4-119b-2603;z-ai/glm5;moonshotai/kimi-k2.5,player_1,mistralai/mistral-small-4-119b-2603,0,11,2,0.1818,1,0.5000,18,27,0.6667,5,0.2778,,
exp2_m13_g7_1775772623686,2,nim,https://integrate.api.nvidia.com/v1,2026-03-26,p1939995863,2,1486532391,,winner,minimaxai/minimax-m2.5;mistralai/mistral-small-4-119b-2603;z-ai/glm5;moonshotai/kimi-k2.5,player_2,z-ai/glm5,0,12,3,0.2500,1,0.3333,1,11,0.0909,0,0.0000,,
exp2_m13_g7_1775772623686,2,nim,https://integrate.api.nvidia.com/v1,2026-03-26,p1939995863,2,1486532391,,winner,minimaxai/minimax-m2.5;mistralai/mistral-small-4-119b-2603;z-ai/glm5;moonshotai/kimi-k2.5,player_3,moonshotai/kimi-k2.5,1,12,6,0.5000,2,0.3333,0,12,0.0000,0,0.0000,,
exp2_m13_g8_1775776804469,2,nim,https://integrate.api.nvidia.com/v1,2026-03-26,p1939995863,2,1486532392,,winner,z-ai/glm5;moonshotai/kimi-k2.5;mistralai/mistral-small-4-119b-2603;minimaxai/minimax-m2.5,player_0,z-ai/glm5,0,30,7,0.2333,2,0.2857,40,91,0.4396,21,0.5250,,
exp2_m13_g8_1775776804469,2,nim,https://integrate.api.nvidia.com/v1,2026-03-26,p1939995863,2,1486532392,,winner,z-ai/glm5;moonshotai/kimi-k2.5;mistralai/mistral-small-4-119b-2603;minimaxai/minimax-m2.5,player_1,moonshotai/kimi-k2.5,1,31,18,0.5806,1,0.0556,0,69,0.0000,0,0.0000,,
exp2_m13_g8_1775776804469,2,nim,https://integrate.api.nvidia.com/v1,2026-03-26,p1939995863,2,1486532392,,winner,z-ai/glm5;moonshotai/kimi-k2.5;mistralai/mistral-small-4-119b-2603;minimaxai/minimax-m2.5,player_2,mistralai/mistral-small-4-119b-2603,0,30,5,0.1667,2,0.4000,45,59,0.7627,15,0.3333,,
exp2_m13_g8_1775776804469,2,nim,https://integrate.api.nvidia.com/v1,2026-03-26,p1939995863,2,1486532392,,winner,z-ai/glm5;moonshotai/kimi-k2.5;mistralai/mistral-small-4-119b-2603;minimaxai/minimax-m2.5,player_3,minimaxai/minimax-m2.5,0,30,14,0.4667,1,0.0714,9,33,0.2727,2,0.2222,,
exp2_m13_g9_1775786740074,2,nim,https://integrate.api.nvidia.com/v1,2026-03-26,p1939995863,2,1486532393,,winner,minimaxai/minimax-m2.5;mistralai/mistral-small-4-119b-2603;z-ai/glm5;moonshotai/kimi-k2.5,player_0,minimaxai/minimax-m2.5,0,29,13,0.4483,2,0.1538,34,89,0.3820,17,0.5000,,
exp2_m13_g9_1775786740074,2,nim,https://integrate.api.nvidia.com/v1,2026-03-26,p1939995863,2,1486532393,,winner,minimaxai/minimax-m2.5;mistralai/mistral-small-4-119b-2603;z-ai/glm5;moonshotai/kimi-k2.5,player_1,mistralai/mistral-small-4-119b-2603,0,29,2,0.0690,1,0.5000,52,68,0.7647,20,0.3846,,
exp2_m13_g9_1775786740074,2,nim,https://integrate.api.nvidia.com/v1,2026-03-26,p1939995863,2,1486532393,,winner,minimaxai/minimax-m2.5;mistralai/mistral-small-4-119b-2603;z-ai/glm5;moonshotai/kimi-k2.5,player_2,z-ai/glm5,0,30,11,0.3667,3,0.2727,6,25,0.2400,2,0.3333,,
exp2_m13_g9_1775786740074,2,nim,https://integrate.api.nvidia.com/v1,2026-03-26,p1939995863,2,1486532393,,winner,minimaxai/minimax-m2.5;mistralai/mistral-small-4-119b-2603;z-ai/glm5;moonshotai/kimi-k2.5,player_3,moonshotai/kimi-k2.5,1,30,20,0.6667,1,0.0500,0,24,0.0000,0,0.0000,,
exp2_m14_g0_1775795816888,2,nim,https://integrate.api.nvidia.com/v1,2026-03-26,p1939995863,2,1486533345,,winner,moonshotai/kimi-k2.5;z-ai/glm5;nvidia/nemotron-3-super-120b-a12b;mistralai/mistral-small-4-119b-2603,player_0,moonshotai/kimi-k2.5,1,33,18,0.5455,3,0.1667,5,96,0.0521,5,1.0000,,
exp2_m14_g0_1775795816888,2,nim,https://integrate.api.nvidia.com/v1,2026-03-26,p1939995863,2,1486533345,,winner,moonshotai/kimi-k2.5;z-ai/glm5;nvidia/nemotron-3-super-120b-a12b;mistralai/mistral-small-4-119b-2603,player_1,z-ai/glm5,0,32,8,0.2500,3,0.3750,36,93,0.3871,20,0.5556,,
exp2_m14_g0_1775795816888,2,nim,https://integrate.api.nvidia.com/v1,2026-03-26,p1939995863,2,1486533345,,winner,moonshotai/kimi-k2.5;z-ai/glm5;nvidia/nemotron-3-super-120b-a12b;mistralai/mistral-small-4-119b-2603,player_2,nvidia/nemotron-3-super-120b-a12b,0,32,16,0.5000,2,0.1250,9,73,0.1233,0,0.0000,,
exp2_m14_g0_1775795816888,2,nim,https://integrate.api.nvidia.com/v1,2026-03-26,p1939995863,2,1486533345,,winner,moonshotai/kimi-k2.5;z-ai/glm5;nvidia/nemotron-3-super-120b-a12b;mistralai/mistral-small-4-119b-2603,player_3,mistralai/mistral-small-4-119b-2603,0,32,4,0.1250,2,0.5000,34,58,0.5862,11,0.3235,,
exp2_m14_g1_1775823869327,2,nim,https://integrate.api.nvidia.com/v1,2026-03-26,p1939995863,2,1486533346,,winner,z-ai/glm5;moonshotai/kimi-k2.5;mistralai/mistral-small-4-119b-2603;nvidia/nemotron-3-super-120b-a12b,player_0,z-ai/glm5,0,12,4,0.3333,3,0.7500,20,39,0.5128,10,0.5000,,
exp2_m14_g1_1775823869327,2,nim,https://integrate.api.nvidia.com/v1,2026-03-26,p1939995863,2,1486533346,,winner,z-ai/glm5;moonshotai/kimi-k2.5;mistralai/mistral-small-4-119b-2603;nvidia/nemotron-3-super-120b-a12b,player_1,moonshotai/kimi-k2.5,0,13,7,0.5385,1,0.1429,1,27,0.0370,1,1.0000,,
exp2_m14_g1_1775823869327,2,nim,https://integrate.api.nvidia.com/v1,2026-03-26,p1939995863,2,1486533346,,winner,z-ai/glm5;moonshotai/kimi-k2.5;mistralai/mistral-small-4-119b-2603;nvidia/nemotron-3-super-120b-a12b,player_2,mistralai/mistral-small-4-119b-2603,0,13,2,0.1538,0,0.0000,12,21,0.5714,1,0.0833,,
exp2_m14_g1_1775823869327,2,nim,https://integrate.api.nvidia.com/v1,2026-03-26,p1939995863,2,1486533346,,winner,z-ai/glm5;moonshotai/kimi-k2.5;mistralai/mistral-small-4-119b-2603;nvidia/nemotron-3-super-120b-a12b,player_3,nvidia/nemotron-3-super-120b-a12b,1,13,3,0.2308,0,0.0000,1,17,0.0588,0,0.0000,,
exp2_m14_g2_1775831610269,2,nim,https://integrate.api.nvidia.com/v1,2026-03-26,p1939995863,2,1486533347,,winner,z-ai/glm5;mistralai/mistral-small-4-119b-2603;nvidia/nemotron-3-super-120b-a12b;moonshotai/kimi-k2.5,player_0,z-ai/glm5,0,12,3,0.2500,1,0.3333,14,37,0.3784,6,0.4286,,
exp2_m14_g2_1775831610269,2,nim,https://integrate.api.nvidia.com/v1,2026-03-26,p1939995863,2,1486533347,,winner,z-ai/glm5;mistralai/mistral-small-4-119b-2603;nvidia/nemotron-3-super-120b-a12b;moonshotai/kimi-k2.5,player_1,mistralai/mistral-small-4-119b-2603,0,12,1,0.0833,1,1.0000,22,26,0.8462,3,0.1364,,
exp2_m14_g2_1775831610269,2,nim,https://integrate.api.nvidia.com/v1,2026-03-26,p1939995863,2,1486533347,,winner,z-ai/glm5;mistralai/mistral-small-4-119b-2603;nvidia/nemotron-3-super-120b-a12b;moonshotai/kimi-k2.5,player_2,nvidia/nemotron-3-super-120b-a12b,1,13,3,0.2308,0,0.0000,1,12,0.0833,0,0.0000,,
exp2_m14_g2_1775831610269,2,nim,https://integrate.api.nvidia.com/v1,2026-03-26,p1939995863,2,1486533347,,winner,z-ai/glm5;mistralai/mistral-small-4-119b-2603;nvidia/nemotron-3-super-120b-a12b;moonshotai/kimi-k2.5,player_3,moonshotai/kimi-k2.5,0,12,4,0.3333,0,0.0000,0,10,0.0000,0,0.0000,,
exp2_m14_g3_1775838566161,2,nim,https://integrate.api.nvidia.com/v1,2026-03-26,p1939995863,2,1486533348,,winner,nvidia/nemotron-3-super-120b-a12b;z-ai/glm5;moonshotai/kimi-k2.5;mistralai/mistral-small-4-119b-2603,player_0,nvidia/nemotron-3-super-120b-a12b,0,30,13,0.4333,2,0.1538,19,90,0.2111,10,0.5263,,
exp2_m14_g3_1775838566161,2,nim,https://integrate.api.nvidia.com/v1,2026-03-26,p1939995863,2,1486533348,,winner,nvidia/nemotron-3-super-120b-a12b;z-ai/glm5;moonshotai/kimi-k2.5;mistralai/mistral-small-4-119b-2603,player_1,z-ai/glm5,0,30,16,0.5333,3,0.1875,21,76,0.2763,11,0.5238,,
exp2_m14_g3_1775838566161,2,nim,https://integrate.api.nvidia.com/v1,2026-03-26,p1939995863,2,1486533348,,winner,nvidia/nemotron-3-super-120b-a12b;z-ai/glm5;moonshotai/kimi-k2.5;mistralai/mistral-small-4-119b-2603,player_2,moonshotai/kimi-k2.5,1,30,15,0.5000,3,0.2000,3,67,0.0448,2,0.6667,,
exp2_m14_g3_1775838566161,2,nim,https://integrate.api.nvidia.com/v1,2026-03-26,p1939995863,2,1486533348,,winner,nvidia/nemotron-3-super-120b-a12b;z-ai/glm5;moonshotai/kimi-k2.5;mistralai/mistral-small-4-119b-2603,player_3,mistralai/mistral-small-4-119b-2603,0,30,2,0.0667,2,1.0000,36,57,0.6316,13,0.3611,,
exp2_m14_g4_1775865047552,2,nim,https://integrate.api.nvidia.com/v1,2026-03-26,p1939995863,2,1486533349,,winner,z-ai/glm5;moonshotai/kimi-k2.5;mistralai/mistral-small-4-119b-2603;nvidia/nemotron-3-super-120b-a12b,player_0,z-ai/glm5,0,26,5,0.1923,3,0.6000,40,76,0.5263,26,0.6500,,
exp2_m14_g4_1775865047552,2,nim,https://integrate.api.nvidia.com/v1,2026-03-26,p1939995863,2,1486533349,,winner,z-ai/glm5;moonshotai/kimi-k2.5;mistralai/mistral-small-4-119b-2603;nvidia/nemotron-3-super-120b-a12b,player_1,moonshotai/kimi-k2.5,1,26,16,0.6154,2,0.1250,0,52,0.0000,0,0.0000,,
exp2_m14_g4_1775865047552,2,nim,https://integrate.api.nvidia.com/v1,2026-03-26,p1939995863,2,1486533349,,winner,z-ai/glm5;moonshotai/kimi-k2.5;mistralai/mistral-small-4-119b-2603;nvidia/nemotron-3-super-120b-a12b,player_2,mistralai/mistral-small-4-119b-2603,0,25,8,0.3200,4,0.5000,33,44,0.7500,6,0.1818,,
exp2_m14_g4_1775865047552,2,nim,https://integrate.api.nvidia.com/v1,2026-03-26,p1939995863,2,1486533349,,winner,z-ai/glm5;moonshotai/kimi-k2.5;mistralai/mistral-small-4-119b-2603;nvidia/nemotron-3-super-120b-a12b,player_3,nvidia/nemotron-3-super-120b-a12b,0,25,14,0.5600,1,0.0714,4,27,0.1481,1,0.2500,,
exp2_m14_g5_1775876780612,2,nim,https://integrate.api.nvidia.com/v1,2026-03-26,p1939995863,2,1486533350,,winner,moonshotai/kimi-k2.5;nvidia/nemotron-3-super-120b-a12b;z-ai/glm5;mistralai/mistral-small-4-119b-2603,player_0,moonshotai/kimi-k2.5,1,14,6,0.4286,2,0.3333,1,41,0.0244,1,1.0000,,
exp2_m14_g5_1775876780612,2,nim,https://integrate.api.nvidia.com/v1,2026-03-26,p1939995863,2,1486533350,,winner,moonshotai/kimi-k2.5;nvidia/nemotron-3-super-120b-a12b;z-ai/glm5;mistralai/mistral-small-4-119b-2603,player_1,nvidia/nemotron-3-super-120b-a12b,0,13,5,0.3846,0,0.0000,2,42,0.0476,1,0.5000,,
exp2_m14_g5_1775876780612,2,nim,https://integrate.api.nvidia.com/v1,2026-03-26,p1939995863,2,1486533350,,winner,moonshotai/kimi-k2.5;nvidia/nemotron-3-super-120b-a12b;z-ai/glm5;mistralai/mistral-small-4-119b-2603,player_2,z-ai/glm5,0,14,3,0.2143,0,0.0000,11,39,0.2821,7,0.6364,,
exp2_m14_g5_1775876780612,2,nim,https://integrate.api.nvidia.com/v1,2026-03-26,p1939995863,2,1486533350,,winner,moonshotai/kimi-k2.5;nvidia/nemotron-3-super-120b-a12b;z-ai/glm5;mistralai/mistral-small-4-119b-2603,player_3,mistralai/mistral-small-4-119b-2603,0,14,3,0.2143,2,0.6667,19,30,0.6333,4,0.2105,,
exp2_m14_g6_1775886029503,2,nim,https://integrate.api.nvidia.com/v1,2026-03-26,p1939995863,2,1486533351,,winner,mistralai/mistral-small-4-119b-2603;z-ai/glm5;nvidia/nemotron-3-super-120b-a12b;moonshotai/kimi-k2.5,player_0,mistralai/mistral-small-4-119b-2603,0,21,1,0.0476,0,0.0000,49,62,0.7903,23,0.4694,,
exp2_m14_g6_1775886029503,2,nim,https://integrate.api.nvidia.com/v1,2026-03-26,p1939995863,2,1486533351,,winner,mistralai/mistral-small-4-119b-2603;z-ai/glm5;nvidia/nemotron-3-super-120b-a12b;moonshotai/kimi-k2.5,player_1,z-ai/glm5,0,21,6,0.2857,2,0.3333,8,29,0.2759,2,0.2500,,
exp2_m14_g6_1775886029503,2,nim,https://integrate.api.nvidia.com/v1,2026-03-26,p1939995863,2,1486533351,,winner,mistralai/mistral-small-4-119b-2603;z-ai/glm5;nvidia/nemotron-3-super-120b-a12b;moonshotai/kimi-k2.5,player_2,nvidia/nemotron-3-super-120b-a12b,1,21,11,0.5238,2,0.1818,1,21,0.0476,1,1.0000,,
exp2_m14_g6_1775886029503,2,nim,https://integrate.api.nvidia.com/v1,2026-03-26,p1939995863,2,1486533351,,winner,mistralai/mistral-small-4-119b-2603;z-ai/glm5;nvidia/nemotron-3-super-120b-a12b;moonshotai/kimi-k2.5,player_3,moonshotai/kimi-k2.5,0,20,12,0.6000,0,0.0000,0,24,0.0000,0,0.0000,,
exp2_m14_g7_1775894420636,2,nim,https://integrate.api.nvidia.com/v1,2026-03-26,p1939995863,2,1486533352,,winner,mistralai/mistral-small-4-119b-2603;nvidia/nemotron-3-super-120b-a12b;z-ai/glm5;moonshotai/kimi-k2.5,player_0,mistralai/mistral-small-4-119b-2603,0,12,3,0.2500,3,1.0000,21,37,0.5676,6,0.2857,,
exp2_m14_g7_1775894420636,2,nim,https://integrate.api.nvidia.com/v1,2026-03-26,p1939995863,2,1486533352,,winner,mistralai/mistral-small-4-119b-2603;nvidia/nemotron-3-super-120b-a12b;z-ai/glm5;moonshotai/kimi-k2.5,player_1,nvidia/nemotron-3-super-120b-a12b,1,13,4,0.3077,1,0.2500,1,25,0.0400,1,1.0000,,
exp2_m14_g7_1775894420636,2,nim,https://integrate.api.nvidia.com/v1,2026-03-26,p1939995863,2,1486533352,,winner,mistralai/mistral-small-4-119b-2603;nvidia/nemotron-3-super-120b-a12b;z-ai/glm5;moonshotai/kimi-k2.5,player_2,z-ai/glm5,0,12,2,0.1667,2,1.0000,4,18,0.2222,1,0.2500,,
exp2_m14_g7_1775894420636,2,nim,https://integrate.api.nvidia.com/v1,2026-03-26,p1939995863,2,1486533352,,winner,mistralai/mistral-small-4-119b-2603;nvidia/nemotron-3-super-120b-a12b;z-ai/glm5;moonshotai/kimi-k2.5,player_3,moonshotai/kimi-k2.5,0,12,5,0.4167,0,0.0000,1,21,0.0476,0,0.0000,,
exp2_m14_g8_1775927977783,2,nim,https://integrate.api.nvidia.com/v1,2026-03-26,p1939995863,2,1486533353,,winner,mistralai/mistral-small-4-119b-2603;moonshotai/kimi-k2.5;z-ai/glm5;nvidia/nemotron-3-super-120b-a12b,player_0,mistralai/mistral-small-4-119b-2603,0,14,5,0.3571,2,0.4000,29,45,0.6444,14,0.4828,,
exp2_m14_g8_1775927977783,2,nim,https://integrate.api.nvidia.com/v1,2026-03-26,p1939995863,2,1486533353,,winner,mistralai/mistral-small-4-119b-2603;moonshotai/kimi-k2.5;z-ai/glm5;nvidia/nemotron-3-super-120b-a12b,player_1,moonshotai/kimi-k2.5,0,15,7,0.4667,0,0.0000,1,27,0.0370,1,1.0000,,
exp2_m14_g8_1775927977783,2,nim,https://integrate.api.nvidia.com/v1,2026-03-26,p1939995863,2,1486533353,,winner,mistralai/mistral-small-4-119b-2603;moonshotai/kimi-k2.5;z-ai/glm5;nvidia/nemotron-3-super-120b-a12b,player_2,z-ai/glm5,0,15,6,0.4000,1,0.1667,8,25,0.3200,2,0.2500,,
exp2_m14_g8_1775927977783,2,nim,https://integrate.api.nvidia.com/v1,2026-03-26,p1939995863,2,1486533353,,winner,mistralai/mistral-small-4-119b-2603;moonshotai/kimi-k2.5;z-ai/glm5;nvidia/nemotron-3-super-120b-a12b,player_3,nvidia/nemotron-3-super-120b-a12b,1,15,5,0.3333,2,0.4000,1,16,0.0625,1,1.0000,,
exp2_m14_g9_1775933902423,2,nim,https://integrate.api.nvidia.com/v1,2026-03-26,p1939995863,2,1486533354,,winner,z-ai/glm5;mistralai/mistral-small-4-119b-2603;nvidia/nemotron-3-super-120b-a12b;moonshotai/kimi-k2.5,player_0,z-ai/glm5,0,42,12,0.2857,3,0.2500,60,128,0.4688,40,0.6667,,
exp2_m14_g9_1775933902423,2,nim,https://integrate.api.nvidia.com/v1,2026-03-26,p1939995863,2,1486533354,,winner,z-ai/glm5;mistralai/mistral-small-4-119b-2603;nvidia/nemotron-3-super-120b-a12b;moonshotai/kimi-k2.5,player_1,mistralai/mistral-small-4-119b-2603,0,43,4,0.0930,4,1.0000,58,77,0.7532,12,0.2069,,
exp2_m14_g9_1775933902423,2,nim,https://integrate.api.nvidia.com/v1,2026-03-26,p1939995863,2,1486533354,,winner,z-ai/glm5;mistralai/mistral-small-4-119b-2603;nvidia/nemotron-3-super-120b-a12b;moonshotai/kimi-k2.5,player_2,nvidia/nemotron-3-super-120b-a12b,1,43,17,0.3953,1,0.0588,4,46,0.0870,1,0.2500,,
exp2_m14_g9_1775933902423,2,nim,https://integrate.api.nvidia.com/v1,2026-03-26,p1939995863,2,1486533354,,winner,z-ai/glm5;mistralai/mistral-small-4-119b-2603;nvidia/nemotron-3-super-120b-a12b;moonshotai/kimi-k2.5,player_3,moonshotai/kimi-k2.5,0,42,29,0.6905,1,0.0345,0,45,0.0000,0,0.0000,,
exp2_m1_g0_1775168986062,2,nim,https://integrate.api.nvidia.com/v1,2026-03-26,p1939995863,2,47952863,,winner,nvidia/nemotron-3-super-120b-a12b;z-ai/glm5;qwen/qwen3.5-397b-a17b;minimaxai/minimax-m2.5,player_0,nvidia/nemotron-3-super-120b-a12b,0,13,6,0.4615,0,0.0000,13,40,0.3250,7,0.5385,,
exp2_m1_g0_1775168986062,2,nim,https://integrate.api.nvidia.com/v1,2026-03-26,p1939995863,2,47952863,,winner,nvidia/nemotron-3-super-120b-a12b;z-ai/glm5;qwen/qwen3.5-397b-a17b;minimaxai/minimax-m2.5,player_1,z-ai/glm5,0,13,3,0.2308,1,0.3333,17,30,0.5667,7,0.4118,,
exp2_m1_g0_1775168986062,2,nim,https://integrate.api.nvidia.com/v1,2026-03-26,p1939995863,2,47952863,,winner,nvidia/nemotron-3-super-120b-a12b;z-ai/glm5;qwen/qwen3.5-397b-a17b;minimaxai/minimax-m2.5,player_2,qwen/qwen3.5-397b-a17b,1,14,3,0.2143,0,0.0000,1,17,0.0588,0,0.0000,,
exp2_m1_g0_1775168986062,2,nim,https://integrate.api.nvidia.com/v1,2026-03-26,p1939995863,2,47952863,,winner,nvidia/nemotron-3-super-120b-a12b;z-ai/glm5;qwen/qwen3.5-397b-a17b;minimaxai/minimax-m2.5,player_3,minimaxai/minimax-m2.5,0,13,4,0.3077,1,0.2500,7,19,0.3684,0,0.0000,,
exp2_m1_g1_1775174707512,2,nim,https://integrate.api.nvidia.com/v1,2026-03-26,p1939995863,2,47952864,,winner,qwen/qwen3.5-397b-a17b;nvidia/nemotron-3-super-120b-a12b;minimaxai/minimax-m2.5;z-ai/glm5,player_0,qwen/qwen3.5-397b-a17b,1,12,4,0.3333,1,0.2500,4,36,0.1111,2,0.5000,,
exp2_m1_g1_1775174707512,2,nim,https://integrate.api.nvidia.com/v1,2026-03-26,p1939995863,2,47952864,,winner,qwen/qwen3.5-397b-a17b;nvidia/nemotron-3-super-120b-a12b;minimaxai/minimax-m2.5;z-ai/glm5,player_1,nvidia/nemotron-3-super-120b-a12b,0,12,3,0.2500,0,0.0000,7,33,0.2121,0,0.0000,,
exp2_m1_g1_1775174707512,2,nim,https://integrate.api.nvidia.com/v1,2026-03-26,p1939995863,2,47952864,,winner,qwen/qwen3.5-397b-a17b;nvidia/nemotron-3-super-120b-a12b;minimaxai/minimax-m2.5;z-ai/glm5,player_2,minimaxai/minimax-m2.5,0,12,3,0.2500,1,0.3333,11,29,0.3793,5,0.4545,,
exp2_m1_g1_1775174707512,2,nim,https://integrate.api.nvidia.com/v1,2026-03-26,p1939995863,2,47952864,,winner,qwen/qwen3.5-397b-a17b;nvidia/nemotron-3-super-120b-a12b;minimaxai/minimax-m2.5;z-ai/glm5,player_3,z-ai/glm5,0,12,1,0.0833,0,0.0000,3,22,0.1364,2,0.6667,,
exp2_m1_g2_1775182053183,2,nim,https://integrate.api.nvidia.com/v1,2026-03-26,p1939995863,2,47952865,,winner,minimaxai/minimax-m2.5;z-ai/glm5;nvidia/nemotron-3-super-120b-a12b;qwen/qwen3.5-397b-a17b,player_0,minimaxai/minimax-m2.5,0,14,2,0.1429,0,0.0000,19,45,0.4222,9,0.4737,,
exp2_m1_g2_1775182053183,2,nim,https://integrate.api.nvidia.com/v1,2026-03-26,p1939995863,2,47952865,,winner,minimaxai/minimax-m2.5;z-ai/glm5;nvidia/nemotron-3-super-120b-a12b;qwen/qwen3.5-397b-a17b,player_1,z-ai/glm5,0,15,3,0.2000,0,0.0000,10,31,0.3226,2,0.2000,,
exp2_m1_g2_1775182053183,2,nim,https://integrate.api.nvidia.com/v1,2026-03-26,p1939995863,2,47952865,,winner,minimaxai/minimax-m2.5;z-ai/glm5;nvidia/nemotron-3-super-120b-a12b;qwen/qwen3.5-397b-a17b,player_2,nvidia/nemotron-3-super-120b-a12b,0,15,8,0.5333,2,0.2500,1,24,0.0417,1,1.0000,,
exp2_m1_g2_1775182053183,2,nim,https://integrate.api.nvidia.com/v1,2026-03-26,p1939995863,2,47952865,,winner,minimaxai/minimax-m2.5;z-ai/glm5;nvidia/nemotron-3-super-120b-a12b;qwen/qwen3.5-397b-a17b,player_3,qwen/qwen3.5-397b-a17b,1,15,4,0.2667,2,0.5000,4,22,0.1818,1,0.2500,,
exp2_m1_g3_1775190619536,2,nim,https://integrate.api.nvidia.com/v1,2026-03-26,p1939995863,2,47952866,,winner,nvidia/nemotron-3-super-120b-a12b;minimaxai/minimax-m2.5;qwen/qwen3.5-397b-a17b;z-ai/glm5,player_0,nvidia/nemotron-3-super-120b-a12b,0,13,9,0.6923,4,0.4444,5,39,0.1282,0,0.0000,,
exp2_m1_g3_1775190619536,2,nim,https://integrate.api.nvidia.com/v1,2026-03-26,p1939995863,2,47952866,,winner,nvidia/nemotron-3-super-120b-a12b;minimaxai/minimax-m2.5;qwen/qwen3.5-397b-a17b;z-ai/glm5,player_1,minimaxai/minimax-m2.5,0,13,3,0.2308,3,1.0000,10,35,0.2857,5,0.5000,,
exp2_m1_g3_1775190619536,2,nim,https://integrate.api.nvidia.com/v1,2026-03-26,p1939995863,2,47952866,,winner,nvidia/nemotron-3-super-120b-a12b;minimaxai/minimax-m2.5;qwen/qwen3.5-397b-a17b;z-ai/glm5,player_2,qwen/qwen3.5-397b-a17b,1,13,5,0.3846,3,0.6000,1,26,0.0385,0,0.0000,,
exp2_m1_g3_1775190619536,2,nim,https://integrate.api.nvidia.com/v1,2026-03-26,p1939995863,2,47952866,,winner,nvidia/nemotron-3-super-120b-a12b;minimaxai/minimax-m2.5;qwen/qwen3.5-397b-a17b;z-ai/glm5,player_3,z-ai/glm5,0,13,1,0.0769,1,1.0000,6,29,0.2069,2,0.3333,,
exp2_m1_g4_1775197430673,2,nim,https://integrate.api.nvidia.com/v1,2026-03-26,p1939995863,2,47952867,,winner,nvidia/nemotron-3-super-120b-a12b;z-ai/glm5;qwen/qwen3.5-397b-a17b;minimaxai/minimax-m2.5,player_0,nvidia/nemotron-3-super-120b-a12b,0,69,31,0.4493,3,0.0968,59,207,0.2850,32,0.5424,,
exp2_m1_g4_1775197430673,2,nim,https://integrate.api.nvidia.com/v1,2026-03-26,p1939995863,2,47952867,,winner,nvidia/nemotron-3-super-120b-a12b;z-ai/glm5;qwen/qwen3.5-397b-a17b;minimaxai/minimax-m2.5,player_1,z-ai/glm5,0,69,22,0.3188,7,0.3182,82,161,0.5093,46,0.5610,,
exp2_m1_g4_1775197430673,2,nim,https://integrate.api.nvidia.com/v1,2026-03-26,p1939995863,2,47952867,,winner,nvidia/nemotron-3-super-120b-a12b;z-ai/glm5;qwen/qwen3.5-397b-a17b;minimaxai/minimax-m2.5,player_2,qwen/qwen3.5-397b-a17b,1,69,33,0.4783,2,0.0606,25,112,0.2232,12,0.4800,,
exp2_m1_g4_1775197430673,2,nim,https://integrate.api.nvidia.com/v1,2026-03-26,p1939995863,2,47952867,,winner,nvidia/nemotron-3-super-120b-a12b;z-ai/glm5;qwen/qwen3.5-397b-a17b;minimaxai/minimax-m2.5,player_3,minimaxai/minimax-m2.5,0,69,30,0.4348,6,0.2000,38,87,0.4368,8,0.2105,,
exp2_m1_g5_1775239439352,2,nim,https://integrate.api.nvidia.com/v1,2026-03-26,p1939995863,2,47952868,,winner,nvidia/nemotron-3-super-120b-a12b;z-ai/glm5;minimaxai/minimax-m2.5;qwen/qwen3.5-397b-a17b,player_0,nvidia/nemotron-3-super-120b-a12b,0,37,15,0.4054,0,0.0000,24,113,0.2124,12,0.5000,,
exp2_m1_g5_1775239439352,2,nim,https://integrate.api.nvidia.com/v1,2026-03-26,p1939995863,2,47952868,,winner,nvidia/nemotron-3-super-120b-a12b;z-ai/glm5;minimaxai/minimax-m2.5;qwen/qwen3.5-397b-a17b,player_1,z-ai/glm5,0,37,8,0.2162,2,0.2500,41,92,0.4457,21,0.5122,,
exp2_m1_g5_1775239439352,2,nim,https://integrate.api.nvidia.com/v1,2026-03-26,p1939995863,2,47952868,,winner,nvidia/nemotron-3-super-120b-a12b;z-ai/glm5;minimaxai/minimax-m2.5;qwen/qwen3.5-397b-a17b,player_2,minimaxai/minimax-m2.5,0,38,6,0.1579,0,0.0000,26,67,0.3881,9,0.3462,,
exp2_m1_g5_1775239439352,2,nim,https://integrate.api.nvidia.com/v1,2026-03-26,p1939995863,2,47952868,,winner,nvidia/nemotron-3-super-120b-a12b;z-ai/glm5;minimaxai/minimax-m2.5;qwen/qwen3.5-397b-a17b,player_3,qwen/qwen3.5-397b-a17b,1,38,18,0.4737,2,0.1111,6,50,0.1200,1,0.1667,,
exp2_m1_g6_1775255807719,2,nim,https://integrate.api.nvidia.com/v1,2026-03-26,p1939995863,2,47952869,,winner,qwen/qwen3.5-397b-a17b;minimaxai/minimax-m2.5;nvidia/nemotron-3-super-120b-a12b;z-ai/glm5,player_0,qwen/qwen3.5-397b-a17b,1,31,7,0.2258,1,0.1429,21,91,0.2308,13,0.6190,,
exp2_m1_g6_1775255807719,2,nim,https://integrate.api.nvidia.com/v1,2026-03-26,p1939995863,2,47952869,,winner,qwen/qwen3.5-397b-a17b;minimaxai/minimax-m2.5;nvidia/nemotron-3-super-120b-a12b;z-ai/glm5,player_1,minimaxai/minimax-m2.5,0,30,6,0.2000,3,0.5000,28,76,0.3684,7,0.2500,,
exp2_m1_g6_1775255807719,2,nim,https://integrate.api.nvidia.com/v1,2026-03-26,p1939995863,2,47952869,,winner,qwen/qwen3.5-397b-a17b;minimaxai/minimax-m2.5;nvidia/nemotron-3-super-120b-a12b;z-ai/glm5,player_2,nvidia/nemotron-3-super-120b-a12b,0,30,11,0.3667,1,0.0909,11,57,0.1930,4,0.3636,,
exp2_m1_g6_1775255807719,2,nim,https://integrate.api.nvidia.com/v1,2026-03-26,p1939995863,2,47952869,,winner,qwen/qwen3.5-397b-a17b;minimaxai/minimax-m2.5;nvidia/nemotron-3-super-120b-a12b;z-ai/glm5,player_3,z-ai/glm5,0,31,13,0.4194,4,0.3077,13,49,0.2653,4,0.3077,,
exp2_m1_g7_1775269060073,2,nim,https://integrate.api.nvidia.com/v1,2026-03-26,p1939995863,2,47952870,,winner,qwen/qwen3.5-397b-a17b;minimaxai/minimax-m2.5;nvidia/nemotron-3-super-120b-a12b;z-ai/glm5,player_0,qwen/qwen3.5-397b-a17b,1,26,10,0.3846,3,0.3000,19,76,0.2500,10,0.5263,,
exp2_m1_g7_1775269060073,2,nim,https://integrate.api.nvidia.com/v1,2026-03-26,p1939995863,2,47952870,,winner,qwen/qwen3.5-397b-a17b;minimaxai/minimax-m2.5;nvidia/nemotron-3-super-120b-a12b;z-ai/glm5,player_1,minimaxai/minimax-m2.5,0,25,5,0.2000,1,0.2000,29,62,0.4677,13,0.4483,,
exp2_m1_g7_1775269060073,2,nim,https://integrate.api.nvidia.com/v1,2026-03-26,p1939995863,2,47952870,,winner,qwen/qwen3.5-397b-a17b;minimaxai/minimax-m2.5;nvidia/nemotron-3-super-120b-a12b;z-ai/glm5,player_2,nvidia/nemotron-3-super-120b-a12b,0,25,13,0.5200,2,0.1538,10,48,0.2083,2,0.2000,,
exp2_m1_g7_1775269060073,2,nim,https://integrate.api.nvidia.com/v1,2026-03-26,p1939995863,2,47952870,,winner,qwen/qwen3.5-397b-a17b;minimaxai/minimax-m2.5;nvidia/nemotron-3-super-120b-a12b;z-ai/glm5,player_3,z-ai/glm5,0,26,10,0.3846,1,0.1000,11,33,0.3333,6,0.5455,,
exp2_m1_g8_1775278334920,2,nim,https://integrate.api.nvidia.com/v1,2026-03-26,p1939995863,2,47952871,,winner,qwen/qwen3.5-397b-a17b;z-ai/glm5;nvidia/nemotron-3-super-120b-a12b;minimaxai/minimax-m2.5,player_0,qwen/qwen3.5-397b-a17b,1,64,20,0.3125,5,0.2500,66,189,0.3492,39,0.5909,,
exp2_m1_g8_1775278334920,2,nim,https://integrate.api.nvidia.com/v1,2026-03-26,p1939995863,2,47952871,,winner,qwen/qwen3.5-397b-a17b;z-ai/glm5;nvidia/nemotron-3-super-120b-a12b;minimaxai/minimax-m2.5,player_1,z-ai/glm5,0,63,14,0.2222,4,0.2857,66,138,0.4783,27,0.4091,,
exp2_m1_g8_1775278334920,2,nim,https://integrate.api.nvidia.com/v1,2026-03-26,p1939995863,2,47952871,,winner,qwen/qwen3.5-397b-a17b;z-ai/glm5;nvidia/nemotron-3-super-120b-a12b;minimaxai/minimax-m2.5,player_2,nvidia/nemotron-3-super-120b-a12b,0,63,32,0.5079,3,0.0938,23,99,0.2323,12,0.5217,,
exp2_m1_g8_1775278334920,2,nim,https://integrate.api.nvidia.com/v1,2026-03-26,p1939995863,2,47952871,,winner,qwen/qwen3.5-397b-a17b;z-ai/glm5;nvidia/nemotron-3-super-120b-a12b;minimaxai/minimax-m2.5,player_3,minimaxai/minimax-m2.5,0,63,30,0.4762,3,0.1000,20,82,0.2439,3,0.1500,,
exp2_m1_g9_1775314201742,2,nim,https://integrate.api.nvidia.com/v1,2026-03-26,p1939995863,2,47952872,,winner,qwen/qwen3.5-397b-a17b;nvidia/nemotron-3-super-120b-a12b;z-ai/glm5;minimaxai/minimax-m2.5,player_0,qwen/qwen3.5-397b-a17b,0,62,22,0.3548,2,0.0909,65,186,0.3495,38,0.5846,,
exp2_m1_g9_1775314201742,2,nim,https://integrate.api.nvidia.com/v1,2026-03-26,p1939995863,2,47952872,,winner,qwen/qwen3.5-397b-a17b;nvidia/nemotron-3-super-120b-a12b;z-ai/glm5;minimaxai/minimax-m2.5,player_1,nvidia/nemotron-3-super-120b-a12b,0,62,31,0.5000,2,0.0645,45,140,0.3214,23,0.5111,,
exp2_m1_g9_1775314201742,2,nim,https://integrate.api.nvidia.com/v1,2026-03-26,p1939995863,2,47952872,,winner,qwen/qwen3.5-397b-a17b;nvidia/nemotron-3-super-120b-a12b;z-ai/glm5;minimaxai/minimax-m2.5,player_2,z-ai/glm5,0,62,19,0.3065,1,0.0526,52,109,0.4771,25,0.4808,,
exp2_m1_g9_1775314201742,2,nim,https://integrate.api.nvidia.com/v1,2026-03-26,p1939995863,2,47952872,,winner,qwen/qwen3.5-397b-a17b;nvidia/nemotron-3-super-120b-a12b;z-ai/glm5;minimaxai/minimax-m2.5,player_3,minimaxai/minimax-m2.5,1,62,28,0.4516,1,0.0357,24,69,0.3478,8,0.3333,,
exp2_m2_g0_1775337086888,2,nim,https://integrate.api.nvidia.com/v1,2026-03-26,p1939995863,2,47953824,,winner,qwen/qwen3.5-397b-a17b;minimaxai/minimax-m2.5;moonshotai/kimi-k2.5;nvidia/nemotron-3-super-120b-a12b,player_0,qwen/qwen3.5-397b-a17b,0,24,9,0.3750,4,0.4444,25,73,0.3425,16,0.6400,,
exp2_m2_g0_1775337086888,2,nim,https://integrate.api.nvidia.com/v1,2026-03-26,p1939995863,2,47953824,,winner,qwen/qwen3.5-397b-a17b;minimaxai/minimax-m2.5;moonshotai/kimi-k2.5;nvidia/nemotron-3-super-120b-a12b,player_1,minimaxai/minimax-m2.5,0,24,6,0.2500,2,0.3333,24,53,0.4528,8,0.3333,,
exp2_m2_g0_1775337086888,2,nim,https://integrate.api.nvidia.com/v1,2026-03-26,p1939995863,2,47953824,,winner,qwen/qwen3.5-397b-a17b;minimaxai/minimax-m2.5;moonshotai/kimi-k2.5;nvidia/nemotron-3-super-120b-a12b,player_2,moonshotai/kimi-k2.5,1,25,7,0.2800,0,0.0000,1,38,0.0263,1,1.0000,,
exp2_m2_g0_1775337086888,2,nim,https://integrate.api.nvidia.com/v1,2026-03-26,p1939995863,2,47953824,,winner,qwen/qwen3.5-397b-a17b;minimaxai/minimax-m2.5;moonshotai/kimi-k2.5;nvidia/nemotron-3-super-120b-a12b,player_3,nvidia/nemotron-3-super-120b-a12b,0,24,14,0.5833,4,0.2857,2,40,0.0500,1,0.5000,,
exp2_m2_g1_1775353428316,2,nim,https://integrate.api.nvidia.com/v1,2026-03-26,p1939995863,2,47953825,,winner,qwen/qwen3.5-397b-a17b;minimaxai/minimax-m2.5;moonshotai/kimi-k2.5;nvidia/nemotron-3-super-120b-a12b,player_0,qwen/qwen3.5-397b-a17b,0,12,4,0.3333,1,0.2500,9,38,0.2368,5,0.5556,,
exp2_m2_g1_1775353428316,2,nim,https://integrate.api.nvidia.com/v1,2026-03-26,p1939995863,2,47953825,,winner,qwen/qwen3.5-397b-a17b;minimaxai/minimax-m2.5;moonshotai/kimi-k2.5;nvidia/nemotron-3-super-120b-a12b,player_1,minimaxai/minimax-m2.5,0,13,3,0.2308,1,0.3333,12,30,0.4000,5,0.4167,,
exp2_m2_g1_1775353428316,2,nim,https://integrate.api.nvidia.com/v1,2026-03-26,p1939995863,2,47953825,,winner,qwen/qwen3.5-397b-a17b;minimaxai/minimax-m2.5;moonshotai/kimi-k2.5;nvidia/nemotron-3-super-120b-a12b,player_2,moonshotai/kimi-k2.5,1,13,5,0.3846,1,0.2000,0,23,0.0000,0,0.0000,,
exp2_m2_g1_1775353428316,2,nim,https://integrate.api.nvidia.com/v1,2026-03-26,p1939995863,2,47953825,,winner,qwen/qwen3.5-397b-a17b;minimaxai/minimax-m2.5;moonshotai/kimi-k2.5;nvidia/nemotron-3-super-120b-a12b,player_3,nvidia/nemotron-3-super-120b-a12b,0,12,3,0.2500,0,0.0000,3,22,0.1364,2,0.6667,,
exp2_m2_g2_1775361284729,2,nim,https://integrate.api.nvidia.com/v1,2026-03-26,p1939995863,2,47953826,,winner,qwen/qwen3.5-397b-a17b;nvidia/nemotron-3-super-120b-a12b;minimaxai/minimax-m2.5;moonshotai/kimi-k2.5,player_0,qwen/qwen3.5-397b-a17b,0,17,5,0.2941,1,0.2000,8,52,0.1538,4,0.5000,,
exp2_m2_g2_1775361284729,2,nim,https://integrate.api.nvidia.com/v1,2026-03-26,p1939995863,2,47953826,,winner,qwen/qwen3.5-397b-a17b;nvidia/nemotron-3-super-120b-a12b;minimaxai/minimax-m2.5;moonshotai/kimi-k2.5,player_1,nvidia/nemotron-3-super-120b-a12b,1,18,8,0.4444,4,0.5000,2,45,0.0444,1,0.5000,,
exp2_m2_g2_1775361284729,2,nim,https://integrate.api.nvidia.com/v1,2026-03-26,p1939995863,2,47953826,,winner,qwen/qwen3.5-397b-a17b;nvidia/nemotron-3-super-120b-a12b;minimaxai/minimax-m2.5;moonshotai/kimi-k2.5,player_2,minimaxai/minimax-m2.5,0,17,2,0.1176,1,0.5000,19,45,0.4222,6,0.3158,,
exp2_m2_g2_1775361284729,2,nim,https://integrate.api.nvidia.com/v1,2026-03-26,p1939995863,2,47953826,,winner,qwen/qwen3.5-397b-a17b;nvidia/nemotron-3-super-120b-a12b;minimaxai/minimax-m2.5;moonshotai/kimi-k2.5,player_3,moonshotai/kimi-k2.5,0,17,4,0.2353,1,0.2500,1,32,0.0313,1,1.0000,,
exp2_m2_g3_1775372047735,2,nim,https://integrate.api.nvidia.com/v1,2026-03-26,p1939995863,2,47953827,,winner,qwen/qwen3.5-397b-a17b;minimaxai/minimax-m2.5;nvidia/nemotron-3-super-120b-a12b;moonshotai/kimi-k2.5,player_0,qwen/qwen3.5-397b-a17b,0,6,0,0.0000,0,0.0000,0,19,0.0000,0,0.0000,,
exp2_m2_g3_1775372047735,2,nim,https://integrate.api.nvidia.com/v1,2026-03-26,p1939995863,2,47953827,,winner,qwen/qwen3.5-397b-a17b;minimaxai/minimax-m2.5;nvidia/nemotron-3-super-120b-a12b;moonshotai/kimi-k2.5,player_1,minimaxai/minimax-m2.5,0,6,3,0.5000,3,1.0000,1,19,0.0526,0,0.0000,,
exp2_m2_g3_1775372047735,2,nim,https://integrate.api.nvidia.com/v1,2026-03-26,p1939995863,2,47953827,,winner,qwen/qwen3.5-397b-a17b;minimaxai/minimax-m2.5;nvidia/nemotron-3-super-120b-a12b;moonshotai/kimi-k2.5,player_2,nvidia/nemotron-3-super-120b-a12b,1,7,2,0.2857,2,1.0000,0,17,0.0000,0,0.0000,,
exp2_m2_g3_1775372047735,2,nim,https://integrate.api.nvidia.com/v1,2026-03-26,p1939995863,2,47953827,,winner,qwen/qwen3.5-397b-a17b;minimaxai/minimax-m2.5;nvidia/nemotron-3-super-120b-a12b;moonshotai/kimi-k2.5,player_3,moonshotai/kimi-k2.5,0,6,1,0.1667,1,1.0000,0,18,0.0000,0,0.0000,,
exp2_m2_g4_1775376042825,2,nim,https://integrate.api.nvidia.com/v1,2026-03-26,p1939995863,2,47953828,,winner,minimaxai/minimax-m2.5;nvidia/nemotron-3-super-120b-a12b;moonshotai/kimi-k2.5;qwen/qwen3.5-397b-a17b,player_0,minimaxai/minimax-m2.5,0,13,4,0.3077,0,0.0000,21,42,0.5000,12,0.5714,,
exp2_m2_g4_1775376042825,2,nim,https://integrate.api.nvidia.com/v1,2026-03-26,p1939995863,2,47953828,,winner,minimaxai/minimax-m2.5;nvidia/nemotron-3-super-120b-a12b;moonshotai/kimi-k2.5;qwen/qwen3.5-397b-a17b,player_1,nvidia/nemotron-3-super-120b-a12b,0,14,7,0.5000,0,0.0000,8,27,0.2963,5,0.6250,,
exp2_m2_g4_1775376042825,2,nim,https://integrate.api.nvidia.com/v1,2026-03-26,p1939995863,2,47953828,,winner,minimaxai/minimax-m2.5;nvidia/nemotron-3-super-120b-a12b;moonshotai/kimi-k2.5;qwen/qwen3.5-397b-a17b,player_2,moonshotai/kimi-k2.5,0,14,6,0.4286,1,0.1667,4,22,0.1818,1,0.2500,,
exp2_m2_g4_1775376042825,2,nim,https://integrate.api.nvidia.com/v1,2026-03-26,p1939995863,2,47953828,,winner,minimaxai/minimax-m2.5;nvidia/nemotron-3-super-120b-a12b;moonshotai/kimi-k2.5;qwen/qwen3.5-397b-a17b,player_3,qwen/qwen3.5-397b-a17b,1,14,7,0.5000,3,0.4286,4,16,0.2500,2,0.5000,,
exp2_m2_g5_1775397929462,2,nim,https://integrate.api.nvidia.com/v1,2026-03-26,p1939995863,2,47953829,,winner,minimaxai/minimax-m2.5;qwen/qwen3.5-397b-a17b;moonshotai/kimi-k2.5;nvidia/nemotron-3-super-120b-a12b,player_0,minimaxai/minimax-m2.5,0,15,3,0.2000,3,1.0000,28,47,0.5957,15,0.5357,,
exp2_m2_g5_1775397929462,2,nim,https://integrate.api.nvidia.com/v1,2026-03-26,p1939995863,2,47953829,,winner,minimaxai/minimax-m2.5;qwen/qwen3.5-397b-a17b;moonshotai/kimi-k2.5;nvidia/nemotron-3-super-120b-a12b,player_1,qwen/qwen3.5-397b-a17b,0,16,4,0.2500,0,0.0000,6,29,0.2069,2,0.3333,,
exp2_m2_g5_1775397929462,2,nim,https://integrate.api.nvidia.com/v1,2026-03-26,p1939995863,2,47953829,,winner,minimaxai/minimax-m2.5;qwen/qwen3.5-397b-a17b;moonshotai/kimi-k2.5;nvidia/nemotron-3-super-120b-a12b,player_2,moonshotai/kimi-k2.5,1,16,10,0.6250,3,0.3000,1,22,0.0455,1,1.0000,,
exp2_m2_g5_1775397929462,2,nim,https://integrate.api.nvidia.com/v1,2026-03-26,p1939995863,2,47953829,,winner,minimaxai/minimax-m2.5;qwen/qwen3.5-397b-a17b;moonshotai/kimi-k2.5;nvidia/nemotron-3-super-120b-a12b,player_3,nvidia/nemotron-3-super-120b-a12b,0,15,9,0.6000,2,0.2222,0,22,0.0000,0,0.0000,,
exp2_m2_g6_1775409927173,2,nim,https://integrate.api.nvidia.com/v1,2026-03-26,p1939995863,2,47953830,,winner,qwen/qwen3.5-397b-a17b;nvidia/nemotron-3-super-120b-a12b;minimaxai/minimax-m2.5;moonshotai/kimi-k2.5,player_0,qwen/qwen3.5-397b-a17b,0,21,12,0.5714,4,0.3333,12,64,0.1875,3,0.2500,,
exp2_m2_g6_1775409927173,2,nim,https://integrate.api.nvidia.com/v1,2026-03-26,p1939995863,2,47953830,,winner,qwen/qwen3.5-397b-a17b;nvidia/nemotron-3-super-120b-a12b;minimaxai/minimax-m2.5;moonshotai/kimi-k2.5,player_1,nvidia/nemotron-3-super-120b-a12b,0,21,9,0.4286,3,0.3333,10,55,0.1818,4,0.4000,,
exp2_m2_g6_1775409927173,2,nim,https://integrate.api.nvidia.com/v1,2026-03-26,p1939995863,2,47953830,,winner,qwen/qwen3.5-397b-a17b;nvidia/nemotron-3-super-120b-a12b;minimaxai/minimax-m2.5;moonshotai/kimi-k2.5,player_2,minimaxai/minimax-m2.5,0,21,8,0.3810,4,0.5000,22,50,0.4400,12,0.5455,,
exp2_m2_g6_1775409927173,2,nim,https://integrate.api.nvidia.com/v1,2026-03-26,p1939995863,2,47953830,,winner,qwen/qwen3.5-397b-a17b;nvidia/nemotron-3-super-120b-a12b;minimaxai/minimax-m2.5;moonshotai/kimi-k2.5,player_3,moonshotai/kimi-k2.5,1,22,7,0.3182,3,0.4286,3,32,0.0938,3,1.0000,,
exp2_m2_g7_1775426455430,2,nim,https://integrate.api.nvidia.com/v1,2026-03-26,p1939995863,2,47953831,,winner,nvidia/nemotron-3-super-120b-a12b;moonshotai/kimi-k2.5;qwen/qwen3.5-397b-a17b;minimaxai/minimax-m2.5,player_0,nvidia/nemotron-3-super-120b-a12b,0,26,9,0.3462,1,0.1111,23,80,0.2875,11,0.4783,,
exp2_m2_g7_1775426455430,2,nim,https://integrate.api.nvidia.com/v1,2026-03-26,p1939995863,2,47953831,,winner,nvidia/nemotron-3-super-120b-a12b;moonshotai/kimi-k2.5;qwen/qwen3.5-397b-a17b;minimaxai/minimax-m2.5,player_1,moonshotai/kimi-k2.5,0,27,16,0.5926,3,0.1875,7,59,0.1186,4,0.5714,,
exp2_m2_g7_1775426455430,2,nim,https://integrate.api.nvidia.com/v1,2026-03-26,p1939995863,2,47953831,,winner,nvidia/nemotron-3-super-120b-a12b;moonshotai/kimi-k2.5;qwen/qwen3.5-397b-a17b;minimaxai/minimax-m2.5,player_2,qwen/qwen3.5-397b-a17b,1,27,7,0.2593,1,0.1429,18,61,0.2951,9,0.5000,,
exp2_m2_g7_1775426455430,2,nim,https://integrate.api.nvidia.com/v1,2026-03-26,p1939995863,2,47953831,,winner,nvidia/nemotron-3-super-120b-a12b;moonshotai/kimi-k2.5;qwen/qwen3.5-397b-a17b;minimaxai/minimax-m2.5,player_3,minimaxai/minimax-m2.5,0,26,8,0.3077,2,0.2500,22,48,0.4583,9,0.4091,,
exp2_m2_g8_1775451792764,2,nim,https://integrate.api.nvidia.com/v1,2026-03-26,p1939995863,2,47953832,,winner,nvidia/nemotron-3-super-120b-a12b;qwen/qwen3.5-397b-a17b;moonshotai/kimi-k2.5;minimaxai/minimax-m2.5,player_0,nvidia/nemotron-3-super-120b-a12b,0,20,6,0.3000,0,0.0000,17,58,0.2931,8,0.4706,,
exp2_m2_g8_1775451792764,2,nim,https://integrate.api.nvidia.com/v1,2026-03-26,p1939995863,2,47953832,,winner,nvidia/nemotron-3-super-120b-a12b;qwen/qwen3.5-397b-a17b;moonshotai/kimi-k2.5;minimaxai/minimax-m2.5,player_1,qwen/qwen3.5-397b-a17b,1,20,5,0.2500,2,0.4000,12,48,0.2500,8,0.6667,,
exp2_m2_g8_1775451792764,2,nim,https://integrate.api.nvidia.com/v1,2026-03-26,p1939995863,2,47953832,,winner,nvidia/nemotron-3-super-120b-a12b;qwen/qwen3.5-397b-a17b;moonshotai/kimi-k2.5;minimaxai/minimax-m2.5,player_2,moonshotai/kimi-k2.5,0,19,11,0.5789,0,0.0000,0,39,0.0000,0,0.0000,,
exp2_m2_g8_1775451792764,2,nim,https://integrate.api.nvidia.com/v1,2026-03-26,p1939995863,2,47953832,,winner,nvidia/nemotron-3-super-120b-a12b;qwen/qwen3.5-397b-a17b;moonshotai/kimi-k2.5;minimaxai/minimax-m2.5,player_3,minimaxai/minimax-m2.5,0,19,5,0.2632,3,0.6000,15,36,0.4167,6,0.4000,,
exp2_m2_g9_1775501076217,2,nim,https://integrate.api.nvidia.com/v1,2026-03-26,p1939995863,2,47953833,,winner,qwen/qwen3.5-397b-a17b;nvidia/nemotron-3-super-120b-a12b;moonshotai/kimi-k2.5;minimaxai/minimax-m2.5,player_0,qwen/qwen3.5-397b-a17b,0,10,4,0.4000,1,0.2500,4,30,0.1333,1,0.2500,,
exp2_m2_g9_1775501076217,2,nim,https://integrate.api.nvidia.com/v1,2026-03-26,p1939995863,2,47953833,,winner,qwen/qwen3.5-397b-a17b;nvidia/nemotron-3-super-120b-a12b;moonshotai/kimi-k2.5;minimaxai/minimax-m2.5,player_1,nvidia/nemotron-3-super-120b-a12b,0,10,3,0.3000,0,0.0000,7,28,0.2500,2,0.2857,,
exp2_m2_g9_1775501076217,2,nim,https://integrate.api.nvidia.com/v1,2026-03-26,p1939995863,2,47953833,,winner,qwen/qwen3.5-397b-a17b;nvidia/nemotron-3-super-120b-a12b;moonshotai/kimi-k2.5;minimaxai/minimax-m2.5,player_2,moonshotai/kimi-k2.5,1,10,3,0.3000,1,0.3333,3,22,0.1364,3,1.0000,,
exp2_m2_g9_1775501076217,2,nim,https://integrate.api.nvidia.com/v1,2026-03-26,p1939995863,2,47953833,,winner,qwen/qwen3.5-397b-a17b;nvidia/nemotron-3-super-120b-a12b;moonshotai/kimi-k2.5;minimaxai/minimax-m2.5,player_3,minimaxai/minimax-m2.5,0,10,2,0.2000,2,1.0000,8,19,0.4211,2,0.2500,,
exp2_m3_g0_1775510177521,2,nim,https://integrate.api.nvidia.com/v1,2026-03-26,p1939995863,2,47954785,,winner,minimaxai/minimax-m2.5;z-ai/glm5;mistralai/mistral-small-4-119b-2603;qwen/qwen3.5-397b-a17b,player_0,minimaxai/minimax-m2.5,0,15,6,0.4000,1,0.1667,20,45,0.4444,7,0.3500,,
exp2_m3_g0_1775510177521,2,nim,https://integrate.api.nvidia.com/v1,2026-03-26,p1939995863,2,47954785,,winner,minimaxai/minimax-m2.5;z-ai/glm5;mistralai/mistral-small-4-119b-2603;qwen/qwen3.5-397b-a17b,player_1,z-ai/glm5,1,15,6,0.4000,3,0.5000,3,31,0.0968,2,0.6667,,
exp2_m3_g0_1775510177521,2,nim,https://integrate.api.nvidia.com/v1,2026-03-26,p1939995863,2,47954785,,winner,minimaxai/minimax-m2.5;z-ai/glm5;mistralai/mistral-small-4-119b-2603;qwen/qwen3.5-397b-a17b,player_2,mistralai/mistral-small-4-119b-2603,0,15,4,0.2667,1,0.2500,21,31,0.6774,7,0.3333,,
exp2_m3_g0_1775510177521,2,nim,https://integrate.api.nvidia.com/v1,2026-03-26,p1939995863,2,47954785,,winner,minimaxai/minimax-m2.5;z-ai/glm5;mistralai/mistral-small-4-119b-2603;qwen/qwen3.5-397b-a17b,player_3,qwen/qwen3.5-397b-a17b,0,15,7,0.4667,1,0.1429,1,15,0.0667,1,1.0000,,
exp2_m3_g1_1775513209870,2,nim,https://integrate.api.nvidia.com/v1,2026-03-26,p1939995863,2,47954786,,winner,z-ai/glm5;mistralai/mistral-small-4-119b-2603;minimaxai/minimax-m2.5;qwen/qwen3.5-397b-a17b,player_0,z-ai/glm5,0,20,4,0.2000,2,0.5000,17,63,0.2698,8,0.4706,,
exp2_m3_g1_1775513209870,2,nim,https://integrate.api.nvidia.com/v1,2026-03-26,p1939995863,2,47954786,,winner,z-ai/glm5;mistralai/mistral-small-4-119b-2603;minimaxai/minimax-m2.5;qwen/qwen3.5-397b-a17b,player_1,mistralai/mistral-small-4-119b-2603,0,21,4,0.1905,0,0.0000,27,50,0.5400,7,0.2593,,
exp2_m3_g1_1775513209870,2,nim,https://integrate.api.nvidia.com/v1,2026-03-26,p1939995863,2,47954786,,winner,z-ai/glm5;mistralai/mistral-small-4-119b-2603;minimaxai/minimax-m2.5;qwen/qwen3.5-397b-a17b,player_2,minimaxai/minimax-m2.5,0,21,10,0.4762,3,0.3000,5,31,0.1613,2,0.4000,,
exp2_m3_g1_1775513209870,2,nim,https://integrate.api.nvidia.com/v1,2026-03-26,p1939995863,2,47954786,,winner,z-ai/glm5;mistralai/mistral-small-4-119b-2603;minimaxai/minimax-m2.5;qwen/qwen3.5-397b-a17b,player_3,qwen/qwen3.5-397b-a17b,1,21,9,0.4286,1,0.1111,6,28,0.2143,4,0.6667,,
exp2_m3_g2_1775515914419,2,nim,https://integrate.api.nvidia.com/v1,2026-03-26,p1939995863,2,47954787,,winner,qwen/qwen3.5-397b-a17b;mistralai/mistral-small-4-119b-2603;minimaxai/minimax-m2.5;z-ai/glm5,player_0,qwen/qwen3.5-397b-a17b,0,9,4,0.4444,0,0.0000,2,28,0.0714,1,0.5000,,
exp2_m3_g2_1775515914419,2,nim,https://integrate.api.nvidia.com/v1,2026-03-26,p1939995863,2,47954787,,winner,qwen/qwen3.5-397b-a17b;mistralai/mistral-small-4-119b-2603;minimaxai/minimax-m2.5;z-ai/glm5,player_1,mistralai/mistral-small-4-119b-2603,0,9,2,0.2222,1,0.5000,17,26,0.6538,5,0.2941,,
exp2_m3_g2_1775515914419,2,nim,https://integrate.api.nvidia.com/v1,2026-03-26,p1939995863,2,47954787,,winner,qwen/qwen3.5-397b-a17b;mistralai/mistral-small-4-119b-2603;minimaxai/minimax-m2.5;z-ai/glm5,player_2,minimaxai/minimax-m2.5,0,9,2,0.2222,1,0.5000,4,17,0.2353,1,0.2500,,
exp2_m3_g2_1775515914419,2,nim,https://integrate.api.nvidia.com/v1,2026-03-26,p1939995863,2,47954787,,winner,qwen/qwen3.5-397b-a17b;mistralai/mistral-small-4-119b-2603;minimaxai/minimax-m2.5;z-ai/glm5,player_3,z-ai/glm5,1,10,3,0.3000,2,0.6667,0,10,0.0000,0,0.0000,,
exp2_m3_g3_1775518149510,2,nim,https://integrate.api.nvidia.com/v1,2026-03-26,p1939995863,2,47954788,,winner,qwen/qwen3.5-397b-a17b;mistralai/mistral-small-4-119b-2603;z-ai/glm5;minimaxai/minimax-m2.5,player_0,qwen/qwen3.5-397b-a17b,0,17,6,0.3529,2,0.3333,16,51,0.3137,6,0.3750,,
exp2_m3_g3_1775518149510,2,nim,https://integrate.api.nvidia.com/v1,2026-03-26,p1939995863,2,47954788,,winner,qwen/qwen3.5-397b-a17b;mistralai/mistral-small-4-119b-2603;z-ai/glm5;minimaxai/minimax-m2.5,player_1,mistralai/mistral-small-4-119b-2603,0,17,2,0.1176,1,0.5000,25,41,0.6098,6,0.2400,,
exp2_m3_g3_1775518149510,2,nim,https://integrate.api.nvidia.com/v1,2026-03-26,p1939995863,2,47954788,,winner,qwen/qwen3.5-397b-a17b;mistralai/mistral-small-4-119b-2603;z-ai/glm5;minimaxai/minimax-m2.5,player_2,z-ai/glm5,1,17,7,0.4118,2,0.2857,0,20,0.0000,0,0.0000,,
exp2_m3_g3_1775518149510,2,nim,https://integrate.api.nvidia.com/v1,2026-03-26,p1939995863,2,47954788,,winner,qwen/qwen3.5-397b-a17b;mistralai/mistral-small-4-119b-2603;z-ai/glm5;minimaxai/minimax-m2.5,player_3,minimaxai/minimax-m2.5,0,17,6,0.3529,2,0.3333,5,25,0.2000,2,0.4000,,
exp2_m3_g4_1775519987422,2,nim,https://integrate.api.nvidia.com/v1,2026-03-26,p1939995863,2,47954789,,winner,minimaxai/minimax-m2.5;z-ai/glm5;mistralai/mistral-small-4-119b-2603;qwen/qwen3.5-397b-a17b,player_0,minimaxai/minimax-m2.5,0,28,5,0.1786,2,0.4000,27,87,0.3103,11,0.4074,,
exp2_m3_g4_1775519987422,2,nim,https://integrate.api.nvidia.com/v1,2026-03-26,p1939995863,2,47954789,,winner,minimaxai/minimax-m2.5;z-ai/glm5;mistralai/mistral-small-4-119b-2603;qwen/qwen3.5-397b-a17b,player_1,z-ai/glm5,0,29,12,0.4138,5,0.4167,18,70,0.2571,5,0.2778,,
exp2_m3_g4_1775519987422,2,nim,https://integrate.api.nvidia.com/v1,2026-03-26,p1939995863,2,47954789,,winner,minimaxai/minimax-m2.5;z-ai/glm5;mistralai/mistral-small-4-119b-2603;qwen/qwen3.5-397b-a17b,player_2,mistralai/mistral-small-4-119b-2603,0,29,8,0.2759,6,0.7500,34,50,0.6800,6,0.1765,,
exp2_m3_g4_1775519987422,2,nim,https://integrate.api.nvidia.com/v1,2026-03-26,p1939995863,2,47954789,,winner,minimaxai/minimax-m2.5;z-ai/glm5;mistralai/mistral-small-4-119b-2603;qwen/qwen3.5-397b-a17b,player_3,qwen/qwen3.5-397b-a17b,1,29,13,0.4483,2,0.1538,2,31,0.0645,1,0.5000,,
exp2_m3_g5_1775525175462,2,nim,https://integrate.api.nvidia.com/v1,2026-03-26,p1939995863,2,47954790,,winner,z-ai/glm5;minimaxai/minimax-m2.5;qwen/qwen3.5-397b-a17b;mistralai/mistral-small-4-119b-2603,player_0,z-ai/glm5,0,40,12,0.3000,3,0.2500,43,121,0.3554,18,0.4186,,
exp2_m3_g5_1775525175462,2,nim,https://integrate.api.nvidia.com/v1,2026-03-26,p1939995863,2,47954790,,winner,z-ai/glm5;minimaxai/minimax-m2.5;qwen/qwen3.5-397b-a17b;mistralai/mistral-small-4-119b-2603,player_1,minimaxai/minimax-m2.5,0,40,10,0.2500,1,0.1000,38,89,0.4270,13,0.3421,,
exp2_m3_g5_1775525175462,2,nim,https://integrate.api.nvidia.com/v1,2026-03-26,p1939995863,2,47954790,,winner,z-ai/glm5;minimaxai/minimax-m2.5;qwen/qwen3.5-397b-a17b;mistralai/mistral-small-4-119b-2603,player_2,qwen/qwen3.5-397b-a17b,1,41,23,0.5610,1,0.0435,13,69,0.1884,3,0.2308,,
exp2_m3_g5_1775525175462,2,nim,https://integrate.api.nvidia.com/v1,2026-03-26,p1939995863,2,47954790,,winner,z-ai/glm5;minimaxai/minimax-m2.5;qwen/qwen3.5-397b-a17b;mistralai/mistral-small-4-119b-2603,player_3,mistralai/mistral-small-4-119b-2603,0,40,6,0.1500,2,0.3333,35,54,0.6481,10,0.2857,,
exp2_m3_g6_1775535086614,2,nim,https://integrate.api.nvidia.com/v1,2026-03-26,p1939995863,2,47954791,,winner,qwen/qwen3.5-397b-a17b;mistralai/mistral-small-4-119b-2603;minimaxai/minimax-m2.5;z-ai/glm5,player_0,qwen/qwen3.5-397b-a17b,1,14,3,0.2143,1,0.3333,2,39,0.0513,0,0.0000,,
exp2_m3_g6_1775535086614,2,nim,https://integrate.api.nvidia.com/v1,2026-03-26,p1939995863,2,47954791,,winner,qwen/qwen3.5-397b-a17b;mistralai/mistral-small-4-119b-2603;minimaxai/minimax-m2.5;z-ai/glm5,player_1,mistralai/mistral-small-4-119b-2603,0,13,3,0.2308,2,0.6667,22,38,0.5789,4,0.1818,,
exp2_m3_g6_1775535086614,2,nim,https://integrate.api.nvidia.com/v1,2026-03-26,p1939995863,2,47954791,,winner,qwen/qwen3.5-397b-a17b;mistralai/mistral-small-4-119b-2603;minimaxai/minimax-m2.5;z-ai/glm5,player_2,minimaxai/minimax-m2.5,0,13,4,0.3077,0,0.0000,4,23,0.1739,2,0.5000,,
exp2_m3_g6_1775535086614,2,nim,https://integrate.api.nvidia.com/v1,2026-03-26,p1939995863,2,47954791,,winner,qwen/qwen3.5-397b-a17b;mistralai/mistral-small-4-119b-2603;minimaxai/minimax-m2.5;z-ai/glm5,player_3,z-ai/glm5,0,13,3,0.2308,2,0.6667,6,22,0.2727,2,0.3333,,
exp2_m3_g7_1775543438385,2,nim,https://integrate.api.nvidia.com/v1,2026-03-26,p1939995863,2,47954792,,winner,mistralai/mistral-small-4-119b-2603;z-ai/glm5;minimaxai/minimax-m2.5;qwen/qwen3.5-397b-a17b,player_0,mistralai/mistral-small-4-119b-2603,0,24,1,0.0417,1,1.0000,50,73,0.6849,20,0.4000,,
exp2_m3_g7_1775543438385,2,nim,https://integrate.api.nvidia.com/v1,2026-03-26,p1939995863,2,47954792,,winner,mistralai/mistral-small-4-119b-2603;z-ai/glm5;minimaxai/minimax-m2.5;qwen/qwen3.5-397b-a17b,player_1,z-ai/glm5,0,24,9,0.3750,1,0.1111,7,38,0.1842,1,0.1429,,
exp2_m3_g7_1775543438385,2,nim,https://integrate.api.nvidia.com/v1,2026-03-26,p1939995863,2,47954792,,winner,mistralai/mistral-small-4-119b-2603;z-ai/glm5;minimaxai/minimax-m2.5;qwen/qwen3.5-397b-a17b,player_2,minimaxai/minimax-m2.5,0,24,6,0.2500,1,0.1667,12,35,0.3429,1,0.0833,,
exp2_m3_g7_1775543438385,2,nim,https://integrate.api.nvidia.com/v1,2026-03-26,p1939995863,2,47954792,,winner,mistralai/mistral-small-4-119b-2603;z-ai/glm5;minimaxai/minimax-m2.5;qwen/qwen3.5-397b-a17b,player_3,qwen/qwen3.5-397b-a17b,1,25,12,0.4800,2,0.1667,3,24,0.1250,1,0.3333,,
exp2_m3_g8_1775549466871,2,nim,https://integrate.api.nvidia.com/v1,2026-03-26,p1939995863,2,47954793,,winner,mistralai/mistral-small-4-119b-2603;minimaxai/minimax-m2.5;qwen/qwen3.5-397b-a17b;z-ai/glm5,player_0,mistralai/mistral-small-4-119b-2603,0,12,3,0.2500,1,0.3333,21,35,0.6000,7,0.3333,,
exp2_m3_g8_1775549466871,2,nim,https://integrate.api.nvidia.com/v1,2026-03-26,p1939995863,2,47954793,,winner,mistralai/mistral-small-4-119b-2603;minimaxai/minimax-m2.5;qwen/qwen3.5-397b-a17b;z-ai/glm5,player_1,minimaxai/minimax-m2.5,0,12,2,0.1667,0,0.0000,7,22,0.3182,1,0.1429,,
exp2_m3_g8_1775549466871,2,nim,https://integrate.api.nvidia.com/v1,2026-03-26,p1939995863,2,47954793,,winner,mistralai/mistral-small-4-119b-2603;minimaxai/minimax-m2.5;qwen/qwen3.5-397b-a17b;z-ai/glm5,player_2,qwen/qwen3.5-397b-a17b,1,12,5,0.4167,2,0.4000,1,15,0.0667,1,1.0000,,
exp2_m3_g8_1775549466871,2,nim,https://integrate.api.nvidia.com/v1,2026-03-26,p1939995863,2,47954793,,winner,mistralai/mistral-small-4-119b-2603;minimaxai/minimax-m2.5;qwen/qwen3.5-397b-a17b;z-ai/glm5,player_3,z-ai/glm5,0,11,3,0.2727,1,0.3333,2,14,0.1429,0,0.0000,,
exp2_m3_g9_1775551557451,2,nim,https://integrate.api.nvidia.com/v1,2026-03-26,p1939995863,2,47954794,,winner,mistralai/mistral-small-4-119b-2603;qwen/qwen3.5-397b-a17b;minimaxai/minimax-m2.5;z-ai/glm5,player_0,mistralai/mistral-small-4-119b-2603,0,25,4,0.1600,4,1.0000,40,76,0.5263,14,0.3500,,
exp2_m3_g9_1775551557451,2,nim,https://integrate.api.nvidia.com/v1,2026-03-26,p1939995863,2,47954794,,winner,mistralai/mistral-small-4-119b-2603;qwen/qwen3.5-397b-a17b;minimaxai/minimax-m2.5;z-ai/glm5,player_1,qwen/qwen3.5-397b-a17b,0,25,11,0.4400,6,0.5455,9,48,0.1875,3,0.3333,,
exp2_m3_g9_1775551557451,2,nim,https://integrate.api.nvidia.com/v1,2026-03-26,p1939995863,2,47954794,,winner,mistralai/mistral-small-4-119b-2603;qwen/qwen3.5-397b-a17b;minimaxai/minimax-m2.5;z-ai/glm5,player_2,minimaxai/minimax-m2.5,0,25,12,0.4800,4,0.3333,9,43,0.2093,5,0.5556,,
exp2_m3_g9_1775551557451,2,nim,https://integrate.api.nvidia.com/v1,2026-03-26,p1939995863,2,47954794,,winner,mistralai/mistral-small-4-119b-2603;qwen/qwen3.5-397b-a17b;minimaxai/minimax-m2.5;z-ai/glm5,player_3,z-ai/glm5,1,26,10,0.3846,1,0.1000,1,35,0.0286,0,0.0000,,
exp2_m4_g0_1775558593372,2,nim,https://integrate.api.nvidia.com/v1,2026-03-26,p1939995863,2,47955746,,winner,qwen/qwen3.5-397b-a17b;mistralai/mistral-small-4-119b-2603;minimaxai/minimax-m2.5;moonshotai/kimi-k2.5,player_0,qwen/qwen3.5-397b-a17b,0,16,8,0.5000,1,0.1250,18,49,0.3673,9,0.5000,,
exp2_m4_g0_1775558593372,2,nim,https://integrate.api.nvidia.com/v1,2026-03-26,p1939995863,2,47955746,,winner,qwen/qwen3.5-397b-a17b;mistralai/mistral-small-4-119b-2603;minimaxai/minimax-m2.5;moonshotai/kimi-k2.5,player_1,mistralai/mistral-small-4-119b-2603,0,16,3,0.1875,0,0.0000,25,35,0.7143,9,0.3600,,
exp2_m4_g0_1775558593372,2,nim,https://integrate.api.nvidia.com/v1,2026-03-26,p1939995863,2,47955746,,winner,qwen/qwen3.5-397b-a17b;mistralai/mistral-small-4-119b-2603;minimaxai/minimax-m2.5;moonshotai/kimi-k2.5,player_2,minimaxai/minimax-m2.5,1,17,4,0.2353,1,0.2500,8,18,0.4444,4,0.5000,,
exp2_m4_g0_1775558593372,2,nim,https://integrate.api.nvidia.com/v1,2026-03-26,p1939995863,2,47955746,,winner,qwen/qwen3.5-397b-a17b;mistralai/mistral-small-4-119b-2603;minimaxai/minimax-m2.5;moonshotai/kimi-k2.5,player_3,moonshotai/kimi-k2.5,0,16,10,0.6250,1,0.1000,0,13,0.0000,0,0.0000,,
exp2_m4_g1_1775569324016,2,nim,https://integrate.api.nvidia.com/v1,2026-03-26,p1939995863,2,47955747,,winner,mistralai/mistral-small-4-119b-2603;minimaxai/minimax-m2.5;moonshotai/kimi-k2.5;qwen/qwen3.5-397b-a17b,player_0,mistralai/mistral-small-4-119b-2603,0,63,4,0.0635,3,0.7500,171,188,0.9096,112,0.6550,,
exp2_m4_g1_1775569324016,2,nim,https://integrate.api.nvidia.com/v1,2026-03-26,p1939995863,2,47955747,,winner,mistralai/mistral-small-4-119b-2603;minimaxai/minimax-m2.5;moonshotai/kimi-k2.5;qwen/qwen3.5-397b-a17b,player_1,minimaxai/minimax-m2.5,0,63,28,0.4444,2,0.0714,34,73,0.4658,6,0.1765,,
exp2_m4_g1_1775569324016,2,nim,https://integrate.api.nvidia.com/v1,2026-03-26,p1939995863,2,47955747,,winner,mistralai/mistral-small-4-119b-2603;minimaxai/minimax-m2.5;moonshotai/kimi-k2.5;qwen/qwen3.5-397b-a17b,player_2,moonshotai/kimi-k2.5,1,63,48,0.7619,0,0.0000,0,45,0.0000,0,0.0000,,
exp2_m4_g1_1775569324016,2,nim,https://integrate.api.nvidia.com/v1,2026-03-26,p1939995863,2,47955747,,winner,mistralai/mistral-small-4-119b-2603;minimaxai/minimax-m2.5;moonshotai/kimi-k2.5;qwen/qwen3.5-397b-a17b,player_3,qwen/qwen3.5-397b-a17b,0,62,44,0.7097,1,0.0227,12,42,0.2857,0,0.0000,,
exp2_m4_g2_1775590832287,2,nim,https://integrate.api.nvidia.com/v1,2026-03-26,p1939995863,2,47955748,,winner,qwen/qwen3.5-397b-a17b;mistralai/mistral-small-4-119b-2603;minimaxai/minimax-m2.5;moonshotai/kimi-k2.5,player_0,qwen/qwen3.5-397b-a17b,0,33,12,0.3636,3,0.2500,43,100,0.4300,23,0.5349,,
exp2_m4_g2_1775590832287,2,nim,https://integrate.api.nvidia.com/v1,2026-03-26,p1939995863,2,47955748,,winner,qwen/qwen3.5-397b-a17b;mistralai/mistral-small-4-119b-2603;minimaxai/minimax-m2.5;moonshotai/kimi-k2.5,player_1,mistralai/mistral-small-4-119b-2603,0,33,0,0.0000,0,0.0000,49,67,0.7313,16,0.3265,,
exp2_m4_g2_1775590832287,2,nim,https://integrate.api.nvidia.com/v1,2026-03-26,p1939995863,2,47955748,,winner,qwen/qwen3.5-397b-a17b;mistralai/mistral-small-4-119b-2603;minimaxai/minimax-m2.5;moonshotai/kimi-k2.5,player_2,minimaxai/minimax-m2.5,0,33,13,0.3939,1,0.0769,7,35,0.2000,2,0.2857,,
exp2_m4_g2_1775590832287,2,nim,https://integrate.api.nvidia.com/v1,2026-03-26,p1939995863,2,47955748,,winner,qwen/qwen3.5-397b-a17b;mistralai/mistral-small-4-119b-2603;minimaxai/minimax-m2.5;moonshotai/kimi-k2.5,player_3,moonshotai/kimi-k2.5,1,34,22,0.6471,2,0.0909,0,30,0.0000,0,0.0000,,
exp2_m4_g3_1775604522500,2,nim,https://integrate.api.nvidia.com/v1,2026-03-26,p1939995863,2,47955749,,winner,minimaxai/minimax-m2.5;moonshotai/kimi-k2.5;mistralai/mistral-small-4-119b-2603;qwen/qwen3.5-397b-a17b,player_0,minimaxai/minimax-m2.5,0,18,3,0.1667,0,0.0000,19,55,0.3455,8,0.4211,,
exp2_m4_g3_1775604522500,2,nim,https://integrate.api.nvidia.com/v1,2026-03-26,p1939995863,2,47955749,,winner,minimaxai/minimax-m2.5;moonshotai/kimi-k2.5;mistralai/mistral-small-4-119b-2603;qwen/qwen3.5-397b-a17b,player_1,moonshotai/kimi-k2.5,1,19,8,0.4211,3,0.3750,0,41,0.0000,0,0.0000,,
exp2_m4_g3_1775604522500,2,nim,https://integrate.api.nvidia.com/v1,2026-03-26,p1939995863,2,47955749,,winner,minimaxai/minimax-m2.5;moonshotai/kimi-k2.5;mistralai/mistral-small-4-119b-2603;qwen/qwen3.5-397b-a17b,player_2,mistralai/mistral-small-4-119b-2603,0,18,0,0.0000,0,0.0000,23,42,0.5476,5,0.2174,,
exp2_m4_g3_1775604522500,2,nim,https://integrate.api.nvidia.com/v1,2026-03-26,p1939995863,2,47955749,,winner,minimaxai/minimax-m2.5;moonshotai/kimi-k2.5;mistralai/mistral-small-4-119b-2603;qwen/qwen3.5-397b-a17b,player_3,qwen/qwen3.5-397b-a17b,0,18,6,0.3333,1,0.1667,1,28,0.0357,0,0.0000,,
exp2_m4_g4_1775611360633,2,nim,https://integrate.api.nvidia.com/v1,2026-03-26,p1939995863,2,47955750,,winner,mistralai/mistral-small-4-119b-2603;minimaxai/minimax-m2.5;qwen/qwen3.5-397b-a17b;moonshotai/kimi-k2.5,player_0,mistralai/mistral-small-4-119b-2603,0,12,2,0.1667,1,0.5000,30,38,0.7895,11,0.3667,,
exp2_m4_g4_1775611360633,2,nim,https://integrate.api.nvidia.com/v1,2026-03-26,p1939995863,2,47955750,,winner,mistralai/mistral-small-4-119b-2603;minimaxai/minimax-m2.5;qwen/qwen3.5-397b-a17b;moonshotai/kimi-k2.5,player_1,minimaxai/minimax-m2.5,0,12,1,0.0833,0,0.0000,6,18,0.3333,1,0.1667,,
exp2_m4_g4_1775611360633,2,nim,https://integrate.api.nvidia.com/v1,2026-03-26,p1939995863,2,47955750,,winner,mistralai/mistral-small-4-119b-2603;minimaxai/minimax-m2.5;qwen/qwen3.5-397b-a17b;moonshotai/kimi-k2.5,player_2,qwen/qwen3.5-397b-a17b,0,13,6,0.4615,1,0.1667,1,11,0.0909,1,1.0000,,
exp2_m4_g4_1775611360633,2,nim,https://integrate.api.nvidia.com/v1,2026-03-26,p1939995863,2,47955750,,winner,mistralai/mistral-small-4-119b-2603;minimaxai/minimax-m2.5;qwen/qwen3.5-397b-a17b;moonshotai/kimi-k2.5,player_3,moonshotai/kimi-k2.5,1,13,6,0.4615,0,0.0000,0,11,0.0000,0,0.0000,,
exp2_m4_g5_1775613621332,2,nim,https://integrate.api.nvidia.com/v1,2026-03-26,p1939995863,2,47955751,,winner,moonshotai/kimi-k2.5;mistralai/mistral-small-4-119b-2603;minimaxai/minimax-m2.5;qwen/qwen3.5-397b-a17b,player_0,moonshotai/kimi-k2.5,1,15,9,0.6000,3,0.3333,1,45,0.0222,0,0.0000,,
exp2_m4_g5_1775613621332,2,nim,https://integrate.api.nvidia.com/v1,2026-03-26,p1939995863,2,47955751,,winner,moonshotai/kimi-k2.5;mistralai/mistral-small-4-119b-2603;minimaxai/minimax-m2.5;qwen/qwen3.5-397b-a17b,player_1,mistralai/mistral-small-4-119b-2603,0,15,0,0.0000,0,0.0000,29,45,0.6444,11,0.3793,,
exp2_m4_g5_1775613621332,2,nim,https://integrate.api.nvidia.com/v1,2026-03-26,p1939995863,2,47955751,,winner,moonshotai/kimi-k2.5;mistralai/mistral-small-4-119b-2603;minimaxai/minimax-m2.5;qwen/qwen3.5-397b-a17b,player_2,minimaxai/minimax-m2.5,0,15,5,0.3333,2,0.4000,8,25,0.3200,2,0.2500,,
exp2_m4_g5_1775613621332,2,nim,https://integrate.api.nvidia.com/v1,2026-03-26,p1939995863,2,47955751,,winner,moonshotai/kimi-k2.5;mistralai/mistral-small-4-119b-2603;minimaxai/minimax-m2.5;qwen/qwen3.5-397b-a17b,player_3,qwen/qwen3.5-397b-a17b,0,15,4,0.2667,0,0.0000,2,17,0.1176,0,0.0000,,
exp2_m4_g6_1775618819728,2,nim,https://integrate.api.nvidia.com/v1,2026-03-26,p1939995863,2,47955752,,winner,minimaxai/minimax-m2.5;mistralai/mistral-small-4-119b-2603;qwen/qwen3.5-397b-a17b;moonshotai/kimi-k2.5,player_0,minimaxai/minimax-m2.5,0,31,15,0.4839,3,0.2000,49,93,0.5269,28,0.5714,,
exp2_m4_g6_1775618819728,2,nim,https://integrate.api.nvidia.com/v1,2026-03-26,p1939995863,2,47955752,,winner,minimaxai/minimax-m2.5;mistralai/mistral-small-4-119b-2603;qwen/qwen3.5-397b-a17b;moonshotai/kimi-k2.5,player_1,mistralai/mistral-small-4-119b-2603,0,31,4,0.1290,1,0.2500,45,59,0.7627,19,0.4222,,
exp2_m4_g6_1775618819728,2,nim,https://integrate.api.nvidia.com/v1,2026-03-26,p1939995863,2,47955752,,winner,minimaxai/minimax-m2.5;mistralai/mistral-small-4-119b-2603;qwen/qwen3.5-397b-a17b;moonshotai/kimi-k2.5,player_2,qwen/qwen3.5-397b-a17b,0,31,14,0.4516,2,0.1429,3,25,0.1200,1,0.3333,,
exp2_m4_g6_1775618819728,2,nim,https://integrate.api.nvidia.com/v1,2026-03-26,p1939995863,2,47955752,,winner,minimaxai/minimax-m2.5;mistralai/mistral-small-4-119b-2603;qwen/qwen3.5-397b-a17b;moonshotai/kimi-k2.5,player_3,moonshotai/kimi-k2.5,1,31,22,0.7097,1,0.0455,0,25,0.0000,0,0.0000,,
exp2_m4_g7_1775624827605,2,nim,https://integrate.api.nvidia.com/v1,2026-03-26,p1939995863,2,47955753,,winner,moonshotai/kimi-k2.5;qwen/qwen3.5-397b-a17b;minimaxai/minimax-m2.5;mistralai/mistral-small-4-119b-2603,player_0,moonshotai/kimi-k2.5,0,8,2,0.2500,0,0.0000,2,25,0.0800,2,1.0000,,
exp2_m4_g7_1775624827605,2,nim,https://integrate.api.nvidia.com/v1,2026-03-26,p1939995863,2,47955753,,winner,moonshotai/kimi-k2.5;qwen/qwen3.5-397b-a17b;minimaxai/minimax-m2.5;mistralai/mistral-small-4-119b-2603,player_1,qwen/qwen3.5-397b-a17b,1,9,4,0.4444,4,1.0000,0,22,0.0000,0,0.0000,,
exp2_m4_g7_1775624827605,2,nim,https://integrate.api.nvidia.com/v1,2026-03-26,p1939995863,2,47955753,,winner,moonshotai/kimi-k2.5;qwen/qwen3.5-397b-a17b;minimaxai/minimax-m2.5;mistralai/mistral-small-4-119b-2603,player_2,minimaxai/minimax-m2.5,0,8,3,0.3750,0,0.0000,6,24,0.2500,2,0.3333,,
exp2_m4_g7_1775624827605,2,nim,https://integrate.api.nvidia.com/v1,2026-03-26,p1939995863,2,47955753,,winner,moonshotai/kimi-k2.5;qwen/qwen3.5-397b-a17b;minimaxai/minimax-m2.5;mistralai/mistral-small-4-119b-2603,player_3,mistralai/mistral-small-4-119b-2603,0,8,1,0.1250,0,0.0000,12,19,0.6316,2,0.1667,,
exp2_m4_g8_1775627194995,2,nim,https://integrate.api.nvidia.com/v1,2026-03-26,p1939995863,2,47955754,,winner,mistralai/mistral-small-4-119b-2603;minimaxai/minimax-m2.5;moonshotai/kimi-k2.5;qwen/qwen3.5-397b-a17b,player_0,mistralai/mistral-small-4-119b-2603,0,18,3,0.1667,1,0.3333,41,55,0.7455,21,0.5122,,
exp2_m4_g8_1775627194995,2,nim,https://integrate.api.nvidia.com/v1,2026-03-26,p1939995863,2,47955754,,winner,mistralai/mistral-small-4-119b-2603;minimaxai/minimax-m2.5;moonshotai/kimi-k2.5;qwen/qwen3.5-397b-a17b,player_1,minimaxai/minimax-m2.5,0,18,7,0.3889,2,0.2857,11,26,0.4231,4,0.3636,,
exp2_m4_g8_1775627194995,2,nim,https://integrate.api.nvidia.com/v1,2026-03-26,p1939995863,2,47955754,,winner,mistralai/mistral-small-4-119b-2603;minimaxai/minimax-m2.5;moonshotai/kimi-k2.5;qwen/qwen3.5-397b-a17b,player_2,moonshotai/kimi-k2.5,1,19,9,0.4737,1,0.1111,0,18,0.0000,0,0.0000,,
exp2_m4_g8_1775627194995,2,nim,https://integrate.api.nvidia.com/v1,2026-03-26,p1939995863,2,47955754,,winner,mistralai/mistral-small-4-119b-2603;minimaxai/minimax-m2.5;moonshotai/kimi-k2.5;qwen/qwen3.5-397b-a17b,player_3,qwen/qwen3.5-397b-a17b,0,18,11,0.6111,1,0.0909,2,19,0.1053,0,0.0000,,
exp2_m4_g9_1775639147280,2,nim,https://integrate.api.nvidia.com/v1,2026-03-26,p1939995863,2,47955755,,winner,qwen/qwen3.5-397b-a17b;minimaxai/minimax-m2.5;mistralai/mistral-small-4-119b-2603;moonshotai/kimi-k2.5,player_0,qwen/qwen3.5-397b-a17b,0,14,5,0.3571,3,0.6000,10,42,0.2381,4,0.4000,,
exp2_m4_g9_1775639147280,2,nim,https://integrate.api.nvidia.com/v1,2026-03-26,p1939995863,2,47955755,,winner,qwen/qwen3.5-397b-a17b;minimaxai/minimax-m2.5;mistralai/mistral-small-4-119b-2603;moonshotai/kimi-k2.5,player_1,minimaxai/minimax-m2.5,0,14,6,0.4286,3,0.5000,7,37,0.1892,4,0.5714,,
exp2_m4_g9_1775639147280,2,nim,https://integrate.api.nvidia.com/v1,2026-03-26,p1939995863,2,47955755,,winner,qwen/qwen3.5-397b-a17b;minimaxai/minimax-m2.5;mistralai/mistral-small-4-119b-2603;moonshotai/kimi-k2.5,player_2,mistralai/mistral-small-4-119b-2603,0,14,1,0.0714,0,0.0000,12,28,0.4286,2,0.1667,,
exp2_m4_g9_1775639147280,2,nim,https://integrate.api.nvidia.com/v1,2026-03-26,p1939995863,2,47955755,,winner,qwen/qwen3.5-397b-a17b;minimaxai/minimax-m2.5;mistralai/mistral-small-4-119b-2603;moonshotai/kimi-k2.5,player_3,moonshotai/kimi-k2.5,1,14,4,0.2857,0,0.0000,0,24,0.0000,0,0.0000,,
exp2_m5_g0_1775059151786,2,nim,https://integrate.api.nvidia.com/v1,2026-03-26,p1939995863,2,47956707,,winner,qwen/qwen3.5-397b-a17b;moonshotai/kimi-k2.5;minimaxai/minimax-m2.5;z-ai/glm5,player_0,qwen/qwen3.5-397b-a17b,0,42,16,0.3810,4,0.2500,41,127,0.3228,17,0.4146,,
exp2_m5_g0_1775059151786,2,nim,https://integrate.api.nvidia.com/v1,2026-03-26,p1939995863,2,47956707,,winner,qwen/qwen3.5-397b-a17b;moonshotai/kimi-k2.5;minimaxai/minimax-m2.5;z-ai/glm5,player_1,moonshotai/kimi-k2.5,0,42,21,0.5000,1,0.0476,11,98,0.1122,9,0.8182,,
exp2_m5_g0_1775059151786,2,nim,https://integrate.api.nvidia.com/v1,2026-03-26,p1939995863,2,47956707,,winner,qwen/qwen3.5-397b-a17b;moonshotai/kimi-k2.5;minimaxai/minimax-m2.5;z-ai/glm5,player_2,minimaxai/minimax-m2.5,0,42,13,0.3095,1,0.0769,41,91,0.4505,20,0.4878,,
exp2_m5_g0_1775059151786,2,nim,https://integrate.api.nvidia.com/v1,2026-03-26,p1939995863,2,47956707,,winner,qwen/qwen3.5-397b-a17b;moonshotai/kimi-k2.5;minimaxai/minimax-m2.5;z-ai/glm5,player_3,z-ai/glm5,1,43,12,0.2791,2,0.1667,22,59,0.3729,8,0.3636,,
exp2_m5_g1_1775091498322,2,nim,https://integrate.api.nvidia.com/v1,2026-03-26,p1939995863,2,47956708,,winner,z-ai/glm5;moonshotai/kimi-k2.5;qwen/qwen3.5-397b-a17b;minimaxai/minimax-m2.5,player_0,z-ai/glm5,0,21,2,0.0952,2,1.0000,26,62,0.4194,15,0.5769,,
exp2_m5_g1_1775091498322,2,nim,https://integrate.api.nvidia.com/v1,2026-03-26,p1939995863,2,47956708,,winner,z-ai/glm5;moonshotai/kimi-k2.5;qwen/qwen3.5-397b-a17b;minimaxai/minimax-m2.5,player_1,moonshotai/kimi-k2.5,1,21,9,0.4286,3,0.3333,0,47,0.0000,0,0.0000,,
exp2_m5_g1_1775091498322,2,nim,https://integrate.api.nvidia.com/v1,2026-03-26,p1939995863,2,47956708,,winner,z-ai/glm5;moonshotai/kimi-k2.5;qwen/qwen3.5-397b-a17b;minimaxai/minimax-m2.5,player_2,qwen/qwen3.5-397b-a17b,0,20,8,0.4000,3,0.3750,2,45,0.0444,0,0.0000,,
exp2_m5_g1_1775091498322,2,nim,https://integrate.api.nvidia.com/v1,2026-03-26,p1939995863,2,47956708,,winner,z-ai/glm5;moonshotai/kimi-k2.5;qwen/qwen3.5-397b-a17b;minimaxai/minimax-m2.5,player_3,minimaxai/minimax-m2.5,0,21,8,0.3810,3,0.3750,11,42,0.2619,1,0.0909,,
exp2_m5_g2_1775098469218,2,nim,https://integrate.api.nvidia.com/v1,2026-03-26,p1939995863,2,47956709,,winner,qwen/qwen3.5-397b-a17b;minimaxai/minimax-m2.5;z-ai/glm5;moonshotai/kimi-k2.5,player_0,qwen/qwen3.5-397b-a17b,0,12,2,0.1667,0,0.0000,5,36,0.1389,1,0.2000,,
exp2_m5_g2_1775098469218,2,nim,https://integrate.api.nvidia.com/v1,2026-03-26,p1939995863,2,47956709,,winner,qwen/qwen3.5-397b-a17b;minimaxai/minimax-m2.5;z-ai/glm5;moonshotai/kimi-k2.5,player_1,minimaxai/minimax-m2.5,0,12,3,0.2500,1,0.3333,10,34,0.2941,4,0.4000,,
exp2_m5_g2_1775098469218,2,nim,https://integrate.api.nvidia.com/v1,2026-03-26,p1939995863,2,47956709,,winner,qwen/qwen3.5-397b-a17b;minimaxai/minimax-m2.5;z-ai/glm5;moonshotai/kimi-k2.5,player_2,z-ai/glm5,0,12,5,0.4167,4,0.8000,4,24,0.1667,2,0.5000,,
exp2_m5_g2_1775098469218,2,nim,https://integrate.api.nvidia.com/v1,2026-03-26,p1939995863,2,47956709,,winner,qwen/qwen3.5-397b-a17b;minimaxai/minimax-m2.5;z-ai/glm5;moonshotai/kimi-k2.5,player_3,moonshotai/kimi-k2.5,1,12,3,0.2500,1,0.3333,0,25,0.0000,0,0.0000,,
exp2_m5_g3_1775150395213,2,nim,https://integrate.api.nvidia.com/v1,2026-03-26,p1939995863,2,47956710,,winner,z-ai/glm5;qwen/qwen3.5-397b-a17b;minimaxai/minimax-m2.5;moonshotai/kimi-k2.5,player_0,z-ai/glm5,0,12,5,0.4167,3,0.6000,11,37,0.2973,3,0.2727,,
exp2_m5_g3_1775150395213,2,nim,https://integrate.api.nvidia.com/v1,2026-03-26,p1939995863,2,47956710,,winner,z-ai/glm5;qwen/qwen3.5-397b-a17b;minimaxai/minimax-m2.5;moonshotai/kimi-k2.5,player_1,qwen/qwen3.5-397b-a17b,0,12,7,0.5833,4,0.5714,1,28,0.0357,0,0.0000,,
exp2_m5_g3_1775150395213,2,nim,https://integrate.api.nvidia.com/v1,2026-03-26,p1939995863,2,47956710,,winner,z-ai/glm5;qwen/qwen3.5-397b-a17b;minimaxai/minimax-m2.5;moonshotai/kimi-k2.5,player_2,minimaxai/minimax-m2.5,0,12,2,0.1667,1,0.5000,6,30,0.2000,4,0.6667,,
exp2_m5_g3_1775150395213,2,nim,https://integrate.api.nvidia.com/v1,2026-03-26,p1939995863,2,47956710,,winner,z-ai/glm5;qwen/qwen3.5-397b-a17b;minimaxai/minimax-m2.5;moonshotai/kimi-k2.5,player_3,moonshotai/kimi-k2.5,1,13,5,0.3846,3,0.6000,1,24,0.0417,1,1.0000,,
exp2_m5_g4_1775156907281,2,nim,https://integrate.api.nvidia.com/v1,2026-03-26,p1939995863,2,47956711,,winner,minimaxai/minimax-m2.5;z-ai/glm5;moonshotai/kimi-k2.5;qwen/qwen3.5-397b-a17b,player_0,minimaxai/minimax-m2.5,0,14,2,0.1429,0,0.0000,22,45,0.4889,10,0.4545,,
exp2_m5_g4_1775156907281,2,nim,https://integrate.api.nvidia.com/v1,2026-03-26,p1939995863,2,47956711,,winner,minimaxai/minimax-m2.5;z-ai/glm5;moonshotai/kimi-k2.5;qwen/qwen3.5-397b-a17b,player_1,z-ai/glm5,0,15,1,0.0667,0,0.0000,13,31,0.4194,4,0.3077,,
exp2_m5_g4_1775156907281,2,nim,https://integrate.api.nvidia.com/v1,2026-03-26,p1939995863,2,47956711,,winner,minimaxai/minimax-m2.5;z-ai/glm5;moonshotai/kimi-k2.5;qwen/qwen3.5-397b-a17b,player_2,moonshotai/kimi-k2.5,0,15,7,0.4667,0,0.0000,0,19,0.0000,0,0.0000,,
exp2_m5_g4_1775156907281,2,nim,https://integrate.api.nvidia.com/v1,2026-03-26,p1939995863,2,47956711,,winner,minimaxai/minimax-m2.5;z-ai/glm5;moonshotai/kimi-k2.5;qwen/qwen3.5-397b-a17b,player_3,qwen/qwen3.5-397b-a17b,1,15,6,0.4000,2,0.3333,2,19,0.1053,0,0.0000,,
exp2_m5_g5_1775162885850,2,nim,https://integrate.api.nvidia.com/v1,2026-03-26,p1939995863,2,47956712,,winner,qwen/qwen3.5-397b-a17b;moonshotai/kimi-k2.5;minimaxai/minimax-m2.5;z-ai/glm5,player_0,qwen/qwen3.5-397b-a17b,0,14,5,0.3571,2,0.4000,6,40,0.1500,2,0.3333,,
exp2_m5_g5_1775162885850,2,nim,https://integrate.api.nvidia.com/v1,2026-03-26,p1939995863,2,47956712,,winner,qwen/qwen3.5-397b-a17b;moonshotai/kimi-k2.5;minimaxai/minimax-m2.5;z-ai/glm5,player_1,moonshotai/kimi-k2.5,1,14,4,0.2857,3,0.7500,2,38,0.0526,2,1.0000,,
exp2_m5_g5_1775162885850,2,nim,https://integrate.api.nvidia.com/v1,2026-03-26,p1939995863,2,47956712,,winner,qwen/qwen3.5-397b-a17b;moonshotai/kimi-k2.5;minimaxai/minimax-m2.5;z-ai/glm5,player_2,minimaxai/minimax-m2.5,0,13,3,0.2308,1,0.3333,12,34,0.3529,3,0.2500,,
exp2_m5_g5_1775162885850,2,nim,https://integrate.api.nvidia.com/v1,2026-03-26,p1939995863,2,47956712,,winner,qwen/qwen3.5-397b-a17b;moonshotai/kimi-k2.5;minimaxai/minimax-m2.5;z-ai/glm5,player_3,z-ai/glm5,0,13,4,0.3077,1,0.2500,7,28,0.2500,2,0.2857,,
exp2_m5_g6_1775170705893,2,nim,https://integrate.api.nvidia.com/v1,2026-03-26,p1939995863,2,47956713,,winner,z-ai/glm5;qwen/qwen3.5-397b-a17b;moonshotai/kimi-k2.5;minimaxai/minimax-m2.5,player_0,z-ai/glm5,0,27,5,0.1852,2,0.4000,35,83,0.4217,18,0.5143,,
exp2_m5_g6_1775170705893,2,nim,https://integrate.api.nvidia.com/v1,2026-03-26,p1939995863,2,47956713,,winner,z-ai/glm5;qwen/qwen3.5-397b-a17b;moonshotai/kimi-k2.5;minimaxai/minimax-m2.5,player_1,qwen/qwen3.5-397b-a17b,0,28,10,0.3571,0,0.0000,10,57,0.1754,2,0.2000,,
exp2_m5_g6_1775170705893,2,nim,https://integrate.api.nvidia.com/v1,2026-03-26,p1939995863,2,47956713,,winner,z-ai/glm5;qwen/qwen3.5-397b-a17b;moonshotai/kimi-k2.5;minimaxai/minimax-m2.5,player_2,moonshotai/kimi-k2.5,1,28,14,0.5000,1,0.0714,2,53,0.0377,1,0.5000,,
exp2_m5_g6_1775170705893,2,nim,https://integrate.api.nvidia.com/v1,2026-03-26,p1939995863,2,47956713,,winner,z-ai/glm5;qwen/qwen3.5-397b-a17b;moonshotai/kimi-k2.5;minimaxai/minimax-m2.5,player_3,minimaxai/minimax-m2.5,0,27,7,0.2593,2,0.2857,25,49,0.5102,10,0.4000,,
exp2_m5_g7_1775183557066,2,nim,https://integrate.api.nvidia.com/v1,2026-03-26,p1939995863,2,47956714,,winner,qwen/qwen3.5-397b-a17b;z-ai/glm5;minimaxai/minimax-m2.5;moonshotai/kimi-k2.5,player_0,qwen/qwen3.5-397b-a17b,0,65,27,0.4154,4,0.1481,81,198,0.4091,50,0.6173,,
exp2_m5_g7_1775183557066,2,nim,https://integrate.api.nvidia.com/v1,2026-03-26,p1939995863,2,47956714,,winner,qwen/qwen3.5-397b-a17b;z-ai/glm5;minimaxai/minimax-m2.5;moonshotai/kimi-k2.5,player_1,z-ai/glm5,0,66,9,0.1364,4,0.4444,73,132,0.5530,30,0.4110,,
exp2_m5_g7_1775183557066,2,nim,https://integrate.api.nvidia.com/v1,2026-03-26,p1939995863,2,47956714,,winner,qwen/qwen3.5-397b-a17b;z-ai/glm5;minimaxai/minimax-m2.5;moonshotai/kimi-k2.5,player_2,minimaxai/minimax-m2.5,0,66,20,0.3030,0,0.0000,32,84,0.3810,5,0.1563,,
exp2_m5_g7_1775183557066,2,nim,https://integrate.api.nvidia.com/v1,2026-03-26,p1939995863,2,47956714,,winner,qwen/qwen3.5-397b-a17b;z-ai/glm5;minimaxai/minimax-m2.5;moonshotai/kimi-k2.5,player_3,moonshotai/kimi-k2.5,1,66,42,0.6364,0,0.0000,6,71,0.0845,5,0.8333,,
exp2_m5_g8_1775212896543,2,nim,https://integrate.api.nvidia.com/v1,2026-03-26,p1939995863,2,47956715,,winner,qwen/qwen3.5-397b-a17b;minimaxai/minimax-m2.5;z-ai/glm5;moonshotai/kimi-k2.5,player_0,qwen/qwen3.5-397b-a17b,0,14,9,0.6429,3,0.3333,7,45,0.1556,1,0.1429,,
exp2_m5_g8_1775212896543,2,nim,https://integrate.api.nvidia.com/v1,2026-03-26,p1939995863,2,47956715,,winner,qwen/qwen3.5-397b-a17b;minimaxai/minimax-m2.5;z-ai/glm5;moonshotai/kimi-k2.5,player_1,minimaxai/minimax-m2.5,0,15,4,0.2667,2,0.5000,11,40,0.2750,5,0.4545,,
exp2_m5_g8_1775212896543,2,nim,https://integrate.api.nvidia.com/v1,2026-03-26,p1939995863,2,47956715,,winner,qwen/qwen3.5-397b-a17b;minimaxai/minimax-m2.5;z-ai/glm5;moonshotai/kimi-k2.5,player_2,z-ai/glm5,0,15,3,0.2000,2,0.6667,10,30,0.3333,5,0.5000,,
exp2_m5_g8_1775212896543,2,nim,https://integrate.api.nvidia.com/v1,2026-03-26,p1939995863,2,47956715,,winner,qwen/qwen3.5-397b-a17b;minimaxai/minimax-m2.5;z-ai/glm5;moonshotai/kimi-k2.5,player_3,moonshotai/kimi-k2.5,1,15,5,0.3333,2,0.4000,1,25,0.0400,1,1.0000,,
exp2_m5_g9_1775222188386,2,nim,https://integrate.api.nvidia.com/v1,2026-03-26,p1939995863,2,47956716,,winner,moonshotai/kimi-k2.5;minimaxai/minimax-m2.5;z-ai/glm5;qwen/qwen3.5-397b-a17b,player_0,moonshotai/kimi-k2.5,1,36,26,0.7222,4,0.1538,2,106,0.0189,1,0.5000,,
exp2_m5_g9_1775222188386,2,nim,https://integrate.api.nvidia.com/v1,2026-03-26,p1939995863,2,47956716,,winner,moonshotai/kimi-k2.5;minimaxai/minimax-m2.5;z-ai/glm5;qwen/qwen3.5-397b-a17b,player_1,minimaxai/minimax-m2.5,0,35,3,0.0857,0,0.0000,52,106,0.4906,27,0.5192,,
exp2_m5_g9_1775222188386,2,nim,https://integrate.api.nvidia.com/v1,2026-03-26,p1939995863,2,47956716,,winner,moonshotai/kimi-k2.5;minimaxai/minimax-m2.5;z-ai/glm5;qwen/qwen3.5-397b-a17b,player_2,z-ai/glm5,0,35,9,0.2571,4,0.4444,37,68,0.5441,14,0.3784,,
exp2_m5_g9_1775222188386,2,nim,https://integrate.api.nvidia.com/v1,2026-03-26,p1939995863,2,47956716,,winner,moonshotai/kimi-k2.5;minimaxai/minimax-m2.5;z-ai/glm5;qwen/qwen3.5-397b-a17b,player_3,qwen/qwen3.5-397b-a17b,0,36,16,0.4444,2,0.1250,7,40,0.1750,2,0.2857,,
exp2_m6_g0_1775239423662,2,nim,https://integrate.api.nvidia.com/v1,2026-03-26,p1939995863,2,47957668,,winner,z-ai/glm5;nvidia/nemotron-3-super-120b-a12b;mistralai/mistral-small-4-119b-2603;qwen/qwen3.5-397b-a17b,player_0,z-ai/glm5,0,26,5,0.1923,1,0.2000,25,76,0.3289,14,0.5600,,
exp2_m6_g0_1775239423662,2,nim,https://integrate.api.nvidia.com/v1,2026-03-26,p1939995863,2,47957668,,winner,z-ai/glm5;nvidia/nemotron-3-super-120b-a12b;mistralai/mistral-small-4-119b-2603;qwen/qwen3.5-397b-a17b,player_1,nvidia/nemotron-3-super-120b-a12b,1,26,14,0.5385,1,0.0714,8,64,0.1250,3,0.3750,,
exp2_m6_g0_1775239423662,2,nim,https://integrate.api.nvidia.com/v1,2026-03-26,p1939995863,2,47957668,,winner,z-ai/glm5;nvidia/nemotron-3-super-120b-a12b;mistralai/mistral-small-4-119b-2603;qwen/qwen3.5-397b-a17b,player_2,mistralai/mistral-small-4-119b-2603,0,25,4,0.1600,2,0.5000,31,50,0.6200,10,0.3226,,
exp2_m6_g0_1775239423662,2,nim,https://integrate.api.nvidia.com/v1,2026-03-26,p1939995863,2,47957668,,winner,z-ai/glm5;nvidia/nemotron-3-super-120b-a12b;mistralai/mistral-small-4-119b-2603;qwen/qwen3.5-397b-a17b,player_3,qwen/qwen3.5-397b-a17b,0,25,10,0.4000,2,0.2000,6,30,0.2000,0,0.0000,,
exp2_m6_g1_1775249469598,2,nim,https://integrate.api.nvidia.com/v1,2026-03-26,p1939995863,2,47957669,,winner,nvidia/nemotron-3-super-120b-a12b;qwen/qwen3.5-397b-a17b;mistralai/mistral-small-4-119b-2603;z-ai/glm5,player_0,nvidia/nemotron-3-super-120b-a12b,0,46,22,0.4783,0,0.0000,35,140,0.2500,19,0.5429,,
exp2_m6_g1_1775249469598,2,nim,https://integrate.api.nvidia.com/v1,2026-03-26,p1939995863,2,47957669,,winner,nvidia/nemotron-3-super-120b-a12b;qwen/qwen3.5-397b-a17b;mistralai/mistral-small-4-119b-2603;z-ai/glm5,player_1,qwen/qwen3.5-397b-a17b,0,46,23,0.5000,2,0.0870,37,121,0.3058,16,0.4324,,
exp2_m6_g1_1775249469598,2,nim,https://integrate.api.nvidia.com/v1,2026-03-26,p1939995863,2,47957669,,winner,nvidia/nemotron-3-super-120b-a12b;qwen/qwen3.5-397b-a17b;mistralai/mistral-small-4-119b-2603;z-ai/glm5,player_2,mistralai/mistral-small-4-119b-2603,0,47,5,0.1064,2,0.4000,66,85,0.7765,27,0.4091,,
exp2_m6_g1_1775249469598,2,nim,https://integrate.api.nvidia.com/v1,2026-03-26,p1939995863,2,47957669,,winner,nvidia/nemotron-3-super-120b-a12b;qwen/qwen3.5-397b-a17b;mistralai/mistral-small-4-119b-2603;z-ai/glm5,player_3,z-ai/glm5,1,47,20,0.4255,2,0.1000,13,43,0.3023,2,0.1538,,
exp2_m6_g2_1775268739549,2,nim,https://integrate.api.nvidia.com/v1,2026-03-26,p1939995863,2,47957670,,winner,mistralai/mistral-small-4-119b-2603;nvidia/nemotron-3-super-120b-a12b;qwen/qwen3.5-397b-a17b;z-ai/glm5,player_0,mistralai/mistral-small-4-119b-2603,0,19,3,0.1579,1,0.3333,50,59,0.8475,26,0.5200,,
exp2_m6_g2_1775268739549,2,nim,https://integrate.api.nvidia.com/v1,2026-03-26,p1939995863,2,47957670,,winner,mistralai/mistral-small-4-119b-2603;nvidia/nemotron-3-super-120b-a12b;qwen/qwen3.5-397b-a17b;z-ai/glm5,player_1,nvidia/nemotron-3-super-120b-a12b,0,19,9,0.4737,0,0.0000,5,24,0.2083,1,0.2000,,
exp2_m6_g2_1775268739549,2,nim,https://integrate.api.nvidia.com/v1,2026-03-26,p1939995863,2,47957670,,winner,mistralai/mistral-small-4-119b-2603;nvidia/nemotron-3-super-120b-a12b;qwen/qwen3.5-397b-a17b;z-ai/glm5,player_2,qwen/qwen3.5-397b-a17b,0,20,9,0.4500,0,0.0000,3,21,0.1429,0,0.0000,,
exp2_m6_g2_1775268739549,2,nim,https://integrate.api.nvidia.com/v1,2026-03-26,p1939995863,2,47957670,,winner,mistralai/mistral-small-4-119b-2603;nvidia/nemotron-3-super-120b-a12b;qwen/qwen3.5-397b-a17b;z-ai/glm5,player_3,z-ai/glm5,1,20,9,0.4500,0,0.0000,3,18,0.1667,2,0.6667,,
exp2_m6_g3_1775273467299,2,nim,https://integrate.api.nvidia.com/v1,2026-03-26,p1939995863,2,47957671,,winner,qwen/qwen3.5-397b-a17b;mistralai/mistral-small-4-119b-2603;z-ai/glm5;nvidia/nemotron-3-super-120b-a12b,player_0,qwen/qwen3.5-397b-a17b,0,12,5,0.4167,0,0.0000,2,39,0.0513,1,0.5000,,
exp2_m6_g3_1775273467299,2,nim,https://integrate.api.nvidia.com/v1,2026-03-26,p1939995863,2,47957671,,winner,qwen/qwen3.5-397b-a17b;mistralai/mistral-small-4-119b-2603;z-ai/glm5;nvidia/nemotron-3-super-120b-a12b,player_1,mistralai/mistral-small-4-119b-2603,0,13,2,0.1538,1,0.5000,27,36,0.7500,9,0.3333,,
exp2_m6_g3_1775273467299,2,nim,https://integrate.api.nvidia.com/v1,2026-03-26,p1939995863,2,47957671,,winner,qwen/qwen3.5-397b-a17b;mistralai/mistral-small-4-119b-2603;z-ai/glm5;nvidia/nemotron-3-super-120b-a12b,player_2,z-ai/glm5,0,13,1,0.0769,0,0.0000,4,19,0.2105,1,0.2500,,
exp2_m6_g3_1775273467299,2,nim,https://integrate.api.nvidia.com/v1,2026-03-26,p1939995863,2,47957671,,winner,qwen/qwen3.5-397b-a17b;mistralai/mistral-small-4-119b-2603;z-ai/glm5;nvidia/nemotron-3-super-120b-a12b,player_3,nvidia/nemotron-3-super-120b-a12b,1,13,6,0.4615,2,0.3333,0,15,0.0000,0,0.0000,,
exp2_m6_g4_1775276576301,2,nim,https://integrate.api.nvidia.com/v1,2026-03-26,p1939995863,2,47957672,,winner,z-ai/glm5;nvidia/nemotron-3-super-120b-a12b;mistralai/mistral-small-4-119b-2603;qwen/qwen3.5-397b-a17b,player_0,z-ai/glm5,1,30,9,0.3000,2,0.2222,22,87,0.2529,12,0.5455,,
exp2_m6_g4_1775276576301,2,nim,https://integrate.api.nvidia.com/v1,2026-03-26,p1939995863,2,47957672,,winner,z-ai/glm5;nvidia/nemotron-3-super-120b-a12b;mistralai/mistral-small-4-119b-2603;qwen/qwen3.5-397b-a17b,player_1,nvidia/nemotron-3-super-120b-a12b,0,29,15,0.5172,3,0.2000,10,81,0.1235,3,0.3000,,
exp2_m6_g4_1775276576301,2,nim,https://integrate.api.nvidia.com/v1,2026-03-26,p1939995863,2,47957672,,winner,z-ai/glm5;nvidia/nemotron-3-super-120b-a12b;mistralai/mistral-small-4-119b-2603;qwen/qwen3.5-397b-a17b,player_2,mistralai/mistral-small-4-119b-2603,0,29,2,0.0690,1,0.5000,32,59,0.5424,12,0.3750,,
exp2_m6_g4_1775276576301,2,nim,https://integrate.api.nvidia.com/v1,2026-03-26,p1939995863,2,47957672,,winner,z-ai/glm5;nvidia/nemotron-3-super-120b-a12b;mistralai/mistral-small-4-119b-2603;qwen/qwen3.5-397b-a17b,player_3,qwen/qwen3.5-397b-a17b,0,29,11,0.3793,3,0.2727,4,45,0.0889,1,0.2500,,
exp2_m6_g5_1775288017177,2,nim,https://integrate.api.nvidia.com/v1,2026-03-26,p1939995863,2,47957673,,winner,qwen/qwen3.5-397b-a17b;z-ai/glm5;nvidia/nemotron-3-super-120b-a12b;mistralai/mistral-small-4-119b-2603,player_0,qwen/qwen3.5-397b-a17b,0,44,17,0.3864,2,0.1176,57,133,0.4286,30,0.5263,,
exp2_m6_g5_1775288017177,2,nim,https://integrate.api.nvidia.com/v1,2026-03-26,p1939995863,2,47957673,,winner,qwen/qwen3.5-397b-a17b;z-ai/glm5;nvidia/nemotron-3-super-120b-a12b;mistralai/mistral-small-4-119b-2603,player_1,z-ai/glm5,0,44,20,0.4545,3,0.1500,32,87,0.3678,15,0.4688,,
exp2_m6_g5_1775288017177,2,nim,https://integrate.api.nvidia.com/v1,2026-03-26,p1939995863,2,47957673,,winner,qwen/qwen3.5-397b-a17b;z-ai/glm5;nvidia/nemotron-3-super-120b-a12b;mistralai/mistral-small-4-119b-2603,player_2,nvidia/nemotron-3-super-120b-a12b,1,45,28,0.6222,1,0.0357,10,77,0.1299,2,0.2000,,
exp2_m6_g5_1775288017177,2,nim,https://integrate.api.nvidia.com/v1,2026-03-26,p1939995863,2,47957673,,winner,qwen/qwen3.5-397b-a17b;z-ai/glm5;nvidia/nemotron-3-super-120b-a12b;mistralai/mistral-small-4-119b-2603,player_3,mistralai/mistral-small-4-119b-2603,0,44,7,0.1591,2,0.2857,47,61,0.7705,17,0.3617,,
exp2_m6_g6_1775315332534,2,nim,https://integrate.api.nvidia.com/v1,2026-03-26,p1939995863,2,47957674,,winner,nvidia/nemotron-3-super-120b-a12b;z-ai/glm5;mistralai/mistral-small-4-119b-2603;qwen/qwen3.5-397b-a17b,player_0,nvidia/nemotron-3-super-120b-a12b,0,25,9,0.3600,0,0.0000,11,74,0.1486,3,0.2727,,
exp2_m6_g6_1775315332534,2,nim,https://integrate.api.nvidia.com/v1,2026-03-26,p1939995863,2,47957674,,winner,nvidia/nemotron-3-super-120b-a12b;z-ai/glm5;mistralai/mistral-small-4-119b-2603;qwen/qwen3.5-397b-a17b,player_1,z-ai/glm5,1,25,9,0.3600,3,0.3333,17,66,0.2576,8,0.4706,,
exp2_m6_g6_1775315332534,2,nim,https://integrate.api.nvidia.com/v1,2026-03-26,p1939995863,2,47957674,,winner,nvidia/nemotron-3-super-120b-a12b;z-ai/glm5;mistralai/mistral-small-4-119b-2603;qwen/qwen3.5-397b-a17b,player_2,mistralai/mistral-small-4-119b-2603,0,24,1,0.0417,1,1.0000,30,53,0.5660,10,0.3333,,
exp2_m6_g6_1775315332534,2,nim,https://integrate.api.nvidia.com/v1,2026-03-26,p1939995863,2,47957674,,winner,nvidia/nemotron-3-super-120b-a12b;z-ai/glm5;mistralai/mistral-small-4-119b-2603;qwen/qwen3.5-397b-a17b,player_3,qwen/qwen3.5-397b-a17b,0,25,7,0.2800,0,0.0000,6,33,0.1818,1,0.1667,,
exp2_m6_g7_1775325007569,2,nim,https://integrate.api.nvidia.com/v1,2026-03-26,p1939995863,2,47957675,,winner,z-ai/glm5;mistralai/mistral-small-4-119b-2603;nvidia/nemotron-3-super-120b-a12b;qwen/qwen3.5-397b-a17b,player_0,z-ai/glm5,0,21,10,0.4762,5,0.5000,18,65,0.2769,8,0.4444,,
exp2_m6_g7_1775325007569,2,nim,https://integrate.api.nvidia.com/v1,2026-03-26,p1939995863,2,47957675,,winner,z-ai/glm5;mistralai/mistral-small-4-119b-2603;nvidia/nemotron-3-super-120b-a12b;qwen/qwen3.5-397b-a17b,player_1,mistralai/mistral-small-4-119b-2603,0,21,4,0.1905,3,0.7500,35,52,0.6731,12,0.3429,,
exp2_m6_g7_1775325007569,2,nim,https://integrate.api.nvidia.com/v1,2026-03-26,p1939995863,2,47957675,,winner,z-ai/glm5;mistralai/mistral-small-4-119b-2603;nvidia/nemotron-3-super-120b-a12b;qwen/qwen3.5-397b-a17b,player_2,nvidia/nemotron-3-super-120b-a12b,0,22,10,0.4545,2,0.2000,3,28,0.1071,2,0.6667,,
exp2_m6_g7_1775325007569,2,nim,https://integrate.api.nvidia.com/v1,2026-03-26,p1939995863,2,47957675,,winner,z-ai/glm5;mistralai/mistral-small-4-119b-2603;nvidia/nemotron-3-super-120b-a12b;qwen/qwen3.5-397b-a17b,player_3,qwen/qwen3.5-397b-a17b,1,22,9,0.4091,0,0.0000,3,26,0.1154,1,0.3333,,
exp2_m6_g8_1775330842775,2,nim,https://integrate.api.nvidia.com/v1,2026-03-26,p1939995863,2,47957676,,winner,nvidia/nemotron-3-super-120b-a12b;z-ai/glm5;mistralai/mistral-small-4-119b-2603;qwen/qwen3.5-397b-a17b,player_0,nvidia/nemotron-3-super-120b-a12b,0,49,29,0.5918,2,0.0690,26,145,0.1793,12,0.4615,,
exp2_m6_g8_1775330842775,2,nim,https://integrate.api.nvidia.com/v1,2026-03-26,p1939995863,2,47957676,,winner,nvidia/nemotron-3-super-120b-a12b;z-ai/glm5;mistralai/mistral-small-4-119b-2603;qwen/qwen3.5-397b-a17b,player_1,z-ai/glm5,1,49,17,0.3469,7,0.4118,45,128,0.3516,24,0.5333,,
exp2_m6_g8_1775330842775,2,nim,https://integrate.api.nvidia.com/v1,2026-03-26,p1939995863,2,47957676,,winner,nvidia/nemotron-3-super-120b-a12b;z-ai/glm5;mistralai/mistral-small-4-119b-2603;qwen/qwen3.5-397b-a17b,player_2,mistralai/mistral-small-4-119b-2603,0,48,8,0.1667,2,0.2500,58,88,0.6591,21,0.3621,,
exp2_m6_g8_1775330842775,2,nim,https://integrate.api.nvidia.com/v1,2026-03-26,p1939995863,2,47957676,,winner,nvidia/nemotron-3-super-120b-a12b;z-ai/glm5;mistralai/mistral-small-4-119b-2603;qwen/qwen3.5-397b-a17b,player_3,qwen/qwen3.5-397b-a17b,0,48,20,0.4167,2,0.1000,15,60,0.2500,4,0.2667,,
exp2_m6_g9_1775347173207,2,nim,https://integrate.api.nvidia.com/v1,2026-03-26,p1939995863,2,47957677,,winner,z-ai/glm5;nvidia/nemotron-3-super-120b-a12b;mistralai/mistral-small-4-119b-2603;qwen/qwen3.5-397b-a17b,player_0,z-ai/glm5,0,16,3,0.1875,1,0.3333,9,48,0.1875,4,0.4444,,
exp2_m6_g9_1775347173207,2,nim,https://integrate.api.nvidia.com/v1,2026-03-26,p1939995863,2,47957677,,winner,z-ai/glm5;nvidia/nemotron-3-super-120b-a12b;mistralai/mistral-small-4-119b-2603;qwen/qwen3.5-397b-a17b,player_1,nvidia/nemotron-3-super-120b-a12b,1,16,6,0.3750,2,0.3333,9,44,0.2045,4,0.4444,,
exp2_m6_g9_1775347173207,2,nim,https://integrate.api.nvidia.com/v1,2026-03-26,p1939995863,2,47957677,,winner,z-ai/glm5;nvidia/nemotron-3-super-120b-a12b;mistralai/mistral-small-4-119b-2603;qwen/qwen3.5-397b-a17b,player_2,mistralai/mistral-small-4-119b-2603,0,16,4,0.2500,1,0.2500,21,34,0.6176,5,0.2381,,
exp2_m6_g9_1775347173207,2,nim,https://integrate.api.nvidia.com/v1,2026-03-26,p1939995863,2,47957677,,winner,z-ai/glm5;nvidia/nemotron-3-super-120b-a12b;mistralai/mistral-small-4-119b-2603;qwen/qwen3.5-397b-a17b,player_3,qwen/qwen3.5-397b-a17b,0,16,6,0.3750,1,0.1667,3,22,0.1364,1,0.3333,,
exp2_m7_g0_1775353002142,2,nim,https://integrate.api.nvidia.com/v1,2026-03-26,p1939995863,2,47958629,,winner,moonshotai/kimi-k2.5;mistralai/mistral-small-4-119b-2603;nvidia/nemotron-3-super-120b-a12b;qwen/qwen3.5-397b-a17b,player_0,moonshotai/kimi-k2.5,0,10,4,0.4000,1,0.2500,1,32,0.0313,1,1.0000,,
exp2_m7_g0_1775353002142,2,nim,https://integrate.api.nvidia.com/v1,2026-03-26,p1939995863,2,47958629,,winner,moonshotai/kimi-k2.5;mistralai/mistral-small-4-119b-2603;nvidia/nemotron-3-super-120b-a12b;qwen/qwen3.5-397b-a17b,player_1,mistralai/mistral-small-4-119b-2603,0,11,3,0.2727,3,1.0000,13,30,0.4333,2,0.1538,,
exp2_m7_g0_1775353002142,2,nim,https://integrate.api.nvidia.com/v1,2026-03-26,p1939995863,2,47958629,,winner,moonshotai/kimi-k2.5;mistralai/mistral-small-4-119b-2603;nvidia/nemotron-3-super-120b-a12b;qwen/qwen3.5-397b-a17b,player_2,nvidia/nemotron-3-super-120b-a12b,1,11,1,0.0909,0,0.0000,2,24,0.0833,2,1.0000,,
exp2_m7_g0_1775353002142,2,nim,https://integrate.api.nvidia.com/v1,2026-03-26,p1939995863,2,47958629,,winner,moonshotai/kimi-k2.5;mistralai/mistral-small-4-119b-2603;nvidia/nemotron-3-super-120b-a12b;qwen/qwen3.5-397b-a17b,player_3,qwen/qwen3.5-397b-a17b,0,10,6,0.6000,4,0.6667,3,20,0.1500,1,0.3333,,
exp2_m7_g1_1775358427916,2,nim,https://integrate.api.nvidia.com/v1,2026-03-26,p1939995863,2,47958630,,winner,nvidia/nemotron-3-super-120b-a12b;qwen/qwen3.5-397b-a17b;mistralai/mistral-small-4-119b-2603;moonshotai/kimi-k2.5,player_0,nvidia/nemotron-3-super-120b-a12b,0,16,6,0.3750,0,0.0000,1,48,0.0208,0,0.0000,,
exp2_m7_g1_1775358427916,2,nim,https://integrate.api.nvidia.com/v1,2026-03-26,p1939995863,2,47958630,,winner,nvidia/nemotron-3-super-120b-a12b;qwen/qwen3.5-397b-a17b;mistralai/mistral-small-4-119b-2603;moonshotai/kimi-k2.5,player_1,qwen/qwen3.5-397b-a17b,0,16,7,0.4375,3,0.4286,10,47,0.2128,3,0.3000,,
exp2_m7_g1_1775358427916,2,nim,https://integrate.api.nvidia.com/v1,2026-03-26,p1939995863,2,47958630,,winner,nvidia/nemotron-3-super-120b-a12b;qwen/qwen3.5-397b-a17b;mistralai/mistral-small-4-119b-2603;moonshotai/kimi-k2.5,player_2,mistralai/mistral-small-4-119b-2603,0,16,2,0.1250,1,0.5000,27,39,0.6923,9,0.3333,,
exp2_m7_g1_1775358427916,2,nim,https://integrate.api.nvidia.com/v1,2026-03-26,p1939995863,2,47958630,,winner,nvidia/nemotron-3-super-120b-a12b;qwen/qwen3.5-397b-a17b;mistralai/mistral-small-4-119b-2603;moonshotai/kimi-k2.5,player_3,moonshotai/kimi-k2.5,1,16,2,0.1250,0,0.0000,2,23,0.0870,1,0.5000,,
exp2_m7_g2_1775366639234,2,nim,https://integrate.api.nvidia.com/v1,2026-03-26,p1939995863,2,47958631,,winner,moonshotai/kimi-k2.5;mistralai/mistral-small-4-119b-2603;qwen/qwen3.5-397b-a17b;nvidia/nemotron-3-super-120b-a12b,player_0,moonshotai/kimi-k2.5,0,12,5,0.4167,0,0.0000,5,38,0.1316,4,0.8000,,
exp2_m7_g2_1775366639234,2,nim,https://integrate.api.nvidia.com/v1,2026-03-26,p1939995863,2,47958631,,winner,moonshotai/kimi-k2.5;mistralai/mistral-small-4-119b-2603;qwen/qwen3.5-397b-a17b;nvidia/nemotron-3-super-120b-a12b,player_1,mistralai/mistral-small-4-119b-2603,0,12,3,0.2500,1,0.3333,21,34,0.6176,7,0.3333,,
exp2_m7_g2_1775366639234,2,nim,https://integrate.api.nvidia.com/v1,2026-03-26,p1939995863,2,47958631,,winner,moonshotai/kimi-k2.5;mistralai/mistral-small-4-119b-2603;qwen/qwen3.5-397b-a17b;nvidia/nemotron-3-super-120b-a12b,player_2,qwen/qwen3.5-397b-a17b,0,13,3,0.2308,0,0.0000,4,20,0.2000,2,0.5000,,
exp2_m7_g2_1775366639234,2,nim,https://integrate.api.nvidia.com/v1,2026-03-26,p1939995863,2,47958631,,winner,moonshotai/kimi-k2.5;mistralai/mistral-small-4-119b-2603;qwen/qwen3.5-397b-a17b;nvidia/nemotron-3-super-120b-a12b,player_3,nvidia/nemotron-3-super-120b-a12b,1,13,5,0.3846,2,0.4000,1,16,0.0625,0,0.0000,,
exp2_m7_g3_1775375598619,2,nim,https://integrate.api.nvidia.com/v1,2026-03-26,p1939995863,2,47958632,,winner,nvidia/nemotron-3-super-120b-a12b;moonshotai/kimi-k2.5;qwen/qwen3.5-397b-a17b;mistralai/mistral-small-4-119b-2603,player_0,nvidia/nemotron-3-super-120b-a12b,0,14,5,0.3571,0,0.0000,11,40,0.2750,5,0.4545,,
exp2_m7_g3_1775375598619,2,nim,https://integrate.api.nvidia.com/v1,2026-03-26,p1939995863,2,47958632,,winner,nvidia/nemotron-3-super-120b-a12b;moonshotai/kimi-k2.5;qwen/qwen3.5-397b-a17b;mistralai/mistral-small-4-119b-2603,player_1,moonshotai/kimi-k2.5,1,14,6,0.4286,1,0.1667,2,31,0.0645,2,1.0000,,
exp2_m7_g3_1775375598619,2,nim,https://integrate.api.nvidia.com/v1,2026-03-26,p1939995863,2,47958632,,winner,nvidia/nemotron-3-super-120b-a12b;moonshotai/kimi-k2.5;qwen/qwen3.5-397b-a17b;mistralai/mistral-small-4-119b-2603,player_2,qwen/qwen3.5-397b-a17b,0,13,6,0.4615,1,0.1667,5,32,0.1563,3,0.6000,,
exp2_m7_g3_1775375598619,2,nim,https://integrate.api.nvidia.com/v1,2026-03-26,p1939995863,2,47958632,,winner,nvidia/nemotron-3-super-120b-a12b;moonshotai/kimi-k2.5;qwen/qwen3.5-397b-a17b;mistralai/mistral-small-4-119b-2603,player_3,mistralai/mistral-small-4-119b-2603,0,13,3,0.2308,0,0.0000,24,29,0.8276,8,0.3333,,
exp2_m7_g4_1775398622122,2,nim,https://integrate.api.nvidia.com/v1,2026-03-26,p1939995863,2,47958633,,winner,qwen/qwen3.5-397b-a17b;moonshotai/kimi-k2.5;nvidia/nemotron-3-super-120b-a12b;mistralai/mistral-small-4-119b-2603,player_0,qwen/qwen3.5-397b-a17b,0,18,5,0.2778,0,0.0000,22,55,0.4000,15,0.6818,,
exp2_m7_g4_1775398622122,2,nim,https://integrate.api.nvidia.com/v1,2026-03-26,p1939995863,2,47958633,,winner,qwen/qwen3.5-397b-a17b;moonshotai/kimi-k2.5;nvidia/nemotron-3-super-120b-a12b;mistralai/mistral-small-4-119b-2603,player_1,moonshotai/kimi-k2.5,1,19,10,0.5263,1,0.1000,1,38,0.0263,0,0.0000,,
exp2_m7_g4_1775398622122,2,nim,https://integrate.api.nvidia.com/v1,2026-03-26,p1939995863,2,47958633,,winner,qwen/qwen3.5-397b-a17b;moonshotai/kimi-k2.5;nvidia/nemotron-3-super-120b-a12b;mistralai/mistral-small-4-119b-2603,player_2,nvidia/nemotron-3-super-120b-a12b,0,18,10,0.5556,1,0.1000,10,41,0.2439,5,0.5000,,
exp2_m7_g4_1775398622122,2,nim,https://integrate.api.nvidia.com/v1,2026-03-26,p1939995863,2,47958633,,winner,qwen/qwen3.5-397b-a17b;moonshotai/kimi-k2.5;nvidia/nemotron-3-super-120b-a12b;mistralai/mistral-small-4-119b-2603,player_3,mistralai/mistral-small-4-119b-2603,0,18,3,0.1667,1,0.3333,24,31,0.7742,5,0.2083,,
exp2_m7_g5_1775414858720,2,nim,https://integrate.api.nvidia.com/v1,2026-03-26,p1939995863,2,47958634,,winner,moonshotai/kimi-k2.5;nvidia/nemotron-3-super-120b-a12b;mistralai/mistral-small-4-119b-2603;qwen/qwen3.5-397b-a17b,player_0,moonshotai/kimi-k2.5,0,19,12,0.6316,1,0.0833,9,59,0.1525,8,0.8889,,
exp2_m7_g5_1775414858720,2,nim,https://integrate.api.nvidia.com/v1,2026-03-26,p1939995863,2,47958634,,winner,moonshotai/kimi-k2.5;nvidia/nemotron-3-super-120b-a12b;mistralai/mistral-small-4-119b-2603;qwen/qwen3.5-397b-a17b,player_1,nvidia/nemotron-3-super-120b-a12b,0,19,9,0.4737,0,0.0000,21,53,0.3962,12,0.5714,,
exp2_m7_g5_1775414858720,2,nim,https://integrate.api.nvidia.com/v1,2026-03-26,p1939995863,2,47958634,,winner,moonshotai/kimi-k2.5;nvidia/nemotron-3-super-120b-a12b;mistralai/mistral-small-4-119b-2603;qwen/qwen3.5-397b-a17b,player_2,mistralai/mistral-small-4-119b-2603,0,20,5,0.2500,1,0.2000,29,34,0.8529,12,0.4138,,
exp2_m7_g5_1775414858720,2,nim,https://integrate.api.nvidia.com/v1,2026-03-26,p1939995863,2,47958634,,winner,moonshotai/kimi-k2.5;nvidia/nemotron-3-super-120b-a12b;mistralai/mistral-small-4-119b-2603;qwen/qwen3.5-397b-a17b,player_3,qwen/qwen3.5-397b-a17b,1,20,12,0.6000,2,0.1667,5,16,0.3125,2,0.4000,,
exp2_m7_g6_1775439839207,2,nim,https://integrate.api.nvidia.com/v1,2026-03-26,p1939995863,2,47958635,,winner,mistralai/mistral-small-4-119b-2603;qwen/qwen3.5-397b-a17b;moonshotai/kimi-k2.5;nvidia/nemotron-3-super-120b-a12b,player_0,mistralai/mistral-small-4-119b-2603,0,17,2,0.1176,1,0.5000,45,52,0.8654,24,0.5333,,
exp2_m7_g6_1775439839207,2,nim,https://integrate.api.nvidia.com/v1,2026-03-26,p1939995863,2,47958635,,winner,mistralai/mistral-small-4-119b-2603;qwen/qwen3.5-397b-a17b;moonshotai/kimi-k2.5;nvidia/nemotron-3-super-120b-a12b,player_1,qwen/qwen3.5-397b-a17b,1,18,7,0.3889,1,0.1429,6,21,0.2857,1,0.1667,,
exp2_m7_g6_1775439839207,2,nim,https://integrate.api.nvidia.com/v1,2026-03-26,p1939995863,2,47958635,,winner,mistralai/mistral-small-4-119b-2603;qwen/qwen3.5-397b-a17b;moonshotai/kimi-k2.5;nvidia/nemotron-3-super-120b-a12b,player_2,moonshotai/kimi-k2.5,0,17,10,0.5882,0,0.0000,0,16,0.0000,0,0.0000,,
exp2_m7_g6_1775439839207,2,nim,https://integrate.api.nvidia.com/v1,2026-03-26,p1939995863,2,47958635,,winner,mistralai/mistral-small-4-119b-2603;qwen/qwen3.5-397b-a17b;moonshotai/kimi-k2.5;nvidia/nemotron-3-super-120b-a12b,player_3,nvidia/nemotron-3-super-120b-a12b,0,17,8,0.4706,0,0.0000,2,16,0.1250,0,0.0000,,
exp2_m7_g7_1775446715635,2,nim,https://integrate.api.nvidia.com/v1,2026-03-26,p1939995863,2,47958636,,winner,nvidia/nemotron-3-super-120b-a12b;moonshotai/kimi-k2.5;mistralai/mistral-small-4-119b-2603;qwen/qwen3.5-397b-a17b,player_0,nvidia/nemotron-3-super-120b-a12b,1,15,4,0.2667,0,0.0000,3,45,0.0667,3,1.0000,,
exp2_m7_g7_1775446715635,2,nim,https://integrate.api.nvidia.com/v1,2026-03-26,p1939995863,2,47958636,,winner,nvidia/nemotron-3-super-120b-a12b;moonshotai/kimi-k2.5;mistralai/mistral-small-4-119b-2603;qwen/qwen3.5-397b-a17b,player_1,moonshotai/kimi-k2.5,0,15,10,0.6667,4,0.4000,4,44,0.0909,4,1.0000,,
exp2_m7_g7_1775446715635,2,nim,https://integrate.api.nvidia.com/v1,2026-03-26,p1939995863,2,47958636,,winner,nvidia/nemotron-3-super-120b-a12b;moonshotai/kimi-k2.5;mistralai/mistral-small-4-119b-2603;qwen/qwen3.5-397b-a17b,player_2,mistralai/mistral-small-4-119b-2603,0,15,2,0.1333,2,1.0000,22,38,0.5789,5,0.2273,,
exp2_m7_g7_1775446715635,2,nim,https://integrate.api.nvidia.com/v1,2026-03-26,p1939995863,2,47958636,,winner,nvidia/nemotron-3-super-120b-a12b;moonshotai/kimi-k2.5;mistralai/mistral-small-4-119b-2603;qwen/qwen3.5-397b-a17b,player_3,qwen/qwen3.5-397b-a17b,0,15,4,0.2667,1,0.2500,5,27,0.1852,1,0.2000,,
exp2_m7_g8_1775489603978,2,nim,https://integrate.api.nvidia.com/v1,2026-03-26,p1939995863,2,47958637,,winner,qwen/qwen3.5-397b-a17b;mistralai/mistral-small-4-119b-2603;nvidia/nemotron-3-super-120b-a12b;moonshotai/kimi-k2.5,player_0,qwen/qwen3.5-397b-a17b,0,40,21,0.5250,5,0.2381,45,120,0.3750,26,0.5778,,
exp2_m7_g8_1775489603978,2,nim,https://integrate.api.nvidia.com/v1,2026-03-26,p1939995863,2,47958637,,winner,qwen/qwen3.5-397b-a17b;mistralai/mistral-small-4-119b-2603;nvidia/nemotron-3-super-120b-a12b;moonshotai/kimi-k2.5,player_1,mistralai/mistral-small-4-119b-2603,0,40,5,0.1250,4,0.8000,63,86,0.7326,26,0.4127,,
exp2_m7_g8_1775489603978,2,nim,https://integrate.api.nvidia.com/v1,2026-03-26,p1939995863,2,47958637,,winner,qwen/qwen3.5-397b-a17b;mistralai/mistral-small-4-119b-2603;nvidia/nemotron-3-super-120b-a12b;moonshotai/kimi-k2.5,player_2,nvidia/nemotron-3-super-120b-a12b,1,40,17,0.4250,2,0.1176,4,45,0.0889,2,0.5000,,
exp2_m7_g8_1775489603978,2,nim,https://integrate.api.nvidia.com/v1,2026-03-26,p1939995863,2,47958637,,winner,qwen/qwen3.5-397b-a17b;mistralai/mistral-small-4-119b-2603;nvidia/nemotron-3-super-120b-a12b;moonshotai/kimi-k2.5,player_3,moonshotai/kimi-k2.5,0,40,26,0.6500,3,0.1154,1,42,0.0238,1,1.0000,,
exp2_m7_g9_1775510102448,2,nim,https://integrate.api.nvidia.com/v1,2026-03-26,p1939995863,2,47958638,,winner,qwen/qwen3.5-397b-a17b;nvidia/nemotron-3-super-120b-a12b;moonshotai/kimi-k2.5;mistralai/mistral-small-4-119b-2603,player_0,qwen/qwen3.5-397b-a17b,0,13,1,0.0769,0,0.0000,8,37,0.2162,4,0.5000,,
exp2_m7_g9_1775510102448,2,nim,https://integrate.api.nvidia.com/v1,2026-03-26,p1939995863,2,47958638,,winner,qwen/qwen3.5-397b-a17b;nvidia/nemotron-3-super-120b-a12b;moonshotai/kimi-k2.5;mistralai/mistral-small-4-119b-2603,player_1,nvidia/nemotron-3-super-120b-a12b,1,13,8,0.6154,2,0.2500,3,30,0.1000,2,0.6667,,
exp2_m7_g9_1775510102448,2,nim,https://integrate.api.nvidia.com/v1,2026-03-26,p1939995863,2,47958638,,winner,qwen/qwen3.5-397b-a17b;nvidia/nemotron-3-super-120b-a12b;moonshotai/kimi-k2.5;mistralai/mistral-small-4-119b-2603,player_2,moonshotai/kimi-k2.5,0,12,7,0.5833,0,0.0000,4,31,0.1290,4,1.0000,,
exp2_m7_g9_1775510102448,2,nim,https://integrate.api.nvidia.com/v1,2026-03-26,p1939995863,2,47958638,,winner,qwen/qwen3.5-397b-a17b;nvidia/nemotron-3-super-120b-a12b;moonshotai/kimi-k2.5;mistralai/mistral-small-4-119b-2603,player_3,mistralai/mistral-small-4-119b-2603,0,12,2,0.1667,2,1.0000,21,27,0.7778,4,0.1905,,
exp2_m8_g0_1775517393002,2,nim,https://integrate.api.nvidia.com/v1,2026-03-26,p1939995863,2,47959590,,winner,z-ai/glm5;nvidia/nemotron-3-super-120b-a12b;qwen/qwen3.5-397b-a17b;moonshotai/kimi-k2.5,player_0,z-ai/glm5,0,14,1,0.0714,1,1.0000,12,42,0.2857,8,0.6667,,
exp2_m8_g0_1775517393002,2,nim,https://integrate.api.nvidia.com/v1,2026-03-26,p1939995863,2,47959590,,winner,z-ai/glm5;nvidia/nemotron-3-super-120b-a12b;qwen/qwen3.5-397b-a17b;moonshotai/kimi-k2.5,player_1,nvidia/nemotron-3-super-120b-a12b,1,14,4,0.2857,2,0.5000,0,34,0.0000,0,0.0000,,
exp2_m8_g0_1775517393002,2,nim,https://integrate.api.nvidia.com/v1,2026-03-26,p1939995863,2,47959590,,winner,z-ai/glm5;nvidia/nemotron-3-super-120b-a12b;qwen/qwen3.5-397b-a17b;moonshotai/kimi-k2.5,player_2,qwen/qwen3.5-397b-a17b,0,14,5,0.3571,3,0.6000,2,32,0.0625,1,0.5000,,
exp2_m8_g0_1775517393002,2,nim,https://integrate.api.nvidia.com/v1,2026-03-26,p1939995863,2,47959590,,winner,z-ai/glm5;nvidia/nemotron-3-super-120b-a12b;qwen/qwen3.5-397b-a17b;moonshotai/kimi-k2.5,player_3,moonshotai/kimi-k2.5,0,14,6,0.4286,1,0.1667,0,35,0.0000,0,0.0000,,
exp2_m8_g1_1775524386355,2,nim,https://integrate.api.nvidia.com/v1,2026-03-26,p1939995863,2,47959591,,winner,nvidia/nemotron-3-super-120b-a12b;moonshotai/kimi-k2.5;qwen/qwen3.5-397b-a17b;z-ai/glm5,player_0,nvidia/nemotron-3-super-120b-a12b,0,17,6,0.3529,1,0.1667,6,50,0.1200,2,0.3333,,
exp2_m8_g1_1775524386355,2,nim,https://integrate.api.nvidia.com/v1,2026-03-26,p1939995863,2,47959591,,winner,nvidia/nemotron-3-super-120b-a12b;moonshotai/kimi-k2.5;qwen/qwen3.5-397b-a17b;z-ai/glm5,player_1,moonshotai/kimi-k2.5,0,17,9,0.5294,1,0.1111,5,48,0.1042,4,0.8000,,
exp2_m8_g1_1775524386355,2,nim,https://integrate.api.nvidia.com/v1,2026-03-26,p1939995863,2,47959591,,winner,nvidia/nemotron-3-super-120b-a12b;moonshotai/kimi-k2.5;qwen/qwen3.5-397b-a17b;z-ai/glm5,player_2,qwen/qwen3.5-397b-a17b,1,17,7,0.4118,3,0.4286,6,41,0.1463,4,0.6667,,
exp2_m8_g1_1775524386355,2,nim,https://integrate.api.nvidia.com/v1,2026-03-26,p1939995863,2,47959591,,winner,nvidia/nemotron-3-super-120b-a12b;moonshotai/kimi-k2.5;qwen/qwen3.5-397b-a17b;z-ai/glm5,player_3,z-ai/glm5,0,16,0,0.0000,0,0.0000,16,35,0.4571,7,0.4375,,
exp2_m8_g2_1775539598536,2,nim,https://integrate.api.nvidia.com/v1,2026-03-26,p1939995863,2,47959592,,winner,qwen/qwen3.5-397b-a17b;z-ai/glm5;moonshotai/kimi-k2.5;nvidia/nemotron-3-super-120b-a12b,player_0,qwen/qwen3.5-397b-a17b,0,15,8,0.5333,4,0.5000,10,46,0.2174,4,0.4000,,
exp2_m8_g2_1775539598536,2,nim,https://integrate.api.nvidia.com/v1,2026-03-26,p1939995863,2,47959592,,winner,qwen/qwen3.5-397b-a17b;z-ai/glm5;moonshotai/kimi-k2.5;nvidia/nemotron-3-super-120b-a12b,player_1,z-ai/glm5,0,15,3,0.2000,3,1.0000,17,39,0.4359,7,0.4118,,
exp2_m8_g2_1775539598536,2,nim,https://integrate.api.nvidia.com/v1,2026-03-26,p1939995863,2,47959592,,winner,qwen/qwen3.5-397b-a17b;z-ai/glm5;moonshotai/kimi-k2.5;nvidia/nemotron-3-super-120b-a12b,player_2,moonshotai/kimi-k2.5,1,16,5,0.3125,2,0.4000,0,29,0.0000,0,0.0000,,
exp2_m8_g2_1775539598536,2,nim,https://integrate.api.nvidia.com/v1,2026-03-26,p1939995863,2,47959592,,winner,qwen/qwen3.5-397b-a17b;z-ai/glm5;moonshotai/kimi-k2.5;nvidia/nemotron-3-super-120b-a12b,player_3,nvidia/nemotron-3-super-120b-a12b,0,15,7,0.4667,3,0.4286,3,26,0.1154,0,0.0000,,
exp2_m8_g3_1775554587241,2,nim,https://integrate.api.nvidia.com/v1,2026-03-26,p1939995863,2,47959593,,winner,moonshotai/kimi-k2.5;nvidia/nemotron-3-super-120b-a12b;qwen/qwen3.5-397b-a17b;z-ai/glm5,player_0,moonshotai/kimi-k2.5,1,25,14,0.5600,1,0.0714,9,73,0.1233,7,0.7778,,
exp2_m8_g3_1775554587241,2,nim,https://integrate.api.nvidia.com/v1,2026-03-26,p1939995863,2,47959593,,winner,moonshotai/kimi-k2.5;nvidia/nemotron-3-super-120b-a12b;qwen/qwen3.5-397b-a17b;z-ai/glm5,player_1,nvidia/nemotron-3-super-120b-a12b,0,24,14,0.5833,2,0.1429,28,70,0.4000,15,0.5357,,
exp2_m8_g3_1775554587241,2,nim,https://integrate.api.nvidia.com/v1,2026-03-26,p1939995863,2,47959593,,winner,moonshotai/kimi-k2.5;nvidia/nemotron-3-super-120b-a12b;qwen/qwen3.5-397b-a17b;z-ai/glm5,player_2,qwen/qwen3.5-397b-a17b,0,24,9,0.3750,2,0.2222,20,45,0.4444,13,0.6500,,
exp2_m8_g3_1775554587241,2,nim,https://integrate.api.nvidia.com/v1,2026-03-26,p1939995863,2,47959593,,winner,moonshotai/kimi-k2.5;nvidia/nemotron-3-super-120b-a12b;qwen/qwen3.5-397b-a17b;z-ai/glm5,player_3,z-ai/glm5,0,25,9,0.3600,3,0.3333,13,31,0.4194,3,0.2308,,
exp2_m8_g4_1775584316565,2,nim,https://integrate.api.nvidia.com/v1,2026-03-26,p1939995863,2,47959594,,winner,z-ai/glm5;nvidia/nemotron-3-super-120b-a12b;qwen/qwen3.5-397b-a17b;moonshotai/kimi-k2.5,player_0,z-ai/glm5,0,47,5,0.1064,2,0.4000,64,144,0.4444,37,0.5781,,
exp2_m8_g4_1775584316565,2,nim,https://integrate.api.nvidia.com/v1,2026-03-26,p1939995863,2,47959594,,winner,z-ai/glm5;nvidia/nemotron-3-super-120b-a12b;qwen/qwen3.5-397b-a17b;moonshotai/kimi-k2.5,player_1,nvidia/nemotron-3-super-120b-a12b,0,48,17,0.3542,2,0.1176,17,98,0.1735,4,0.2353,,
exp2_m8_g4_1775584316565,2,nim,https://integrate.api.nvidia.com/v1,2026-03-26,p1939995863,2,47959594,,winner,z-ai/glm5;nvidia/nemotron-3-super-120b-a12b;qwen/qwen3.5-397b-a17b;moonshotai/kimi-k2.5,player_2,qwen/qwen3.5-397b-a17b,0,48,11,0.2292,2,0.1818,20,86,0.2326,6,0.3000,,
exp2_m8_g4_1775584316565,2,nim,https://integrate.api.nvidia.com/v1,2026-03-26,p1939995863,2,47959594,,winner,z-ai/glm5;nvidia/nemotron-3-super-120b-a12b;qwen/qwen3.5-397b-a17b;moonshotai/kimi-k2.5,player_3,moonshotai/kimi-k2.5,1,48,26,0.5417,2,0.0769,5,77,0.0649,4,0.8000,,
exp2_m8_g5_1775614684524,2,nim,https://integrate.api.nvidia.com/v1,2026-03-26,p1939995863,2,47959595,,winner,qwen/qwen3.5-397b-a17b;moonshotai/kimi-k2.5;nvidia/nemotron-3-super-120b-a12b;z-ai/glm5,player_0,qwen/qwen3.5-397b-a17b,0,38,16,0.4211,5,0.3125,54,112,0.4821,34,0.6296,,
exp2_m8_g5_1775614684524,2,nim,https://integrate.api.nvidia.com/v1,2026-03-26,p1939995863,2,47959595,,winner,qwen/qwen3.5-397b-a17b;moonshotai/kimi-k2.5;nvidia/nemotron-3-super-120b-a12b;z-ai/glm5,player_1,moonshotai/kimi-k2.5,1,38,23,0.6053,1,0.0435,11,76,0.1447,6,0.5455,,
exp2_m8_g5_1775614684524,2,nim,https://integrate.api.nvidia.com/v1,2026-03-26,p1939995863,2,47959595,,winner,qwen/qwen3.5-397b-a17b;moonshotai/kimi-k2.5;nvidia/nemotron-3-super-120b-a12b;z-ai/glm5,player_2,nvidia/nemotron-3-super-120b-a12b,0,37,23,0.6216,3,0.1304,19,68,0.2794,7,0.3684,,
exp2_m8_g5_1775614684524,2,nim,https://integrate.api.nvidia.com/v1,2026-03-26,p1939995863,2,47959595,,winner,qwen/qwen3.5-397b-a17b;moonshotai/kimi-k2.5;nvidia/nemotron-3-super-120b-a12b;z-ai/glm5,player_3,z-ai/glm5,0,37,13,0.3514,5,0.3846,26,53,0.4906,14,0.5385,,
exp2_m8_g6_1775657989553,2,nim,https://integrate.api.nvidia.com/v1,2026-03-26,p1939995863,2,47959596,,winner,moonshotai/kimi-k2.5;qwen/qwen3.5-397b-a17b;z-ai/glm5;nvidia/nemotron-3-super-120b-a12b,player_0,moonshotai/kimi-k2.5,1,12,3,0.2500,1,0.3333,2,33,0.0606,2,1.0000,,
exp2_m8_g6_1775657989553,2,nim,https://integrate.api.nvidia.com/v1,2026-03-26,p1939995863,2,47959596,,winner,moonshotai/kimi-k2.5;qwen/qwen3.5-397b-a17b;z-ai/glm5;nvidia/nemotron-3-super-120b-a12b,player_1,qwen/qwen3.5-397b-a17b,0,11,3,0.2727,2,0.6667,5,32,0.1563,4,0.8000,,
exp2_m8_g6_1775657989553,2,nim,https://integrate.api.nvidia.com/v1,2026-03-26,p1939995863,2,47959596,,winner,moonshotai/kimi-k2.5;qwen/qwen3.5-397b-a17b;z-ai/glm5;nvidia/nemotron-3-super-120b-a12b,player_2,z-ai/glm5,0,11,2,0.1818,1,0.5000,8,29,0.2759,0,0.0000,,
exp2_m8_g6_1775657989553,2,nim,https://integrate.api.nvidia.com/v1,2026-03-26,p1939995863,2,47959596,,winner,moonshotai/kimi-k2.5;qwen/qwen3.5-397b-a17b;z-ai/glm5;nvidia/nemotron-3-super-120b-a12b,player_3,nvidia/nemotron-3-super-120b-a12b,0,11,4,0.3636,1,0.2500,6,24,0.2500,1,0.1667,,
exp2_m8_g7_1775670665230,2,nim,https://integrate.api.nvidia.com/v1,2026-03-26,p1939995863,2,47959597,,winner,nvidia/nemotron-3-super-120b-a12b;moonshotai/kimi-k2.5;qwen/qwen3.5-397b-a17b;z-ai/glm5,player_0,nvidia/nemotron-3-super-120b-a12b,0,29,8,0.2759,1,0.1250,24,88,0.2727,12,0.5000,,
exp2_m8_g7_1775670665230,2,nim,https://integrate.api.nvidia.com/v1,2026-03-26,p1939995863,2,47959597,,winner,nvidia/nemotron-3-super-120b-a12b;moonshotai/kimi-k2.5;qwen/qwen3.5-397b-a17b;z-ai/glm5,player_1,moonshotai/kimi-k2.5,1,30,18,0.6000,4,0.2222,5,72,0.0694,5,1.0000,,
exp2_m8_g7_1775670665230,2,nim,https://integrate.api.nvidia.com/v1,2026-03-26,p1939995863,2,47959597,,winner,nvidia/nemotron-3-super-120b-a12b;moonshotai/kimi-k2.5;qwen/qwen3.5-397b-a17b;z-ai/glm5,player_2,qwen/qwen3.5-397b-a17b,0,29,9,0.3103,0,0.0000,12,69,0.1739,5,0.4167,,
exp2_m8_g7_1775670665230,2,nim,https://integrate.api.nvidia.com/v1,2026-03-26,p1939995863,2,47959597,,winner,nvidia/nemotron-3-super-120b-a12b;moonshotai/kimi-k2.5;qwen/qwen3.5-397b-a17b;z-ai/glm5,player_3,z-ai/glm5,0,29,2,0.0690,1,0.5000,21,58,0.3621,9,0.4286,,
exp2_m8_g8_1775696171820,2,nim,https://integrate.api.nvidia.com/v1,2026-03-26,p1939995863,2,47959598,,winner,qwen/qwen3.5-397b-a17b;moonshotai/kimi-k2.5;z-ai/glm5;nvidia/nemotron-3-super-120b-a12b,player_0,qwen/qwen3.5-397b-a17b,1,15,5,0.3333,3,0.6000,2,43,0.0465,2,1.0000,,
exp2_m8_g8_1775696171820,2,nim,https://integrate.api.nvidia.com/v1,2026-03-26,p1939995863,2,47959598,,winner,qwen/qwen3.5-397b-a17b;moonshotai/kimi-k2.5;z-ai/glm5;nvidia/nemotron-3-super-120b-a12b,player_1,moonshotai/kimi-k2.5,0,14,5,0.3571,1,0.2000,1,43,0.0233,1,1.0000,,
exp2_m8_g8_1775696171820,2,nim,https://integrate.api.nvidia.com/v1,2026-03-26,p1939995863,2,47959598,,winner,qwen/qwen3.5-397b-a17b;moonshotai/kimi-k2.5;z-ai/glm5;nvidia/nemotron-3-super-120b-a12b,player_2,z-ai/glm5,0,14,1,0.0714,0,0.0000,13,41,0.3171,5,0.3846,,
exp2_m8_g8_1775696171820,2,nim,https://integrate.api.nvidia.com/v1,2026-03-26,p1939995863,2,47959598,,winner,qwen/qwen3.5-397b-a17b;moonshotai/kimi-k2.5;z-ai/glm5;nvidia/nemotron-3-super-120b-a12b,player_3,nvidia/nemotron-3-super-120b-a12b,0,15,6,0.4000,4,0.6667,4,31,0.1290,1,0.2500,,
exp2_m8_g9_1775705047600,2,nim,https://integrate.api.nvidia.com/v1,2026-03-26,p1939995863,2,47959599,,winner,qwen/qwen3.5-397b-a17b;nvidia/nemotron-3-super-120b-a12b;z-ai/glm5;moonshotai/kimi-k2.5,player_0,qwen/qwen3.5-397b-a17b,0,31,13,0.4194,3,0.2308,28,96,0.2917,15,0.5357,,
exp2_m8_g9_1775705047600,2,nim,https://integrate.api.nvidia.com/v1,2026-03-26,p1939995863,2,47959599,,winner,qwen/qwen3.5-397b-a17b;nvidia/nemotron-3-super-120b-a12b;z-ai/glm5;moonshotai/kimi-k2.5,player_1,nvidia/nemotron-3-super-120b-a12b,0,32,16,0.5000,3,0.1875,15,75,0.2000,7,0.4667,,
exp2_m8_g9_1775705047600,2,nim,https://integrate.api.nvidia.com/v1,2026-03-26,p1939995863,2,47959599,,winner,qwen/qwen3.5-397b-a17b;nvidia/nemotron-3-super-120b-a12b;z-ai/glm5;moonshotai/kimi-k2.5,player_2,z-ai/glm5,0,32,4,0.1250,3,0.7500,25,60,0.4167,15,0.6000,,
exp2_m8_g9_1775705047600,2,nim,https://integrate.api.nvidia.com/v1,2026-03-26,p1939995863,2,47959599,,winner,qwen/qwen3.5-397b-a17b;nvidia/nemotron-3-super-120b-a12b;z-ai/glm5;moonshotai/kimi-k2.5,player_3,moonshotai/kimi-k2.5,1,32,15,0.4688,2,0.1333,1,48,0.0208,0,0.0000,,
exp2_m9_g0_1775730777982,2,nim,https://integrate.api.nvidia.com/v1,2026-03-26,p1939995863,2,47960551,,winner,qwen/qwen3.5-397b-a17b;mistralai/mistral-small-4-119b-2603;moonshotai/kimi-k2.5;z-ai/glm5,player_0,qwen/qwen3.5-397b-a17b,0,27,17,0.6296,5,0.2941,22,83,0.2651,14,0.6364,,
exp2_m9_g0_1775730777982,2,nim,https://integrate.api.nvidia.com/v1,2026-03-26,p1939995863,2,47960551,,winner,qwen/qwen3.5-397b-a17b;mistralai/mistral-small-4-119b-2603;moonshotai/kimi-k2.5;z-ai/glm5,player_1,mistralai/mistral-small-4-119b-2603,0,28,3,0.1071,3,1.0000,43,66,0.6515,19,0.4419,,
exp2_m9_g0_1775730777982,2,nim,https://integrate.api.nvidia.com/v1,2026-03-26,p1939995863,2,47960551,,winner,qwen/qwen3.5-397b-a17b;mistralai/mistral-small-4-119b-2603;moonshotai/kimi-k2.5;z-ai/glm5,player_2,moonshotai/kimi-k2.5,1,28,15,0.5357,2,0.1333,0,37,0.0000,0,0.0000,,
exp2_m9_g0_1775730777982,2,nim,https://integrate.api.nvidia.com/v1,2026-03-26,p1939995863,2,47960551,,winner,qwen/qwen3.5-397b-a17b;mistralai/mistral-small-4-119b-2603;moonshotai/kimi-k2.5;z-ai/glm5,player_3,z-ai/glm5,0,27,13,0.4815,3,0.2308,9,38,0.2368,2,0.2222,,
exp2_m9_g1_1775738138944,2,nim,https://integrate.api.nvidia.com/v1,2026-03-26,p1939995863,2,47960552,,winner,mistralai/mistral-small-4-119b-2603;moonshotai/kimi-k2.5;z-ai/glm5;qwen/qwen3.5-397b-a17b,player_0,mistralai/mistral-small-4-119b-2603,0,13,2,0.1538,1,0.5000,25,37,0.6757,9,0.3600,,
exp2_m9_g1_1775738138944,2,nim,https://integrate.api.nvidia.com/v1,2026-03-26,p1939995863,2,47960552,,winner,mistralai/mistral-small-4-119b-2603;moonshotai/kimi-k2.5;z-ai/glm5;qwen/qwen3.5-397b-a17b,player_1,moonshotai/kimi-k2.5,1,13,5,0.3846,1,0.2000,1,20,0.0500,1,1.0000,,
exp2_m9_g1_1775738138944,2,nim,https://integrate.api.nvidia.com/v1,2026-03-26,p1939995863,2,47960552,,winner,mistralai/mistral-small-4-119b-2603;moonshotai/kimi-k2.5;z-ai/glm5;qwen/qwen3.5-397b-a17b,player_2,z-ai/glm5,0,12,2,0.1667,1,0.5000,7,21,0.3333,1,0.1429,,
exp2_m9_g1_1775738138944,2,nim,https://integrate.api.nvidia.com/v1,2026-03-26,p1939995863,2,47960552,,winner,mistralai/mistral-small-4-119b-2603;moonshotai/kimi-k2.5;z-ai/glm5;qwen/qwen3.5-397b-a17b,player_3,qwen/qwen3.5-397b-a17b,0,12,7,0.5833,2,0.2857,0,14,0.0000,0,0.0000,,
exp2_m9_g2_1775742779231,2,nim,https://integrate.api.nvidia.com/v1,2026-03-26,p1939995863,2,47960553,,winner,qwen/qwen3.5-397b-a17b;mistralai/mistral-small-4-119b-2603;moonshotai/kimi-k2.5;z-ai/glm5,player_0,qwen/qwen3.5-397b-a17b,0,10,4,0.4000,1,0.2500,8,31,0.2581,4,0.5000,,
exp2_m9_g2_1775742779231,2,nim,https://integrate.api.nvidia.com/v1,2026-03-26,p1939995863,2,47960553,,winner,qwen/qwen3.5-397b-a17b;mistralai/mistral-small-4-119b-2603;moonshotai/kimi-k2.5;z-ai/glm5,player_1,mistralai/mistral-small-4-119b-2603,0,10,2,0.2000,0,0.0000,18,26,0.6923,6,0.3333,,
exp2_m9_g2_1775742779231,2,nim,https://integrate.api.nvidia.com/v1,2026-03-26,p1939995863,2,47960553,,winner,qwen/qwen3.5-397b-a17b;mistralai/mistral-small-4-119b-2603;moonshotai/kimi-k2.5;z-ai/glm5,player_2,moonshotai/kimi-k2.5,1,11,3,0.2727,1,0.3333,0,12,0.0000,0,0.0000,,
exp2_m9_g2_1775742779231,2,nim,https://integrate.api.nvidia.com/v1,2026-03-26,p1939995863,2,47960553,,winner,qwen/qwen3.5-397b-a17b;mistralai/mistral-small-4-119b-2603;moonshotai/kimi-k2.5;z-ai/glm5,player_3,z-ai/glm5,0,10,4,0.4000,1,0.2500,1,13,0.0769,0,0.0000,,
exp2_m9_g3_1775746328158,2,nim,https://integrate.api.nvidia.com/v1,2026-03-26,p1939995863,2,47960554,,winner,qwen/qwen3.5-397b-a17b;moonshotai/kimi-k2.5;z-ai/glm5;mistralai/mistral-small-4-119b-2603,player_0,qwen/qwen3.5-397b-a17b,0,14,4,0.2857,0,0.0000,8,42,0.1905,4,0.5000,,
exp2_m9_g3_1775746328158,2,nim,https://integrate.api.nvidia.com/v1,2026-03-26,p1939995863,2,47960554,,winner,qwen/qwen3.5-397b-a17b;moonshotai/kimi-k2.5;z-ai/glm5;mistralai/mistral-small-4-119b-2603,player_1,moonshotai/kimi-k2.5,1,14,5,0.3571,0,0.0000,1,37,0.0270,1,1.0000,,
exp2_m9_g3_1775746328158,2,nim,https://integrate.api.nvidia.com/v1,2026-03-26,p1939995863,2,47960554,,winner,qwen/qwen3.5-397b-a17b;moonshotai/kimi-k2.5;z-ai/glm5;mistralai/mistral-small-4-119b-2603,player_2,z-ai/glm5,0,14,4,0.2857,1,0.2500,9,33,0.2727,4,0.4444,,
exp2_m9_g3_1775746328158,2,nim,https://integrate.api.nvidia.com/v1,2026-03-26,p1939995863,2,47960554,,winner,qwen/qwen3.5-397b-a17b;moonshotai/kimi-k2.5;z-ai/glm5;mistralai/mistral-small-4-119b-2603,player_3,mistralai/mistral-small-4-119b-2603,0,14,5,0.3571,3,0.6000,21,29,0.7241,5,0.2381,,
exp2_m9_g4_1775753861674,2,nim,https://integrate.api.nvidia.com/v1,2026-03-26,p1939995863,2,47960555,,winner,moonshotai/kimi-k2.5;mistralai/mistral-small-4-119b-2603;z-ai/glm5;qwen/qwen3.5-397b-a17b,player_0,moonshotai/kimi-k2.5,1,11,4,0.3636,1,0.2500,2,31,0.0645,2,1.0000,,
exp2_m9_g4_1775753861674,2,nim,https://integrate.api.nvidia.com/v1,2026-03-26,p1939995863,2,47960555,,winner,moonshotai/kimi-k2.5;mistralai/mistral-small-4-119b-2603;z-ai/glm5;qwen/qwen3.5-397b-a17b,player_1,mistralai/mistral-small-4-119b-2603,0,10,4,0.4000,2,0.5000,24,30,0.8000,10,0.4167,,
exp2_m9_g4_1775753861674,2,nim,https://integrate.api.nvidia.com/v1,2026-03-26,p1939995863,2,47960555,,winner,moonshotai/kimi-k2.5;mistralai/mistral-small-4-119b-2603;z-ai/glm5;qwen/qwen3.5-397b-a17b,player_2,z-ai/glm5,0,10,4,0.4000,0,0.0000,0,15,0.0000,0,0.0000,,
exp2_m9_g4_1775753861674,2,nim,https://integrate.api.nvidia.com/v1,2026-03-26,p1939995863,2,47960555,,winner,moonshotai/kimi-k2.5;mistralai/mistral-small-4-119b-2603;z-ai/glm5;qwen/qwen3.5-397b-a17b,player_3,qwen/qwen3.5-397b-a17b,0,11,6,0.5455,1,0.1667,4,14,0.2857,2,0.5000,,
exp2_m9_g5_1775758457663,2,nim,https://integrate.api.nvidia.com/v1,2026-03-26,p1939995863,2,47960556,,winner,mistralai/mistral-small-4-119b-2603;z-ai/glm5;moonshotai/kimi-k2.5;qwen/qwen3.5-397b-a17b,player_0,mistralai/mistral-small-4-119b-2603,0,16,1,0.0625,0,0.0000,37,48,0.7708,13,0.3514,,
exp2_m9_g5_1775758457663,2,nim,https://integrate.api.nvidia.com/v1,2026-03-26,p1939995863,2,47960556,,winner,mistralai/mistral-small-4-119b-2603;z-ai/glm5;moonshotai/kimi-k2.5;qwen/qwen3.5-397b-a17b,player_1,z-ai/glm5,0,16,4,0.2500,0,0.0000,7,23,0.3043,3,0.4286,,
exp2_m9_g5_1775758457663,2,nim,https://integrate.api.nvidia.com/v1,2026-03-26,p1939995863,2,47960556,,winner,mistralai/mistral-small-4-119b-2603;z-ai/glm5;moonshotai/kimi-k2.5;qwen/qwen3.5-397b-a17b,player_2,moonshotai/kimi-k2.5,1,16,7,0.4375,2,0.2857,0,17,0.0000,0,0.0000,,
exp2_m9_g5_1775758457663,2,nim,https://integrate.api.nvidia.com/v1,2026-03-26,p1939995863,2,47960556,,winner,mistralai/mistral-small-4-119b-2603;z-ai/glm5;moonshotai/kimi-k2.5;qwen/qwen3.5-397b-a17b,player_3,qwen/qwen3.5-397b-a17b,0,16,7,0.4375,1,0.1429,1,19,0.0526,0,0.0000,,
exp2_m9_g6_1775764291004,2,nim,https://integrate.api.nvidia.com/v1,2026-03-26,p1939995863,2,47960557,,winner,z-ai/glm5;mistralai/mistral-small-4-119b-2603;moonshotai/kimi-k2.5;qwen/qwen3.5-397b-a17b,player_0,z-ai/glm5,0,19,3,0.1579,0,0.0000,15,58,0.2586,5,0.3333,,
exp2_m9_g6_1775764291004,2,nim,https://integrate.api.nvidia.com/v1,2026-03-26,p1939995863,2,47960557,,winner,z-ai/glm5;mistralai/mistral-small-4-119b-2603;moonshotai/kimi-k2.5;qwen/qwen3.5-397b-a17b,player_1,mistralai/mistral-small-4-119b-2603,0,19,3,0.1579,2,0.6667,30,45,0.6667,11,0.3667,,
exp2_m9_g6_1775764291004,2,nim,https://integrate.api.nvidia.com/v1,2026-03-26,p1939995863,2,47960557,,winner,z-ai/glm5;mistralai/mistral-small-4-119b-2603;moonshotai/kimi-k2.5;qwen/qwen3.5-397b-a17b,player_2,moonshotai/kimi-k2.5,1,20,6,0.3000,1,0.1667,0,28,0.0000,0,0.0000,,
exp2_m9_g6_1775764291004,2,nim,https://integrate.api.nvidia.com/v1,2026-03-26,p1939995863,2,47960557,,winner,z-ai/glm5;mistralai/mistral-small-4-119b-2603;moonshotai/kimi-k2.5;qwen/qwen3.5-397b-a17b,player_3,qwen/qwen3.5-397b-a17b,0,19,10,0.5263,2,0.2000,3,27,0.1111,1,0.3333,,
exp2_m9_g7_1775770385630,2,nim,https://integrate.api.nvidia.com/v1,2026-03-26,p1939995863,2,47960558,,winner,qwen/qwen3.5-397b-a17b;moonshotai/kimi-k2.5;z-ai/glm5;mistralai/mistral-small-4-119b-2603,player_0,qwen/qwen3.5-397b-a17b,0,44,13,0.2955,2,0.1538,42,133,0.3158,21,0.5000,,
exp2_m9_g7_1775770385630,2,nim,https://integrate.api.nvidia.com/v1,2026-03-26,p1939995863,2,47960558,,winner,qwen/qwen3.5-397b-a17b;moonshotai/kimi-k2.5;z-ai/glm5;mistralai/mistral-small-4-119b-2603,player_1,moonshotai/kimi-k2.5,1,45,30,0.6667,3,0.1000,1,107,0.0093,0,0.0000,,
exp2_m9_g7_1775770385630,2,nim,https://integrate.api.nvidia.com/v1,2026-03-26,p1939995863,2,47960558,,winner,qwen/qwen3.5-397b-a17b;moonshotai/kimi-k2.5;z-ai/glm5;mistralai/mistral-small-4-119b-2603,player_2,z-ai/glm5,0,44,20,0.4545,3,0.1500,32,100,0.3200,12,0.3750,,
exp2_m9_g7_1775770385630,2,nim,https://integrate.api.nvidia.com/v1,2026-03-26,p1939995863,2,47960558,,winner,qwen/qwen3.5-397b-a17b;moonshotai/kimi-k2.5;z-ai/glm5;mistralai/mistral-small-4-119b-2603,player_3,mistralai/mistral-small-4-119b-2603,0,44,3,0.0682,2,0.6667,60,80,0.7500,23,0.3833,,
exp2_m9_g8_1775786566679,2,nim,https://integrate.api.nvidia.com/v1,2026-03-26,p1939995863,2,47960559,,winner,qwen/qwen3.5-397b-a17b;moonshotai/kimi-k2.5;z-ai/glm5;mistralai/mistral-small-4-119b-2603,player_0,qwen/qwen3.5-397b-a17b,0,57,15,0.2632,4,0.2667,74,171,0.4327,40,0.5405,,
exp2_m9_g8_1775786566679,2,nim,https://integrate.api.nvidia.com/v1,2026-03-26,p1939995863,2,47960559,,winner,qwen/qwen3.5-397b-a17b;moonshotai/kimi-k2.5;z-ai/glm5;mistralai/mistral-small-4-119b-2603,player_1,moonshotai/kimi-k2.5,1,57,44,0.7719,0,0.0000,2,133,0.0150,2,1.0000,,
exp2_m9_g8_1775786566679,2,nim,https://integrate.api.nvidia.com/v1,2026-03-26,p1939995863,2,47960559,,winner,qwen/qwen3.5-397b-a17b;moonshotai/kimi-k2.5;z-ai/glm5;mistralai/mistral-small-4-119b-2603,player_2,z-ai/glm5,0,57,17,0.2982,2,0.1176,38,108,0.3519,11,0.2895,,
exp2_m9_g8_1775786566679,2,nim,https://integrate.api.nvidia.com/v1,2026-03-26,p1939995863,2,47960559,,winner,qwen/qwen3.5-397b-a17b;moonshotai/kimi-k2.5;z-ai/glm5;mistralai/mistral-small-4-119b-2603,player_3,mistralai/mistral-small-4-119b-2603,0,57,10,0.1754,5,0.5000,71,87,0.8161,22,0.3099,,
exp2_m9_g9_1775805849627,2,nim,https://integrate.api.nvidia.com/v1,2026-03-26,p1939995863,2,47960560,,winner,moonshotai/kimi-k2.5;qwen/qwen3.5-397b-a17b;z-ai/glm5;mistralai/mistral-small-4-119b-2603,player_0,moonshotai/kimi-k2.5,1,22,10,0.4545,2,0.2000,0,65,0.0000,0,0.0000,,
exp2_m9_g9_1775805849627,2,nim,https://integrate.api.nvidia.com/v1,2026-03-26,p1939995863,2,47960560,,winner,moonshotai/kimi-k2.5;qwen/qwen3.5-397b-a17b;z-ai/glm5;mistralai/mistral-small-4-119b-2603,player_1,qwen/qwen3.5-397b-a17b,0,21,9,0.4286,2,0.2222,14,66,0.2121,6,0.4286,,
exp2_m9_g9_1775805849627,2,nim,https://integrate.api.nvidia.com/v1,2026-03-26,p1939995863,2,47960560,,winner,moonshotai/kimi-k2.5;qwen/qwen3.5-397b-a17b;z-ai/glm5;mistralai/mistral-small-4-119b-2603,player_2,z-ai/glm5,0,22,5,0.2273,1,0.2000,14,54,0.2593,4,0.2857,,
exp2_m9_g9_1775805849627,2,nim,https://integrate.api.nvidia.com/v1,2026-03-26,p1939995863,2,47960560,,winner,moonshotai/kimi-k2.5;qwen/qwen3.5-397b-a17b;z-ai/glm5;mistralai/mistral-small-4-119b-2603,player_3,mistralai/mistral-small-4-119b-2603,0,22,3,0.1364,3,1.0000,33,45,0.7333,9,0.2727,,
exp3_m0_g0_1774999669636,3,nim,https://integrate.api.nvidia.com/v1,2026-03-26,p1939995863,2,48875423,,winner,qwen/qwen3.5-397b-a17b;minimaxai/minimax-m2.5;mistralai/mistral-small-4-119b-2603;nvidia/nemotron-3-super-120b-a12b,player_0,qwen/qwen3.5-397b-a17b,1,13,6,0.4615,3,0.5000,4,37,0.1081,1,0.2500,6,0.4615
exp3_m0_g0_1774999669636,3,nim,https://integrate.api.nvidia.com/v1,2026-03-26,p1939995863,2,48875423,,winner,qwen/qwen3.5-397b-a17b;minimaxai/minimax-m2.5;mistralai/mistral-small-4-119b-2603;nvidia/nemotron-3-super-120b-a12b,player_1,minimaxai/minimax-m2.5,0,12,2,0.1667,0,0.0000,9,35,0.2571,4,0.4444,2,0.1667
exp3_m0_g0_1774999669636,3,nim,https://integrate.api.nvidia.com/v1,2026-03-26,p1939995863,2,48875423,,winner,qwen/qwen3.5-397b-a17b;minimaxai/minimax-m2.5;mistralai/mistral-small-4-119b-2603;nvidia/nemotron-3-super-120b-a12b,player_2,mistralai/mistral-small-4-119b-2603,0,12,3,0.2500,1,0.3333,14,29,0.4828,4,0.2857,3,0.2500
exp3_m0_g0_1774999669636,3,nim,https://integrate.api.nvidia.com/v1,2026-03-26,p1939995863,2,48875423,,winner,qwen/qwen3.5-397b-a17b;minimaxai/minimax-m2.5;mistralai/mistral-small-4-119b-2603;nvidia/nemotron-3-super-120b-a12b,player_3,nvidia/nemotron-3-super-120b-a12b,0,13,4,0.3077,2,0.5000,2,17,0.1176,0,0.0000,4,0.3077
exp3_m0_g1_1774896843970,3,nim,https://integrate.api.nvidia.com/v1,2026-03-26,p1939995863,2,48875424,,winner,mistralai/mistral-small-4-119b-2603;nvidia/nemotron-3-super-120b-a12b;qwen/qwen3.5-397b-a17b;minimaxai/minimax-m2.5,player_0,mistralai/mistral-small-4-119b-2603,0,32,5,0.1563,3,0.6000,72,95,0.7579,34,0.4722,5,0.1563
exp3_m0_g1_1774896843970,3,nim,https://integrate.api.nvidia.com/v1,2026-03-26,p1939995863,2,48875424,,winner,mistralai/mistral-small-4-119b-2603;nvidia/nemotron-3-super-120b-a12b;qwen/qwen3.5-397b-a17b;minimaxai/minimax-m2.5,player_1,nvidia/nemotron-3-super-120b-a12b,1,32,11,0.3438,2,0.1818,6,48,0.1250,3,0.5000,11,0.3438
exp3_m0_g1_1774896843970,3,nim,https://integrate.api.nvidia.com/v1,2026-03-26,p1939995863,2,48875424,,winner,mistralai/mistral-small-4-119b-2603;nvidia/nemotron-3-super-120b-a12b;qwen/qwen3.5-397b-a17b;minimaxai/minimax-m2.5,player_2,qwen/qwen3.5-397b-a17b,0,31,15,0.4839,1,0.0667,4,42,0.0952,0,0.0000,15,0.4839
exp3_m0_g1_1774896843970,3,nim,https://integrate.api.nvidia.com/v1,2026-03-26,p1939995863,2,48875424,,winner,mistralai/mistral-small-4-119b-2603;nvidia/nemotron-3-super-120b-a12b;qwen/qwen3.5-397b-a17b;minimaxai/minimax-m2.5,player_3,minimaxai/minimax-m2.5,0,32,17,0.5313,4,0.2353,7,37,0.1892,1,0.1429,17,0.5313
exp3_m0_g2_1775010234639,3,nim,https://integrate.api.nvidia.com/v1,2026-03-26,p1939995863,2,48875425,,winner,mistralai/mistral-small-4-119b-2603;qwen/qwen3.5-397b-a17b;minimaxai/minimax-m2.5;nvidia/nemotron-3-super-120b-a12b,player_0,mistralai/mistral-small-4-119b-2603,0,12,2,0.1667,2,1.0000,17,34,0.5000,5,0.2941,2,0.1667
exp3_m0_g2_1775010234639,3,nim,https://integrate.api.nvidia.com/v1,2026-03-26,p1939995863,2,48875425,,winner,mistralai/mistral-small-4-119b-2603;qwen/qwen3.5-397b-a17b;minimaxai/minimax-m2.5;nvidia/nemotron-3-super-120b-a12b,player_1,qwen/qwen3.5-397b-a17b,1,12,3,0.2500,0,0.0000,0,22,0.0000,0,0.0000,3,0.2500
exp3_m0_g2_1775010234639,3,nim,https://integrate.api.nvidia.com/v1,2026-03-26,p1939995863,2,48875425,,winner,mistralai/mistral-small-4-119b-2603;qwen/qwen3.5-397b-a17b;minimaxai/minimax-m2.5;nvidia/nemotron-3-super-120b-a12b,player_2,minimaxai/minimax-m2.5,0,11,4,0.3636,2,0.5000,4,23,0.1739,0,0.0000,4,0.3636
exp3_m0_g2_1775010234639,3,nim,https://integrate.api.nvidia.com/v1,2026-03-26,p1939995863,2,48875425,,winner,mistralai/mistral-small-4-119b-2603;qwen/qwen3.5-397b-a17b;minimaxai/minimax-m2.5;nvidia/nemotron-3-super-120b-a12b,player_3,nvidia/nemotron-3-super-120b-a12b,0,11,3,0.2727,1,0.3333,5,22,0.2273,2,0.4000,3,0.2727
exp3_m0_g3_1774909566182,3,nim,https://integrate.api.nvidia.com/v1,2026-03-26,p1939995863,2,48875426,,winner,minimaxai/minimax-m2.5;mistralai/mistral-small-4-119b-2603;nvidia/nemotron-3-super-120b-a12b;qwen/qwen3.5-397b-a17b,player_0,minimaxai/minimax-m2.5,0,23,5,0.2174,3,0.6000,21,72,0.2917,10,0.4762,5,0.2174
exp3_m0_g3_1774909566182,3,nim,https://integrate.api.nvidia.com/v1,2026-03-26,p1939995863,2,48875426,,winner,minimaxai/minimax-m2.5;mistralai/mistral-small-4-119b-2603;nvidia/nemotron-3-super-120b-a12b;qwen/qwen3.5-397b-a17b,player_1,mistralai/mistral-small-4-119b-2603,0,24,6,0.2500,3,0.5000,21,56,0.3750,3,0.1429,6,0.2500
exp3_m0_g3_1774909566182,3,nim,https://integrate.api.nvidia.com/v1,2026-03-26,p1939995863,2,48875426,,winner,minimaxai/minimax-m2.5;mistralai/mistral-small-4-119b-2603;nvidia/nemotron-3-super-120b-a12b;qwen/qwen3.5-397b-a17b,player_2,nvidia/nemotron-3-super-120b-a12b,0,24,9,0.3750,3,0.3333,6,42,0.1429,2,0.3333,9,0.3750
exp3_m0_g3_1774909566182,3,nim,https://integrate.api.nvidia.com/v1,2026-03-26,p1939995863,2,48875426,,winner,minimaxai/minimax-m2.5;mistralai/mistral-small-4-119b-2603;nvidia/nemotron-3-super-120b-a12b;qwen/qwen3.5-397b-a17b,player_3,qwen/qwen3.5-397b-a17b,1,24,10,0.4167,6,0.6000,0,38,0.0000,0,0.0000,10,0.4167
exp3_m0_g4_1774917347097,3,nim,https://integrate.api.nvidia.com/v1,2026-03-26,p1939995863,2,48875427,,winner,mistralai/mistral-small-4-119b-2603;qwen/qwen3.5-397b-a17b;minimaxai/minimax-m2.5;nvidia/nemotron-3-super-120b-a12b,player_0,mistralai/mistral-small-4-119b-2603,0,12,3,0.2500,2,0.6667,17,39,0.4359,1,0.0588,3,0.2500
exp3_m0_g4_1774917347097,3,nim,https://integrate.api.nvidia.com/v1,2026-03-26,p1939995863,2,48875427,,winner,mistralai/mistral-small-4-119b-2603;qwen/qwen3.5-397b-a17b;minimaxai/minimax-m2.5;nvidia/nemotron-3-super-120b-a12b,player_1,qwen/qwen3.5-397b-a17b,0,13,3,0.2308,1,0.3333,1,27,0.0370,1,1.0000,3,0.2308
exp3_m0_g4_1774917347097,3,nim,https://integrate.api.nvidia.com/v1,2026-03-26,p1939995863,2,48875427,,winner,mistralai/mistral-small-4-119b-2603;qwen/qwen3.5-397b-a17b;minimaxai/minimax-m2.5;nvidia/nemotron-3-super-120b-a12b,player_2,minimaxai/minimax-m2.5,0,13,2,0.1538,0,0.0000,3,27,0.1111,1,0.3333,2,0.1538
exp3_m0_g4_1774917347097,3,nim,https://integrate.api.nvidia.com/v1,2026-03-26,p1939995863,2,48875427,,winner,mistralai/mistral-small-4-119b-2603;qwen/qwen3.5-397b-a17b;minimaxai/minimax-m2.5;nvidia/nemotron-3-super-120b-a12b,player_3,nvidia/nemotron-3-super-120b-a12b,1,13,5,0.3846,5,1.0000,3,22,0.1364,2,0.6667,5,0.3846
exp3_m0_g5_1774930159332,3,nim,https://integrate.api.nvidia.com/v1,2026-03-26,p1939995863,2,48875428,,winner,nvidia/nemotron-3-super-120b-a12b;qwen/qwen3.5-397b-a17b;mistralai/mistral-small-4-119b-2603;minimaxai/minimax-m2.5,player_0,nvidia/nemotron-3-super-120b-a12b,0,13,4,0.3077,1,0.2500,8,38,0.2105,4,0.5000,4,0.3077
exp3_m0_g5_1774930159332,3,nim,https://integrate.api.nvidia.com/v1,2026-03-26,p1939995863,2,48875428,,winner,nvidia/nemotron-3-super-120b-a12b;qwen/qwen3.5-397b-a17b;mistralai/mistral-small-4-119b-2603;minimaxai/minimax-m2.5,player_1,qwen/qwen3.5-397b-a17b,1,13,3,0.2308,1,0.3333,2,33,0.0606,1,0.5000,3,0.2308
exp3_m0_g5_1774930159332,3,nim,https://integrate.api.nvidia.com/v1,2026-03-26,p1939995863,2,48875428,,winner,nvidia/nemotron-3-super-120b-a12b;qwen/qwen3.5-397b-a17b;mistralai/mistral-small-4-119b-2603;minimaxai/minimax-m2.5,player_2,mistralai/mistral-small-4-119b-2603,0,12,4,0.3333,1,0.2500,17,31,0.5484,4,0.2353,4,0.3333
exp3_m0_g5_1774930159332,3,nim,https://integrate.api.nvidia.com/v1,2026-03-26,p1939995863,2,48875428,,winner,nvidia/nemotron-3-super-120b-a12b;qwen/qwen3.5-397b-a17b;mistralai/mistral-small-4-119b-2603;minimaxai/minimax-m2.5,player_3,minimaxai/minimax-m2.5,0,13,5,0.3846,1,0.2000,8,19,0.4211,3,0.3750,5,0.3846
exp3_m0_g6_1774935051523,3,nim,https://integrate.api.nvidia.com/v1,2026-03-26,p1939995863,2,48875429,,winner,minimaxai/minimax-m2.5;mistralai/mistral-small-4-119b-2603;qwen/qwen3.5-397b-a17b;nvidia/nemotron-3-super-120b-a12b,player_0,minimaxai/minimax-m2.5,0,13,5,0.3846,4,0.8000,9,38,0.2368,3,0.3333,5,0.3846
exp3_m0_g6_1774935051523,3,nim,https://integrate.api.nvidia.com/v1,2026-03-26,p1939995863,2,48875429,,winner,minimaxai/minimax-m2.5;mistralai/mistral-small-4-119b-2603;qwen/qwen3.5-397b-a17b;nvidia/nemotron-3-super-120b-a12b,player_1,mistralai/mistral-small-4-119b-2603,0,13,0,0.0000,0,0.0000,11,31,0.3548,3,0.2727,0,0.0000
exp3_m0_g6_1774935051523,3,nim,https://integrate.api.nvidia.com/v1,2026-03-26,p1939995863,2,48875429,,winner,minimaxai/minimax-m2.5;mistralai/mistral-small-4-119b-2603;qwen/qwen3.5-397b-a17b;nvidia/nemotron-3-super-120b-a12b,player_2,qwen/qwen3.5-397b-a17b,1,13,1,0.0769,0,0.0000,0,27,0.0000,0,0.0000,1,0.0769
exp3_m0_g6_1774935051523,3,nim,https://integrate.api.nvidia.com/v1,2026-03-26,p1939995863,2,48875429,,winner,minimaxai/minimax-m2.5;mistralai/mistral-small-4-119b-2603;qwen/qwen3.5-397b-a17b;nvidia/nemotron-3-super-120b-a12b,player_3,nvidia/nemotron-3-super-120b-a12b,0,12,5,0.4167,1,0.2000,1,24,0.0417,0,0.0000,5,0.4167
exp3_m0_g7_1775020069181,3,nim,https://integrate.api.nvidia.com/v1,2026-03-26,p1939995863,2,48875430,,winner,minimaxai/minimax-m2.5;mistralai/mistral-small-4-119b-2603;nvidia/nemotron-3-super-120b-a12b;qwen/qwen3.5-397b-a17b,player_0,minimaxai/minimax-m2.5,0,18,5,0.2778,1,0.2000,15,57,0.2632,7,0.4667,5,0.2778
exp3_m0_g7_1775020069181,3,nim,https://integrate.api.nvidia.com/v1,2026-03-26,p1939995863,2,48875430,,winner,minimaxai/minimax-m2.5;mistralai/mistral-small-4-119b-2603;nvidia/nemotron-3-super-120b-a12b;qwen/qwen3.5-397b-a17b,player_1,mistralai/mistral-small-4-119b-2603,0,19,3,0.1579,2,0.6667,22,44,0.5000,8,0.3636,3,0.1579
exp3_m0_g7_1775020069181,3,nim,https://integrate.api.nvidia.com/v1,2026-03-26,p1939995863,2,48875430,,winner,minimaxai/minimax-m2.5;mistralai/mistral-small-4-119b-2603;nvidia/nemotron-3-super-120b-a12b;qwen/qwen3.5-397b-a17b,player_2,nvidia/nemotron-3-super-120b-a12b,0,19,6,0.3158,0,0.0000,5,31,0.1613,2,0.4000,6,0.3158
exp3_m0_g7_1775020069181,3,nim,https://integrate.api.nvidia.com/v1,2026-03-26,p1939995863,2,48875430,,winner,minimaxai/minimax-m2.5;mistralai/mistral-small-4-119b-2603;nvidia/nemotron-3-super-120b-a12b;qwen/qwen3.5-397b-a17b,player_3,qwen/qwen3.5-397b-a17b,1,19,8,0.4211,2,0.2500,0,25,0.0000,0,0.0000,8,0.4211
exp3_m0_g8_1775046390844,3,nim,https://integrate.api.nvidia.com/v1,2026-03-26,p1939995863,2,48875431,,winner,mistralai/mistral-small-4-119b-2603;qwen/qwen3.5-397b-a17b;minimaxai/minimax-m2.5;nvidia/nemotron-3-super-120b-a12b,player_0,mistralai/mistral-small-4-119b-2603,0,16,2,0.1250,2,1.0000,17,48,0.3542,3,0.1765,2,0.1250
exp3_m0_g8_1775046390844,3,nim,https://integrate.api.nvidia.com/v1,2026-03-26,p1939995863,2,48875431,,winner,mistralai/mistral-small-4-119b-2603;qwen/qwen3.5-397b-a17b;minimaxai/minimax-m2.5;nvidia/nemotron-3-super-120b-a12b,player_1,qwen/qwen3.5-397b-a17b,0,16,5,0.3125,1,0.2000,2,38,0.0526,0,0.0000,5,0.3125
exp3_m0_g8_1775046390844,3,nim,https://integrate.api.nvidia.com/v1,2026-03-26,p1939995863,2,48875431,,winner,mistralai/mistral-small-4-119b-2603;qwen/qwen3.5-397b-a17b;minimaxai/minimax-m2.5;nvidia/nemotron-3-super-120b-a12b,player_2,minimaxai/minimax-m2.5,0,16,5,0.3125,4,0.8000,7,32,0.2188,3,0.4286,5,0.3125
exp3_m0_g8_1775046390844,3,nim,https://integrate.api.nvidia.com/v1,2026-03-26,p1939995863,2,48875431,,winner,mistralai/mistral-small-4-119b-2603;qwen/qwen3.5-397b-a17b;minimaxai/minimax-m2.5;nvidia/nemotron-3-super-120b-a12b,player_3,nvidia/nemotron-3-super-120b-a12b,1,16,5,0.3125,3,0.6000,1,30,0.0333,1,1.0000,5,0.3125
exp3_m0_g9_1775067501826,3,nim,https://integrate.api.nvidia.com/v1,2026-03-26,p1939995863,2,48875432,,winner,minimaxai/minimax-m2.5;qwen/qwen3.5-397b-a17b;mistralai/mistral-small-4-119b-2603;nvidia/nemotron-3-super-120b-a12b,player_0,minimaxai/minimax-m2.5,0,12,4,0.3333,2,0.5000,14,38,0.3684,5,0.3571,4,0.3333
exp3_m0_g9_1775067501826,3,nim,https://integrate.api.nvidia.com/v1,2026-03-26,p1939995863,2,48875432,,winner,minimaxai/minimax-m2.5;qwen/qwen3.5-397b-a17b;mistralai/mistral-small-4-119b-2603;nvidia/nemotron-3-super-120b-a12b,player_1,qwen/qwen3.5-397b-a17b,0,12,6,0.5000,2,0.3333,0,31,0.0000,0,0.0000,6,0.5000
exp3_m0_g9_1775067501826,3,nim,https://integrate.api.nvidia.com/v1,2026-03-26,p1939995863,2,48875432,,winner,minimaxai/minimax-m2.5;qwen/qwen3.5-397b-a17b;mistralai/mistral-small-4-119b-2603;nvidia/nemotron-3-super-120b-a12b,player_2,mistralai/mistral-small-4-119b-2603,0,13,3,0.2308,2,0.6667,13,27,0.4815,4,0.3077,3,0.2308
exp3_m0_g9_1775067501826,3,nim,https://integrate.api.nvidia.com/v1,2026-03-26,p1939995863,2,48875432,,winner,minimaxai/minimax-m2.5;qwen/qwen3.5-397b-a17b;mistralai/mistral-small-4-119b-2603;nvidia/nemotron-3-super-120b-a12b,player_3,nvidia/nemotron-3-super-120b-a12b,1,13,3,0.2308,1,0.3333,1,17,0.0588,0,0.0000,3,0.2308
exp3_m10_g0_1775059495504,3,nim,https://integrate.api.nvidia.com/v1,2026-03-26,p1939995863,2,1515158652,,winner,minimaxai/minimax-m2.5;z-ai/glm5;nvidia/nemotron-3-super-120b-a12b;mistralai/mistral-small-4-119b-2603,player_0,minimaxai/minimax-m2.5,0,13,3,0.2308,0,0.0000,12,38,0.3158,4,0.3333,3,0.2308
exp3_m10_g0_1775059495504,3,nim,https://integrate.api.nvidia.com/v1,2026-03-26,p1939995863,2,1515158652,,winner,minimaxai/minimax-m2.5;z-ai/glm5;nvidia/nemotron-3-super-120b-a12b;mistralai/mistral-small-4-119b-2603,player_1,z-ai/glm5,0,13,4,0.3077,0,0.0000,3,30,0.1000,1,0.3333,4,0.3077
exp3_m10_g0_1775059495504,3,nim,https://integrate.api.nvidia.com/v1,2026-03-26,p1939995863,2,1515158652,,winner,minimaxai/minimax-m2.5;z-ai/glm5;nvidia/nemotron-3-super-120b-a12b;mistralai/mistral-small-4-119b-2603,player_2,nvidia/nemotron-3-super-120b-a12b,1,13,4,0.3077,1,0.2500,4,28,0.1429,4,1.0000,4,0.3077
exp3_m10_g0_1775059495504,3,nim,https://integrate.api.nvidia.com/v1,2026-03-26,p1939995863,2,1515158652,,winner,minimaxai/minimax-m2.5;z-ai/glm5;nvidia/nemotron-3-super-120b-a12b;mistralai/mistral-small-4-119b-2603,player_3,mistralai/mistral-small-4-119b-2603,0,12,3,0.2500,1,0.3333,16,26,0.6154,3,0.1875,3,0.2500
exp3_m10_g1_1775065792040,3,nim,https://integrate.api.nvidia.com/v1,2026-03-26,p1939995863,2,1515158653,,winner,nvidia/nemotron-3-super-120b-a12b;mistralai/mistral-small-4-119b-2603;minimaxai/minimax-m2.5;z-ai/glm5,player_0,nvidia/nemotron-3-super-120b-a12b,0,12,2,0.1667,0,0.0000,13,38,0.3421,6,0.4615,2,0.1667
exp3_m10_g1_1775065792040,3,nim,https://integrate.api.nvidia.com/v1,2026-03-26,p1939995863,2,1515158653,,winner,nvidia/nemotron-3-super-120b-a12b;mistralai/mistral-small-4-119b-2603;minimaxai/minimax-m2.5;z-ai/glm5,player_1,mistralai/mistral-small-4-119b-2603,0,13,4,0.3077,1,0.2500,15,28,0.5357,5,0.3333,4,0.3077
exp3_m10_g1_1775065792040,3,nim,https://integrate.api.nvidia.com/v1,2026-03-26,p1939995863,2,1515158653,,winner,nvidia/nemotron-3-super-120b-a12b;mistralai/mistral-small-4-119b-2603;minimaxai/minimax-m2.5;z-ai/glm5,player_2,minimaxai/minimax-m2.5,1,13,3,0.2308,0,0.0000,2,19,0.1053,0,0.0000,3,0.2308
exp3_m10_g1_1775065792040,3,nim,https://integrate.api.nvidia.com/v1,2026-03-26,p1939995863,2,1515158653,,winner,nvidia/nemotron-3-super-120b-a12b;mistralai/mistral-small-4-119b-2603;minimaxai/minimax-m2.5;z-ai/glm5,player_3,z-ai/glm5,0,12,4,0.3333,0,0.0000,1,17,0.0588,1,1.0000,4,0.3333
exp3_m10_g2_1775073439284,3,nim,https://integrate.api.nvidia.com/v1,2026-03-26,p1939995863,2,1515158654,,winner,z-ai/glm5;nvidia/nemotron-3-super-120b-a12b;mistralai/mistral-small-4-119b-2603;minimaxai/minimax-m2.5,player_0,z-ai/glm5,1,13,4,0.3077,1,0.2500,0,36,0.0000,0,0.0000,4,0.3077
exp3_m10_g2_1775073439284,3,nim,https://integrate.api.nvidia.com/v1,2026-03-26,p1939995863,2,1515158654,,winner,z-ai/glm5;nvidia/nemotron-3-super-120b-a12b;mistralai/mistral-small-4-119b-2603;minimaxai/minimax-m2.5,player_1,nvidia/nemotron-3-super-120b-a12b,0,12,2,0.1667,1,0.5000,8,37,0.2162,4,0.5000,2,0.1667
exp3_m10_g2_1775073439284,3,nim,https://integrate.api.nvidia.com/v1,2026-03-26,p1939995863,2,1515158654,,winner,z-ai/glm5;nvidia/nemotron-3-super-120b-a12b;mistralai/mistral-small-4-119b-2603;minimaxai/minimax-m2.5,player_2,mistralai/mistral-small-4-119b-2603,0,12,2,0.1667,2,1.0000,13,30,0.4333,1,0.0769,2,0.1667
exp3_m10_g2_1775073439284,3,nim,https://integrate.api.nvidia.com/v1,2026-03-26,p1939995863,2,1515158654,,winner,z-ai/glm5;nvidia/nemotron-3-super-120b-a12b;mistralai/mistral-small-4-119b-2603;minimaxai/minimax-m2.5,player_3,minimaxai/minimax-m2.5,0,12,2,0.1667,0,0.0000,4,22,0.1818,1,0.2500,2,0.1667
exp3_m10_g3_1775080672713,3,nim,https://integrate.api.nvidia.com/v1,2026-03-26,p1939995863,2,1515158655,,winner,mistralai/mistral-small-4-119b-2603;nvidia/nemotron-3-super-120b-a12b;minimaxai/minimax-m2.5;z-ai/glm5,player_0,mistralai/mistral-small-4-119b-2603,0,31,3,0.0968,3,1.0000,52,93,0.5591,25,0.4808,3,0.0968
exp3_m10_g3_1775080672713,3,nim,https://integrate.api.nvidia.com/v1,2026-03-26,p1939995863,2,1515158655,,winner,mistralai/mistral-small-4-119b-2603;nvidia/nemotron-3-super-120b-a12b;minimaxai/minimax-m2.5;z-ai/glm5,player_1,nvidia/nemotron-3-super-120b-a12b,0,31,7,0.2258,1,0.1429,10,58,0.1724,1,0.1000,7,0.2258
exp3_m10_g3_1775080672713,3,nim,https://integrate.api.nvidia.com/v1,2026-03-26,p1939995863,2,1515158655,,winner,mistralai/mistral-small-4-119b-2603;nvidia/nemotron-3-super-120b-a12b;minimaxai/minimax-m2.5;z-ai/glm5,player_2,minimaxai/minimax-m2.5,1,31,11,0.3548,3,0.2727,4,49,0.0816,0,0.0000,11,0.3548
exp3_m10_g3_1775080672713,3,nim,https://integrate.api.nvidia.com/v1,2026-03-26,p1939995863,2,1515158655,,winner,mistralai/mistral-small-4-119b-2603;nvidia/nemotron-3-super-120b-a12b;minimaxai/minimax-m2.5;z-ai/glm5,player_3,z-ai/glm5,0,31,16,0.5161,2,0.1250,10,50,0.2000,2,0.2000,16,0.5161
exp3_m10_g4_1775092108335,3,nim,https://integrate.api.nvidia.com/v1,2026-03-26,p1939995863,2,1515158656,,winner,minimaxai/minimax-m2.5;mistralai/mistral-small-4-119b-2603;z-ai/glm5;nvidia/nemotron-3-super-120b-a12b,player_0,minimaxai/minimax-m2.5,0,19,6,0.3158,1,0.1667,14,57,0.2456,5,0.3571,6,0.3158
exp3_m10_g4_1775092108335,3,nim,https://integrate.api.nvidia.com/v1,2026-03-26,p1939995863,2,1515158656,,winner,minimaxai/minimax-m2.5;mistralai/mistral-small-4-119b-2603;z-ai/glm5;nvidia/nemotron-3-super-120b-a12b,player_1,mistralai/mistral-small-4-119b-2603,0,19,4,0.2105,4,1.0000,27,46,0.5870,6,0.2222,4,0.2105
exp3_m10_g4_1775092108335,3,nim,https://integrate.api.nvidia.com/v1,2026-03-26,p1939995863,2,1515158656,,winner,minimaxai/minimax-m2.5;mistralai/mistral-small-4-119b-2603;z-ai/glm5;nvidia/nemotron-3-super-120b-a12b,player_2,z-ai/glm5,1,19,5,0.2632,2,0.4000,1,29,0.0345,1,1.0000,5,0.2632
exp3_m10_g4_1775092108335,3,nim,https://integrate.api.nvidia.com/v1,2026-03-26,p1939995863,2,1515158656,,winner,minimaxai/minimax-m2.5;mistralai/mistral-small-4-119b-2603;z-ai/glm5;nvidia/nemotron-3-super-120b-a12b,player_3,nvidia/nemotron-3-super-120b-a12b,0,19,5,0.2632,0,0.0000,3,29,0.1034,1,0.3333,5,0.2632
exp3_m10_g5_1775097282036,3,nim,https://integrate.api.nvidia.com/v1,2026-03-26,p1939995863,2,1515158657,,winner,nvidia/nemotron-3-super-120b-a12b;mistralai/mistral-small-4-119b-2603;z-ai/glm5;minimaxai/minimax-m2.5,player_0,nvidia/nemotron-3-super-120b-a12b,1,12,1,0.0833,1,1.0000,7,34,0.2059,6,0.8571,1,0.0833
exp3_m10_g5_1775097282036,3,nim,https://integrate.api.nvidia.com/v1,2026-03-26,p1939995863,2,1515158657,,winner,nvidia/nemotron-3-super-120b-a12b;mistralai/mistral-small-4-119b-2603;z-ai/glm5;minimaxai/minimax-m2.5,player_1,mistralai/mistral-small-4-119b-2603,0,11,1,0.0909,0,0.0000,15,29,0.5172,2,0.1333,1,0.0909
exp3_m10_g5_1775097282036,3,nim,https://integrate.api.nvidia.com/v1,2026-03-26,p1939995863,2,1515158657,,winner,nvidia/nemotron-3-super-120b-a12b;mistralai/mistral-small-4-119b-2603;z-ai/glm5;minimaxai/minimax-m2.5,player_2,z-ai/glm5,0,11,2,0.1818,0,0.0000,0,22,0.0000,0,0.0000,2,0.1818
exp3_m10_g5_1775097282036,3,nim,https://integrate.api.nvidia.com/v1,2026-03-26,p1939995863,2,1515158657,,winner,nvidia/nemotron-3-super-120b-a12b;mistralai/mistral-small-4-119b-2603;z-ai/glm5;minimaxai/minimax-m2.5,player_3,minimaxai/minimax-m2.5,0,12,6,0.5000,1,0.1667,1,20,0.0500,0,0.0000,6,0.5000
exp3_m10_g6_1775151348287,3,nim,https://integrate.api.nvidia.com/v1,2026-03-26,p1939995863,2,1515158658,,winner,nvidia/nemotron-3-super-120b-a12b;mistralai/mistral-small-4-119b-2603;z-ai/glm5;minimaxai/minimax-m2.5,player_0,nvidia/nemotron-3-super-120b-a12b,0,14,4,0.2857,2,0.5000,7,42,0.1667,3,0.4286,4,0.2857
exp3_m10_g6_1775151348287,3,nim,https://integrate.api.nvidia.com/v1,2026-03-26,p1939995863,2,1515158658,,winner,nvidia/nemotron-3-super-120b-a12b;mistralai/mistral-small-4-119b-2603;z-ai/glm5;minimaxai/minimax-m2.5,player_1,mistralai/mistral-small-4-119b-2603,0,14,2,0.1429,1,0.5000,17,38,0.4474,3,0.1765,2,0.1429
exp3_m10_g6_1775151348287,3,nim,https://integrate.api.nvidia.com/v1,2026-03-26,p1939995863,2,1515158658,,winner,nvidia/nemotron-3-super-120b-a12b;mistralai/mistral-small-4-119b-2603;z-ai/glm5;minimaxai/minimax-m2.5,player_2,z-ai/glm5,0,14,5,0.3571,3,0.6000,3,25,0.1200,1,0.3333,5,0.3571
exp3_m10_g6_1775151348287,3,nim,https://integrate.api.nvidia.com/v1,2026-03-26,p1939995863,2,1515158658,,winner,nvidia/nemotron-3-super-120b-a12b;mistralai/mistral-small-4-119b-2603;z-ai/glm5;minimaxai/minimax-m2.5,player_3,minimaxai/minimax-m2.5,1,14,2,0.1429,0,0.0000,1,23,0.0435,0,0.0000,2,0.1429
exp3_m10_g7_1775158562530,3,nim,https://integrate.api.nvidia.com/v1,2026-03-26,p1939995863,2,1515158659,,winner,minimaxai/minimax-m2.5;mistralai/mistral-small-4-119b-2603;z-ai/glm5;nvidia/nemotron-3-super-120b-a12b,player_0,minimaxai/minimax-m2.5,0,12,4,0.3333,1,0.2500,11,37,0.2973,3,0.2727,4,0.3333
exp3_m10_g7_1775158562530,3,nim,https://integrate.api.nvidia.com/v1,2026-03-26,p1939995863,2,1515158659,,winner,minimaxai/minimax-m2.5;mistralai/mistral-small-4-119b-2603;z-ai/glm5;nvidia/nemotron-3-super-120b-a12b,player_1,mistralai/mistral-small-4-119b-2603,0,12,3,0.2500,1,0.3333,18,29,0.6207,4,0.2222,3,0.2500
exp3_m10_g7_1775158562530,3,nim,https://integrate.api.nvidia.com/v1,2026-03-26,p1939995863,2,1515158659,,winner,minimaxai/minimax-m2.5;mistralai/mistral-small-4-119b-2603;z-ai/glm5;nvidia/nemotron-3-super-120b-a12b,player_2,z-ai/glm5,0,12,3,0.2500,0,0.0000,5,18,0.2778,3,0.6000,3,0.2500
exp3_m10_g7_1775158562530,3,nim,https://integrate.api.nvidia.com/v1,2026-03-26,p1939995863,2,1515158659,,winner,minimaxai/minimax-m2.5;mistralai/mistral-small-4-119b-2603;z-ai/glm5;nvidia/nemotron-3-super-120b-a12b,player_3,nvidia/nemotron-3-super-120b-a12b,1,13,3,0.2308,1,0.3333,0,12,0.0000,0,0.0000,3,0.2308
exp3_m10_g8_1775161972938,3,nim,https://integrate.api.nvidia.com/v1,2026-03-26,p1939995863,2,1515158660,,winner,nvidia/nemotron-3-super-120b-a12b;minimaxai/minimax-m2.5;z-ai/glm5;mistralai/mistral-small-4-119b-2603,player_0,nvidia/nemotron-3-super-120b-a12b,0,57,18,0.3158,2,0.1111,55,171,0.3216,28,0.5091,18,0.3158
exp3_m10_g8_1775161972938,3,nim,https://integrate.api.nvidia.com/v1,2026-03-26,p1939995863,2,1515158660,,winner,nvidia/nemotron-3-super-120b-a12b;minimaxai/minimax-m2.5;z-ai/glm5;mistralai/mistral-small-4-119b-2603,player_1,minimaxai/minimax-m2.5,0,57,24,0.4211,3,0.1250,32,136,0.2353,12,0.3750,24,0.4211
exp3_m10_g8_1775161972938,3,nim,https://integrate.api.nvidia.com/v1,2026-03-26,p1939995863,2,1515158660,,winner,nvidia/nemotron-3-super-120b-a12b;minimaxai/minimax-m2.5;z-ai/glm5;mistralai/mistral-small-4-119b-2603,player_2,z-ai/glm5,1,57,26,0.4561,6,0.2308,22,113,0.1947,6,0.2727,26,0.4561
exp3_m10_g8_1775161972938,3,nim,https://integrate.api.nvidia.com/v1,2026-03-26,p1939995863,2,1515158660,,winner,nvidia/nemotron-3-super-120b-a12b;minimaxai/minimax-m2.5;z-ai/glm5;mistralai/mistral-small-4-119b-2603,player_3,mistralai/mistral-small-4-119b-2603,0,57,12,0.2105,6,0.5000,49,91,0.5385,17,0.3469,12,0.2105
exp3_m10_g9_1775192275277,3,nim,https://integrate.api.nvidia.com/v1,2026-03-26,p1939995863,2,1515158661,,winner,z-ai/glm5;minimaxai/minimax-m2.5;mistralai/mistral-small-4-119b-2603;nvidia/nemotron-3-super-120b-a12b,player_0,z-ai/glm5,0,22,10,0.4545,4,0.4000,13,68,0.1912,5,0.3846,10,0.4545
exp3_m10_g9_1775192275277,3,nim,https://integrate.api.nvidia.com/v1,2026-03-26,p1939995863,2,1515158661,,winner,z-ai/glm5;minimaxai/minimax-m2.5;mistralai/mistral-small-4-119b-2603;nvidia/nemotron-3-super-120b-a12b,player_1,minimaxai/minimax-m2.5,0,22,5,0.2273,0,0.0000,14,58,0.2414,2,0.1429,5,0.2273
exp3_m10_g9_1775192275277,3,nim,https://integrate.api.nvidia.com/v1,2026-03-26,p1939995863,2,1515158661,,winner,z-ai/glm5;minimaxai/minimax-m2.5;mistralai/mistral-small-4-119b-2603;nvidia/nemotron-3-super-120b-a12b,player_2,mistralai/mistral-small-4-119b-2603,0,23,3,0.1304,0,0.0000,26,48,0.5417,11,0.4231,3,0.1304
exp3_m10_g9_1775192275277,3,nim,https://integrate.api.nvidia.com/v1,2026-03-26,p1939995863,2,1515158661,,winner,z-ai/glm5;minimaxai/minimax-m2.5;mistralai/mistral-small-4-119b-2603;nvidia/nemotron-3-super-120b-a12b,player_3,nvidia/nemotron-3-super-120b-a12b,1,23,7,0.3043,0,0.0000,7,35,0.2000,3,0.4286,7,0.3043
exp3_m11_g0_1775200653987,3,nim,https://integrate.api.nvidia.com/v1,2026-03-26,p1939995863,2,1515159613,,winner,moonshotai/kimi-k2.5;mistralai/mistral-small-4-119b-2603;nvidia/nemotron-3-super-120b-a12b;minimaxai/minimax-m2.5,player_0,moonshotai/kimi-k2.5,1,11,3,0.2727,0,0.0000,3,32,0.0938,3,1.0000,3,0.2727
exp3_m11_g0_1775200653987,3,nim,https://integrate.api.nvidia.com/v1,2026-03-26,p1939995863,2,1515159613,,winner,moonshotai/kimi-k2.5;mistralai/mistral-small-4-119b-2603;nvidia/nemotron-3-super-120b-a12b;minimaxai/minimax-m2.5,player_1,mistralai/mistral-small-4-119b-2603,0,10,1,0.1000,0,0.0000,16,31,0.5161,5,0.3125,1,0.1000
exp3_m11_g0_1775200653987,3,nim,https://integrate.api.nvidia.com/v1,2026-03-26,p1939995863,2,1515159613,,winner,moonshotai/kimi-k2.5;mistralai/mistral-small-4-119b-2603;nvidia/nemotron-3-super-120b-a12b;minimaxai/minimax-m2.5,player_2,nvidia/nemotron-3-super-120b-a12b,0,11,4,0.3636,2,0.5000,2,18,0.1111,0,0.0000,4,0.3636
exp3_m11_g0_1775200653987,3,nim,https://integrate.api.nvidia.com/v1,2026-03-26,p1939995863,2,1515159613,,winner,moonshotai/kimi-k2.5;mistralai/mistral-small-4-119b-2603;nvidia/nemotron-3-super-120b-a12b;minimaxai/minimax-m2.5,player_3,minimaxai/minimax-m2.5,0,11,4,0.3636,2,0.5000,2,17,0.1176,0,0.0000,4,0.3636
exp3_m11_g1_1775216973482,3,nim,https://integrate.api.nvidia.com/v1,2026-03-26,p1939995863,2,1515159614,,winner,minimaxai/minimax-m2.5;moonshotai/kimi-k2.5;mistralai/mistral-small-4-119b-2603;nvidia/nemotron-3-super-120b-a12b,player_0,minimaxai/minimax-m2.5,0,11,3,0.2727,0,0.0000,8,35,0.2286,4,0.5000,3,0.2727
exp3_m11_g1_1775216973482,3,nim,https://integrate.api.nvidia.com/v1,2026-03-26,p1939995863,2,1515159614,,winner,minimaxai/minimax-m2.5;moonshotai/kimi-k2.5;mistralai/mistral-small-4-119b-2603;nvidia/nemotron-3-super-120b-a12b,player_1,moonshotai/kimi-k2.5,0,11,3,0.2727,0,0.0000,2,30,0.0667,2,1.0000,3,0.2727
exp3_m11_g1_1775216973482,3,nim,https://integrate.api.nvidia.com/v1,2026-03-26,p1939995863,2,1515159614,,winner,minimaxai/minimax-m2.5;moonshotai/kimi-k2.5;mistralai/mistral-small-4-119b-2603;nvidia/nemotron-3-super-120b-a12b,player_2,mistralai/mistral-small-4-119b-2603,0,12,2,0.1667,1,0.5000,13,26,0.5000,2,0.1538,2,0.1667
exp3_m11_g1_1775216973482,3,nim,https://integrate.api.nvidia.com/v1,2026-03-26,p1939995863,2,1515159614,,winner,minimaxai/minimax-m2.5;moonshotai/kimi-k2.5;mistralai/mistral-small-4-119b-2603;nvidia/nemotron-3-super-120b-a12b,player_3,nvidia/nemotron-3-super-120b-a12b,1,12,3,0.2500,1,0.3333,1,19,0.0526,1,1.0000,3,0.2500
exp3_m11_g2_1775229654786,3,nim,https://integrate.api.nvidia.com/v1,2026-03-26,p1939995863,2,1515159615,,winner,moonshotai/kimi-k2.5;mistralai/mistral-small-4-119b-2603;minimaxai/minimax-m2.5;nvidia/nemotron-3-super-120b-a12b,player_0,moonshotai/kimi-k2.5,1,13,4,0.3077,0,0.0000,8,37,0.2162,6,0.7500,4,0.3077
exp3_m11_g2_1775229654786,3,nim,https://integrate.api.nvidia.com/v1,2026-03-26,p1939995863,2,1515159615,,winner,moonshotai/kimi-k2.5;mistralai/mistral-small-4-119b-2603;minimaxai/minimax-m2.5;nvidia/nemotron-3-super-120b-a12b,player_1,mistralai/mistral-small-4-119b-2603,0,12,2,0.1667,1,0.5000,17,31,0.5484,4,0.2353,2,0.1667
exp3_m11_g2_1775229654786,3,nim,https://integrate.api.nvidia.com/v1,2026-03-26,p1939995863,2,1515159615,,winner,moonshotai/kimi-k2.5;mistralai/mistral-small-4-119b-2603;minimaxai/minimax-m2.5;nvidia/nemotron-3-super-120b-a12b,player_2,minimaxai/minimax-m2.5,0,12,2,0.1667,0,0.0000,10,20,0.5000,1,0.1000,2,0.1667
exp3_m11_g2_1775229654786,3,nim,https://integrate.api.nvidia.com/v1,2026-03-26,p1939995863,2,1515159615,,winner,moonshotai/kimi-k2.5;mistralai/mistral-small-4-119b-2603;minimaxai/minimax-m2.5;nvidia/nemotron-3-super-120b-a12b,player_3,nvidia/nemotron-3-super-120b-a12b,0,13,5,0.3846,1,0.2000,0,13,0.0000,0,0.0000,5,0.3846
exp3_m11_g3_1775239162737,3,nim,https://integrate.api.nvidia.com/v1,2026-03-26,p1939995863,2,1515159616,,winner,minimaxai/minimax-m2.5;nvidia/nemotron-3-super-120b-a12b;mistralai/mistral-small-4-119b-2603;moonshotai/kimi-k2.5,player_0,minimaxai/minimax-m2.5,0,12,2,0.1667,0,0.0000,10,36,0.2778,4,0.4000,2,0.1667
exp3_m11_g3_1775239162737,3,nim,https://integrate.api.nvidia.com/v1,2026-03-26,p1939995863,2,1515159616,,winner,minimaxai/minimax-m2.5;nvidia/nemotron-3-super-120b-a12b;mistralai/mistral-small-4-119b-2603;moonshotai/kimi-k2.5,player_1,nvidia/nemotron-3-super-120b-a12b,0,12,4,0.3333,1,0.2500,4,30,0.1333,1,0.2500,4,0.3333
exp3_m11_g3_1775239162737,3,nim,https://integrate.api.nvidia.com/v1,2026-03-26,p1939995863,2,1515159616,,winner,minimaxai/minimax-m2.5;nvidia/nemotron-3-super-120b-a12b;mistralai/mistral-small-4-119b-2603;moonshotai/kimi-k2.5,player_2,mistralai/mistral-small-4-119b-2603,0,12,4,0.3333,3,0.7500,11,26,0.4231,2,0.1818,4,0.3333
exp3_m11_g3_1775239162737,3,nim,https://integrate.api.nvidia.com/v1,2026-03-26,p1939995863,2,1515159616,,winner,minimaxai/minimax-m2.5;nvidia/nemotron-3-super-120b-a12b;mistralai/mistral-small-4-119b-2603;moonshotai/kimi-k2.5,player_3,moonshotai/kimi-k2.5,1,12,2,0.1667,1,0.5000,1,19,0.0526,0,0.0000,2,0.1667
exp3_m11_g4_1775248346241,3,nim,https://integrate.api.nvidia.com/v1,2026-03-26,p1939995863,2,1515159617,,winner,moonshotai/kimi-k2.5;minimaxai/minimax-m2.5;nvidia/nemotron-3-super-120b-a12b;mistralai/mistral-small-4-119b-2603,player_0,moonshotai/kimi-k2.5,0,25,9,0.3600,1,0.1111,24,75,0.3200,13,0.5417,9,0.3600
exp3_m11_g4_1775248346241,3,nim,https://integrate.api.nvidia.com/v1,2026-03-26,p1939995863,2,1515159617,,winner,moonshotai/kimi-k2.5;minimaxai/minimax-m2.5;nvidia/nemotron-3-super-120b-a12b;mistralai/mistral-small-4-119b-2603,player_1,minimaxai/minimax-m2.5,1,25,6,0.2400,1,0.1667,17,57,0.2982,8,0.4706,6,0.2400
exp3_m11_g4_1775248346241,3,nim,https://integrate.api.nvidia.com/v1,2026-03-26,p1939995863,2,1515159617,,winner,moonshotai/kimi-k2.5;minimaxai/minimax-m2.5;nvidia/nemotron-3-super-120b-a12b;mistralai/mistral-small-4-119b-2603,player_2,nvidia/nemotron-3-super-120b-a12b,0,25,12,0.4800,0,0.0000,8,51,0.1569,3,0.3750,12,0.4800
exp3_m11_g4_1775248346241,3,nim,https://integrate.api.nvidia.com/v1,2026-03-26,p1939995863,2,1515159617,,winner,moonshotai/kimi-k2.5;minimaxai/minimax-m2.5;nvidia/nemotron-3-super-120b-a12b;mistralai/mistral-small-4-119b-2603,player_3,mistralai/mistral-small-4-119b-2603,0,25,8,0.3200,5,0.6250,16,35,0.4571,4,0.2500,8,0.3200
exp3_m11_g5_1775274878470,3,nim,https://integrate.api.nvidia.com/v1,2026-03-26,p1939995863,2,1515159618,,winner,minimaxai/minimax-m2.5;nvidia/nemotron-3-super-120b-a12b;moonshotai/kimi-k2.5;mistralai/mistral-small-4-119b-2603,player_0,minimaxai/minimax-m2.5,0,14,1,0.0714,0,0.0000,14,40,0.3500,5,0.3571,1,0.0714
exp3_m11_g5_1775274878470,3,nim,https://integrate.api.nvidia.com/v1,2026-03-26,p1939995863,2,1515159618,,winner,minimaxai/minimax-m2.5;nvidia/nemotron-3-super-120b-a12b;moonshotai/kimi-k2.5;mistralai/mistral-small-4-119b-2603,player_1,nvidia/nemotron-3-super-120b-a12b,1,14,6,0.4286,3,0.5000,3,29,0.1034,1,0.3333,6,0.4286
exp3_m11_g5_1775274878470,3,nim,https://integrate.api.nvidia.com/v1,2026-03-26,p1939995863,2,1515159618,,winner,minimaxai/minimax-m2.5;nvidia/nemotron-3-super-120b-a12b;moonshotai/kimi-k2.5;mistralai/mistral-small-4-119b-2603,player_2,moonshotai/kimi-k2.5,0,13,4,0.3077,0,0.0000,2,32,0.0625,1,0.5000,4,0.3077
exp3_m11_g5_1775274878470,3,nim,https://integrate.api.nvidia.com/v1,2026-03-26,p1939995863,2,1515159618,,winner,minimaxai/minimax-m2.5;nvidia/nemotron-3-super-120b-a12b;moonshotai/kimi-k2.5;mistralai/mistral-small-4-119b-2603,player_3,mistralai/mistral-small-4-119b-2603,0,13,4,0.3077,3,0.7500,12,27,0.4444,2,0.1667,4,0.3077
exp3_m11_g6_1775285108805,3,nim,https://integrate.api.nvidia.com/v1,2026-03-26,p1939995863,2,1515159619,,winner,moonshotai/kimi-k2.5;nvidia/nemotron-3-super-120b-a12b;mistralai/mistral-small-4-119b-2603;minimaxai/minimax-m2.5,player_0,moonshotai/kimi-k2.5,1,14,2,0.1429,0,0.0000,5,39,0.1282,3,0.6000,2,0.1429
exp3_m11_g6_1775285108805,3,nim,https://integrate.api.nvidia.com/v1,2026-03-26,p1939995863,2,1515159619,,winner,moonshotai/kimi-k2.5;nvidia/nemotron-3-super-120b-a12b;mistralai/mistral-small-4-119b-2603;minimaxai/minimax-m2.5,player_1,nvidia/nemotron-3-super-120b-a12b,0,13,3,0.2308,2,0.6667,7,36,0.1944,1,0.1429,3,0.2308
exp3_m11_g6_1775285108805,3,nim,https://integrate.api.nvidia.com/v1,2026-03-26,p1939995863,2,1515159619,,winner,moonshotai/kimi-k2.5;nvidia/nemotron-3-super-120b-a12b;mistralai/mistral-small-4-119b-2603;minimaxai/minimax-m2.5,player_2,mistralai/mistral-small-4-119b-2603,0,13,2,0.1538,0,0.0000,17,32,0.5313,2,0.1176,2,0.1538
exp3_m11_g6_1775285108805,3,nim,https://integrate.api.nvidia.com/v1,2026-03-26,p1939995863,2,1515159619,,winner,moonshotai/kimi-k2.5;nvidia/nemotron-3-super-120b-a12b;mistralai/mistral-small-4-119b-2603;minimaxai/minimax-m2.5,player_3,minimaxai/minimax-m2.5,0,13,3,0.2308,1,0.3333,5,20,0.2500,1,0.2000,3,0.2308
exp3_m11_g7_1775314282680,3,nim,https://integrate.api.nvidia.com/v1,2026-03-26,p1939995863,2,1515159620,,winner,minimaxai/minimax-m2.5;moonshotai/kimi-k2.5;nvidia/nemotron-3-super-120b-a12b;mistralai/mistral-small-4-119b-2603,player_0,minimaxai/minimax-m2.5,0,14,3,0.2143,0,0.0000,9,40,0.2250,2,0.2222,3,0.2143
exp3_m11_g7_1775314282680,3,nim,https://integrate.api.nvidia.com/v1,2026-03-26,p1939995863,2,1515159620,,winner,minimaxai/minimax-m2.5;moonshotai/kimi-k2.5;nvidia/nemotron-3-super-120b-a12b;mistralai/mistral-small-4-119b-2603,player_1,moonshotai/kimi-k2.5,1,14,3,0.2143,1,0.3333,5,33,0.1515,2,0.4000,3,0.2143
exp3_m11_g7_1775314282680,3,nim,https://integrate.api.nvidia.com/v1,2026-03-26,p1939995863,2,1515159620,,winner,minimaxai/minimax-m2.5;moonshotai/kimi-k2.5;nvidia/nemotron-3-super-120b-a12b;mistralai/mistral-small-4-119b-2603,player_2,nvidia/nemotron-3-super-120b-a12b,0,13,4,0.3077,2,0.5000,6,32,0.1875,3,0.5000,4,0.3077
exp3_m11_g7_1775314282680,3,nim,https://integrate.api.nvidia.com/v1,2026-03-26,p1939995863,2,1515159620,,winner,minimaxai/minimax-m2.5;moonshotai/kimi-k2.5;nvidia/nemotron-3-super-120b-a12b;mistralai/mistral-small-4-119b-2603,player_3,mistralai/mistral-small-4-119b-2603,0,13,4,0.3077,2,0.5000,16,27,0.5926,2,0.1250,4,0.3077
exp3_m11_g8_1775330315879,3,nim,https://integrate.api.nvidia.com/v1,2026-03-26,p1939995863,2,1515159621,,winner,minimaxai/minimax-m2.5;moonshotai/kimi-k2.5;nvidia/nemotron-3-super-120b-a12b;mistralai/mistral-small-4-119b-2603,player_0,minimaxai/minimax-m2.5,0,13,2,0.1538,0,0.0000,10,38,0.2632,2,0.2000,2,0.1538
exp3_m11_g8_1775330315879,3,nim,https://integrate.api.nvidia.com/v1,2026-03-26,p1939995863,2,1515159621,,winner,minimaxai/minimax-m2.5;moonshotai/kimi-k2.5;nvidia/nemotron-3-super-120b-a12b;mistralai/mistral-small-4-119b-2603,player_1,moonshotai/kimi-k2.5,1,13,4,0.3077,1,0.2500,3,32,0.0938,2,0.6667,4,0.3077
exp3_m11_g8_1775330315879,3,nim,https://integrate.api.nvidia.com/v1,2026-03-26,p1939995863,2,1515159621,,winner,minimaxai/minimax-m2.5;moonshotai/kimi-k2.5;nvidia/nemotron-3-super-120b-a12b;mistralai/mistral-small-4-119b-2603,player_2,nvidia/nemotron-3-super-120b-a12b,0,12,2,0.1667,1,0.5000,3,29,0.1034,1,0.3333,2,0.1667
exp3_m11_g8_1775330315879,3,nim,https://integrate.api.nvidia.com/v1,2026-03-26,p1939995863,2,1515159621,,winner,minimaxai/minimax-m2.5;moonshotai/kimi-k2.5;nvidia/nemotron-3-super-120b-a12b;mistralai/mistral-small-4-119b-2603,player_3,mistralai/mistral-small-4-119b-2603,0,13,6,0.4615,4,0.6667,17,27,0.6296,3,0.1765,6,0.4615
exp3_m11_g9_1775346165081,3,nim,https://integrate.api.nvidia.com/v1,2026-03-26,p1939995863,2,1515159622,,winner,nvidia/nemotron-3-super-120b-a12b;moonshotai/kimi-k2.5;minimaxai/minimax-m2.5;mistralai/mistral-small-4-119b-2603,player_0,nvidia/nemotron-3-super-120b-a12b,0,30,6,0.2000,1,0.1667,32,89,0.3596,13,0.4063,6,0.2000
exp3_m11_g9_1775346165081,3,nim,https://integrate.api.nvidia.com/v1,2026-03-26,p1939995863,2,1515159622,,winner,nvidia/nemotron-3-super-120b-a12b;moonshotai/kimi-k2.5;minimaxai/minimax-m2.5;mistralai/mistral-small-4-119b-2603,player_1,moonshotai/kimi-k2.5,1,30,14,0.4667,2,0.1429,7,69,0.1014,4,0.5714,14,0.4667
exp3_m11_g9_1775346165081,3,nim,https://integrate.api.nvidia.com/v1,2026-03-26,p1939995863,2,1515159622,,winner,nvidia/nemotron-3-super-120b-a12b;moonshotai/kimi-k2.5;minimaxai/minimax-m2.5;mistralai/mistral-small-4-119b-2603,player_2,minimaxai/minimax-m2.5,0,29,8,0.2759,2,0.2500,10,62,0.1613,0,0.0000,8,0.2759
exp3_m11_g9_1775346165081,3,nim,https://integrate.api.nvidia.com/v1,2026-03-26,p1939995863,2,1515159622,,winner,nvidia/nemotron-3-super-120b-a12b;moonshotai/kimi-k2.5;minimaxai/minimax-m2.5;mistralai/mistral-small-4-119b-2603,player_3,mistralai/mistral-small-4-119b-2603,0,30,6,0.2000,2,0.3333,30,51,0.5882,10,0.3333,6,0.2000
exp3_m12_g0_1775369202507,3,nim,https://integrate.api.nvidia.com/v1,2026-03-26,p1939995863,2,1515160574,,winner,z-ai/glm5;minimaxai/minimax-m2.5;moonshotai/kimi-k2.5;nvidia/nemotron-3-super-120b-a12b,player_0,z-ai/glm5,0,22,0,0.0000,0,0.0000,18,68,0.2647,8,0.4444,0,0.0000
exp3_m12_g0_1775369202507,3,nim,https://integrate.api.nvidia.com/v1,2026-03-26,p1939995863,2,1515160574,,winner,z-ai/glm5;minimaxai/minimax-m2.5;moonshotai/kimi-k2.5;nvidia/nemotron-3-super-120b-a12b,player_1,minimaxai/minimax-m2.5,0,23,6,0.2609,2,0.3333,10,53,0.1887,1,0.1000,6,0.2609
exp3_m12_g0_1775369202507,3,nim,https://integrate.api.nvidia.com/v1,2026-03-26,p1939995863,2,1515160574,,winner,z-ai/glm5;minimaxai/minimax-m2.5;moonshotai/kimi-k2.5;nvidia/nemotron-3-super-120b-a12b,player_2,moonshotai/kimi-k2.5,1,23,7,0.3043,1,0.1429,2,51,0.0392,0,0.0000,7,0.3043
exp3_m12_g0_1775369202507,3,nim,https://integrate.api.nvidia.com/v1,2026-03-26,p1939995863,2,1515160574,,winner,z-ai/glm5;minimaxai/minimax-m2.5;moonshotai/kimi-k2.5;nvidia/nemotron-3-super-120b-a12b,player_3,nvidia/nemotron-3-super-120b-a12b,0,22,6,0.2727,2,0.3333,10,46,0.2174,5,0.5000,6,0.2727
exp3_m12_g1_1775406447574,3,nim,https://integrate.api.nvidia.com/v1,2026-03-26,p1939995863,2,1515160575,,winner,minimaxai/minimax-m2.5;moonshotai/kimi-k2.5;nvidia/nemotron-3-super-120b-a12b;z-ai/glm5,player_0,minimaxai/minimax-m2.5,0,24,3,0.1250,0,0.0000,22,72,0.3056,10,0.4545,3,0.1250
exp3_m12_g1_1775406447574,3,nim,https://integrate.api.nvidia.com/v1,2026-03-26,p1939995863,2,1515160575,,winner,minimaxai/minimax-m2.5;moonshotai/kimi-k2.5;nvidia/nemotron-3-super-120b-a12b;z-ai/glm5,player_1,moonshotai/kimi-k2.5,1,24,9,0.3750,3,0.3333,11,58,0.1897,5,0.4545,9,0.3750
exp3_m12_g1_1775406447574,3,nim,https://integrate.api.nvidia.com/v1,2026-03-26,p1939995863,2,1515160575,,winner,minimaxai/minimax-m2.5;moonshotai/kimi-k2.5;nvidia/nemotron-3-super-120b-a12b;z-ai/glm5,player_2,nvidia/nemotron-3-super-120b-a12b,0,24,4,0.1667,2,0.5000,16,47,0.3404,4,0.2500,4,0.1667
exp3_m12_g1_1775406447574,3,nim,https://integrate.api.nvidia.com/v1,2026-03-26,p1939995863,2,1515160575,,winner,minimaxai/minimax-m2.5;moonshotai/kimi-k2.5;nvidia/nemotron-3-super-120b-a12b;z-ai/glm5,player_3,z-ai/glm5,0,24,11,0.4583,1,0.0909,5,40,0.1250,2,0.4000,11,0.4583
exp3_m12_g2_1775440934260,3,nim,https://integrate.api.nvidia.com/v1,2026-03-26,p1939995863,2,1515160576,,winner,moonshotai/kimi-k2.5;nvidia/nemotron-3-super-120b-a12b;z-ai/glm5;minimaxai/minimax-m2.5,player_0,moonshotai/kimi-k2.5,1,25,8,0.3200,1,0.1250,13,74,0.1757,7,0.5385,8,0.3200
exp3_m12_g2_1775440934260,3,nim,https://integrate.api.nvidia.com/v1,2026-03-26,p1939995863,2,1515160576,,winner,moonshotai/kimi-k2.5;nvidia/nemotron-3-super-120b-a12b;z-ai/glm5;minimaxai/minimax-m2.5,player_1,nvidia/nemotron-3-super-120b-a12b,0,24,11,0.4583,4,0.3636,16,67,0.2388,5,0.3125,11,0.4583
exp3_m12_g2_1775440934260,3,nim,https://integrate.api.nvidia.com/v1,2026-03-26,p1939995863,2,1515160576,,winner,moonshotai/kimi-k2.5;nvidia/nemotron-3-super-120b-a12b;z-ai/glm5;minimaxai/minimax-m2.5,player_2,z-ai/glm5,0,25,4,0.1600,1,0.2500,16,54,0.2963,7,0.4375,4,0.1600
exp3_m12_g2_1775440934260,3,nim,https://integrate.api.nvidia.com/v1,2026-03-26,p1939995863,2,1515160576,,winner,moonshotai/kimi-k2.5;nvidia/nemotron-3-super-120b-a12b;z-ai/glm5;minimaxai/minimax-m2.5,player_3,minimaxai/minimax-m2.5,0,25,3,0.1200,0,0.0000,7,40,0.1750,1,0.1429,3,0.1200
exp3_m12_g3_1775507803591,3,nim,https://integrate.api.nvidia.com/v1,2026-03-26,p1939995863,2,1515160577,,winner,z-ai/glm5;nvidia/nemotron-3-super-120b-a12b;minimaxai/minimax-m2.5;moonshotai/kimi-k2.5,player_0,z-ai/glm5,1,25,2,0.0800,0,0.0000,14,73,0.1918,8,0.5714,2,0.0800
exp3_m12_g3_1775507803591,3,nim,https://integrate.api.nvidia.com/v1,2026-03-26,p1939995863,2,1515160577,,winner,z-ai/glm5;nvidia/nemotron-3-super-120b-a12b;minimaxai/minimax-m2.5;moonshotai/kimi-k2.5,player_1,nvidia/nemotron-3-super-120b-a12b,0,24,5,0.2083,2,0.4000,15,63,0.2381,3,0.2000,5,0.2083
exp3_m12_g3_1775507803591,3,nim,https://integrate.api.nvidia.com/v1,2026-03-26,p1939995863,2,1515160577,,winner,z-ai/glm5;nvidia/nemotron-3-super-120b-a12b;minimaxai/minimax-m2.5;moonshotai/kimi-k2.5,player_2,minimaxai/minimax-m2.5,0,24,8,0.3333,2,0.2500,13,51,0.2549,4,0.3077,8,0.3333
exp3_m12_g3_1775507803591,3,nim,https://integrate.api.nvidia.com/v1,2026-03-26,p1939995863,2,1515160577,,winner,z-ai/glm5;nvidia/nemotron-3-super-120b-a12b;minimaxai/minimax-m2.5;moonshotai/kimi-k2.5,player_3,moonshotai/kimi-k2.5,0,25,8,0.3200,1,0.1250,5,49,0.1020,3,0.6000,8,0.3200
exp3_m12_g4_1775525443953,3,nim,https://integrate.api.nvidia.com/v1,2026-03-26,p1939995863,2,1515160578,,winner,minimaxai/minimax-m2.5;moonshotai/kimi-k2.5;z-ai/glm5;nvidia/nemotron-3-super-120b-a12b,player_0,minimaxai/minimax-m2.5,0,13,2,0.1538,1,0.5000,11,37,0.2973,3,0.2727,2,0.1538
exp3_m12_g4_1775525443953,3,nim,https://integrate.api.nvidia.com/v1,2026-03-26,p1939995863,2,1515160578,,winner,minimaxai/minimax-m2.5;moonshotai/kimi-k2.5;z-ai/glm5;nvidia/nemotron-3-super-120b-a12b,player_1,moonshotai/kimi-k2.5,1,13,4,0.3077,0,0.0000,3,32,0.0938,3,1.0000,4,0.3077
exp3_m12_g4_1775525443953,3,nim,https://integrate.api.nvidia.com/v1,2026-03-26,p1939995863,2,1515160578,,winner,minimaxai/minimax-m2.5;moonshotai/kimi-k2.5;z-ai/glm5;nvidia/nemotron-3-super-120b-a12b,player_2,z-ai/glm5,0,12,4,0.3333,1,0.2500,6,27,0.2222,1,0.1667,4,0.3333
exp3_m12_g4_1775525443953,3,nim,https://integrate.api.nvidia.com/v1,2026-03-26,p1939995863,2,1515160578,,winner,minimaxai/minimax-m2.5;moonshotai/kimi-k2.5;z-ai/glm5;nvidia/nemotron-3-super-120b-a12b,player_3,nvidia/nemotron-3-super-120b-a12b,0,12,2,0.1667,1,0.5000,7,24,0.2917,2,0.2857,2,0.1667
exp3_m12_g5_1775535290128,3,nim,https://integrate.api.nvidia.com/v1,2026-03-26,p1939995863,2,1515160579,,winner,nvidia/nemotron-3-super-120b-a12b;moonshotai/kimi-k2.5;minimaxai/minimax-m2.5;z-ai/glm5,player_0,nvidia/nemotron-3-super-120b-a12b,0,12,4,0.3333,3,0.7500,3,34,0.0882,1,0.3333,4,0.3333
exp3_m12_g5_1775535290128,3,nim,https://integrate.api.nvidia.com/v1,2026-03-26,p1939995863,2,1515160579,,winner,nvidia/nemotron-3-super-120b-a12b;moonshotai/kimi-k2.5;minimaxai/minimax-m2.5;z-ai/glm5,player_1,moonshotai/kimi-k2.5,1,12,2,0.1667,1,0.5000,0,33,0.0000,0,0.0000,2,0.1667
exp3_m12_g5_1775535290128,3,nim,https://integrate.api.nvidia.com/v1,2026-03-26,p1939995863,2,1515160579,,winner,nvidia/nemotron-3-super-120b-a12b;moonshotai/kimi-k2.5;minimaxai/minimax-m2.5;z-ai/glm5,player_2,minimaxai/minimax-m2.5,0,11,0,0.0000,0,0.0000,3,33,0.0909,1,0.3333,0,0.0000
exp3_m12_g5_1775535290128,3,nim,https://integrate.api.nvidia.com/v1,2026-03-26,p1939995863,2,1515160579,,winner,nvidia/nemotron-3-super-120b-a12b;moonshotai/kimi-k2.5;minimaxai/minimax-m2.5;z-ai/glm5,player_3,z-ai/glm5,0,11,3,0.2727,3,1.0000,2,30,0.0667,0,0.0000,3,0.2727
exp3_m12_g6_1775554594050,3,nim,https://integrate.api.nvidia.com/v1,2026-03-26,p1939995863,2,1515160580,,winner,moonshotai/kimi-k2.5;nvidia/nemotron-3-super-120b-a12b;z-ai/glm5;minimaxai/minimax-m2.5,player_0,moonshotai/kimi-k2.5,1,37,12,0.3243,2,0.1667,33,111,0.2973,20,0.6061,12,0.3243
exp3_m12_g6_1775554594050,3,nim,https://integrate.api.nvidia.com/v1,2026-03-26,p1939995863,2,1515160580,,winner,moonshotai/kimi-k2.5;nvidia/nemotron-3-super-120b-a12b;z-ai/glm5;minimaxai/minimax-m2.5,player_1,nvidia/nemotron-3-super-120b-a12b,0,37,9,0.2432,2,0.2222,34,86,0.3953,13,0.3824,9,0.2432
exp3_m12_g6_1775554594050,3,nim,https://integrate.api.nvidia.com/v1,2026-03-26,p1939995863,2,1515160580,,winner,moonshotai/kimi-k2.5;nvidia/nemotron-3-super-120b-a12b;z-ai/glm5;minimaxai/minimax-m2.5,player_2,z-ai/glm5,0,37,11,0.2973,2,0.1818,16,59,0.2712,5,0.3125,11,0.2973
exp3_m12_g6_1775554594050,3,nim,https://integrate.api.nvidia.com/v1,2026-03-26,p1939995863,2,1515160580,,winner,moonshotai/kimi-k2.5;nvidia/nemotron-3-super-120b-a12b;z-ai/glm5;minimaxai/minimax-m2.5,player_3,minimaxai/minimax-m2.5,0,37,15,0.4054,0,0.0000,14,55,0.2545,3,0.2143,15,0.4054
exp3_m12_g7_1775613250168,3,nim,https://integrate.api.nvidia.com/v1,2026-03-26,p1939995863,2,1515160581,,winner,minimaxai/minimax-m2.5;moonshotai/kimi-k2.5;z-ai/glm5;nvidia/nemotron-3-super-120b-a12b,player_0,minimaxai/minimax-m2.5,0,17,4,0.2353,0,0.0000,15,50,0.3000,5,0.3333,4,0.2353
exp3_m12_g7_1775613250168,3,nim,https://integrate.api.nvidia.com/v1,2026-03-26,p1939995863,2,1515160581,,winner,minimaxai/minimax-m2.5;moonshotai/kimi-k2.5;z-ai/glm5;nvidia/nemotron-3-super-120b-a12b,player_1,moonshotai/kimi-k2.5,0,17,5,0.2941,0,0.0000,6,41,0.1463,2,0.3333,5,0.2941
exp3_m12_g7_1775613250168,3,nim,https://integrate.api.nvidia.com/v1,2026-03-26,p1939995863,2,1515160581,,winner,minimaxai/minimax-m2.5;moonshotai/kimi-k2.5;z-ai/glm5;nvidia/nemotron-3-super-120b-a12b,player_2,z-ai/glm5,1,17,5,0.2941,1,0.2000,3,35,0.0857,2,0.6667,5,0.2941
exp3_m12_g7_1775613250168,3,nim,https://integrate.api.nvidia.com/v1,2026-03-26,p1939995863,2,1515160581,,winner,minimaxai/minimax-m2.5;moonshotai/kimi-k2.5;z-ai/glm5;nvidia/nemotron-3-super-120b-a12b,player_3,nvidia/nemotron-3-super-120b-a12b,0,16,2,0.1250,1,0.5000,13,33,0.3939,5,0.3846,2,0.1250
exp3_m12_g8_1775625574448,3,nim,https://integrate.api.nvidia.com/v1,2026-03-26,p1939995863,2,1515160582,,winner,nvidia/nemotron-3-super-120b-a12b;moonshotai/kimi-k2.5;minimaxai/minimax-m2.5;z-ai/glm5,player_0,nvidia/nemotron-3-super-120b-a12b,0,12,2,0.1667,2,1.0000,6,37,0.1622,3,0.5000,2,0.1667
exp3_m12_g8_1775625574448,3,nim,https://integrate.api.nvidia.com/v1,2026-03-26,p1939995863,2,1515160582,,winner,nvidia/nemotron-3-super-120b-a12b;moonshotai/kimi-k2.5;minimaxai/minimax-m2.5;z-ai/glm5,player_1,moonshotai/kimi-k2.5,1,13,3,0.2308,1,0.3333,0,31,0.0000,0,0.0000,3,0.2308
exp3_m12_g8_1775625574448,3,nim,https://integrate.api.nvidia.com/v1,2026-03-26,p1939995863,2,1515160582,,winner,nvidia/nemotron-3-super-120b-a12b;moonshotai/kimi-k2.5;minimaxai/minimax-m2.5;z-ai/glm5,player_2,minimaxai/minimax-m2.5,0,12,4,0.3333,1,0.2500,4,33,0.1212,0,0.0000,4,0.3333
exp3_m12_g8_1775625574448,3,nim,https://integrate.api.nvidia.com/v1,2026-03-26,p1939995863,2,1515160582,,winner,nvidia/nemotron-3-super-120b-a12b;moonshotai/kimi-k2.5;minimaxai/minimax-m2.5;z-ai/glm5,player_3,z-ai/glm5,0,12,1,0.0833,1,1.0000,5,31,0.1613,2,0.4000,1,0.0833
exp3_m12_g9_1775645429198,3,nim,https://integrate.api.nvidia.com/v1,2026-03-26,p1939995863,2,1515160583,,winner,nvidia/nemotron-3-super-120b-a12b;minimaxai/minimax-m2.5;z-ai/glm5;moonshotai/kimi-k2.5,player_0,nvidia/nemotron-3-super-120b-a12b,0,26,7,0.2692,3,0.4286,26,79,0.3291,16,0.6154,7,0.2692
exp3_m12_g9_1775645429198,3,nim,https://integrate.api.nvidia.com/v1,2026-03-26,p1939995863,2,1515160583,,winner,nvidia/nemotron-3-super-120b-a12b;minimaxai/minimax-m2.5;z-ai/glm5;moonshotai/kimi-k2.5,player_1,minimaxai/minimax-m2.5,0,26,2,0.0769,0,0.0000,13,56,0.2321,2,0.1538,2,0.0769
exp3_m12_g9_1775645429198,3,nim,https://integrate.api.nvidia.com/v1,2026-03-26,p1939995863,2,1515160583,,winner,nvidia/nemotron-3-super-120b-a12b;minimaxai/minimax-m2.5;z-ai/glm5;moonshotai/kimi-k2.5,player_2,z-ai/glm5,0,26,9,0.3462,2,0.2222,9,53,0.1698,1,0.1111,9,0.3462
exp3_m12_g9_1775645429198,3,nim,https://integrate.api.nvidia.com/v1,2026-03-26,p1939995863,2,1515160583,,winner,nvidia/nemotron-3-super-120b-a12b;minimaxai/minimax-m2.5;z-ai/glm5;moonshotai/kimi-k2.5,player_3,moonshotai/kimi-k2.5,1,27,13,0.4815,2,0.1538,9,47,0.1915,5,0.5556,13,0.4815
exp3_m13_g0_1775686021938,3,nim,https://integrate.api.nvidia.com/v1,2026-03-26,p1939995863,2,1515161535,,winner,moonshotai/kimi-k2.5;minimaxai/minimax-m2.5;mistralai/mistral-small-4-119b-2603;z-ai/glm5,player_0,moonshotai/kimi-k2.5,1,25,8,0.3200,4,0.5000,14,72,0.1944,7,0.5000,8,0.3200
exp3_m13_g0_1775686021938,3,nim,https://integrate.api.nvidia.com/v1,2026-03-26,p1939995863,2,1515161535,,winner,moonshotai/kimi-k2.5;minimaxai/minimax-m2.5;mistralai/mistral-small-4-119b-2603;z-ai/glm5,player_1,minimaxai/minimax-m2.5,0,24,6,0.2500,2,0.3333,17,64,0.2656,5,0.2941,6,0.2500
exp3_m13_g0_1775686021938,3,nim,https://integrate.api.nvidia.com/v1,2026-03-26,p1939995863,2,1515161535,,winner,moonshotai/kimi-k2.5;minimaxai/minimax-m2.5;mistralai/mistral-small-4-119b-2603;z-ai/glm5,player_2,mistralai/mistral-small-4-119b-2603,0,24,4,0.1667,1,0.2500,22,49,0.4490,5,0.2273,4,0.1667
exp3_m13_g0_1775686021938,3,nim,https://integrate.api.nvidia.com/v1,2026-03-26,p1939995863,2,1515161535,,winner,moonshotai/kimi-k2.5;minimaxai/minimax-m2.5;mistralai/mistral-small-4-119b-2603;z-ai/glm5,player_3,z-ai/glm5,0,24,10,0.4167,4,0.4000,4,35,0.1143,0,0.0000,10,0.4167
exp3_m13_g1_1775706064277,3,nim,https://integrate.api.nvidia.com/v1,2026-03-26,p1939995863,2,1515161536,,winner,moonshotai/kimi-k2.5;minimaxai/minimax-m2.5;mistralai/mistral-small-4-119b-2603;z-ai/glm5,player_0,moonshotai/kimi-k2.5,1,18,9,0.5000,0,0.0000,9,51,0.1765,6,0.6667,9,0.5000
exp3_m13_g1_1775706064277,3,nim,https://integrate.api.nvidia.com/v1,2026-03-26,p1939995863,2,1515161536,,winner,moonshotai/kimi-k2.5;minimaxai/minimax-m2.5;mistralai/mistral-small-4-119b-2603;z-ai/glm5,player_1,minimaxai/minimax-m2.5,0,17,4,0.2353,0,0.0000,22,45,0.4889,12,0.5455,4,0.2353
exp3_m13_g1_1775706064277,3,nim,https://integrate.api.nvidia.com/v1,2026-03-26,p1939995863,2,1515161536,,winner,moonshotai/kimi-k2.5;minimaxai/minimax-m2.5;mistralai/mistral-small-4-119b-2603;z-ai/glm5,player_2,mistralai/mistral-small-4-119b-2603,0,17,5,0.2941,3,0.6000,14,26,0.5385,3,0.2143,5,0.2941
exp3_m13_g1_1775706064277,3,nim,https://integrate.api.nvidia.com/v1,2026-03-26,p1939995863,2,1515161536,,winner,moonshotai/kimi-k2.5;minimaxai/minimax-m2.5;mistralai/mistral-small-4-119b-2603;z-ai/glm5,player_3,z-ai/glm5,0,17,8,0.4706,1,0.1250,2,20,0.1000,1,0.5000,8,0.4706
exp3_m13_g2_1775717526664,3,nim,https://integrate.api.nvidia.com/v1,2026-03-26,p1939995863,2,1515161537,,winner,moonshotai/kimi-k2.5;minimaxai/minimax-m2.5;z-ai/glm5;mistralai/mistral-small-4-119b-2603,player_0,moonshotai/kimi-k2.5,1,13,2,0.1538,1,0.5000,6,38,0.1579,3,0.5000,2,0.1538
exp3_m13_g2_1775717526664,3,nim,https://integrate.api.nvidia.com/v1,2026-03-26,p1939995863,2,1515161537,,winner,moonshotai/kimi-k2.5;minimaxai/minimax-m2.5;z-ai/glm5;mistralai/mistral-small-4-119b-2603,player_1,minimaxai/minimax-m2.5,0,12,2,0.1667,0,0.0000,6,35,0.1714,1,0.1667,2,0.1667
exp3_m13_g2_1775717526664,3,nim,https://integrate.api.nvidia.com/v1,2026-03-26,p1939995863,2,1515161537,,winner,moonshotai/kimi-k2.5;minimaxai/minimax-m2.5;z-ai/glm5;mistralai/mistral-small-4-119b-2603,player_2,z-ai/glm5,0,13,2,0.1538,0,0.0000,2,28,0.0714,0,0.0000,2,0.1538
exp3_m13_g2_1775717526664,3,nim,https://integrate.api.nvidia.com/v1,2026-03-26,p1939995863,2,1515161537,,winner,moonshotai/kimi-k2.5;minimaxai/minimax-m2.5;z-ai/glm5;mistralai/mistral-small-4-119b-2603,player_3,mistralai/mistral-small-4-119b-2603,0,13,4,0.3077,2,0.5000,14,27,0.5185,3,0.2143,4,0.3077
exp3_m13_g3_1775732765776,3,nim,https://integrate.api.nvidia.com/v1,2026-03-26,p1939995863,2,1515161538,,winner,mistralai/mistral-small-4-119b-2603;z-ai/glm5;minimaxai/minimax-m2.5;moonshotai/kimi-k2.5,player_0,mistralai/mistral-small-4-119b-2603,0,12,2,0.1667,2,1.0000,17,37,0.4595,6,0.3529,2,0.1667
exp3_m13_g3_1775732765776,3,nim,https://integrate.api.nvidia.com/v1,2026-03-26,p1939995863,2,1515161538,,winner,mistralai/mistral-small-4-119b-2603;z-ai/glm5;minimaxai/minimax-m2.5;moonshotai/kimi-k2.5,player_1,z-ai/glm5,0,12,3,0.2500,1,0.3333,3,26,0.1154,1,0.3333,3,0.2500
exp3_m13_g3_1775732765776,3,nim,https://integrate.api.nvidia.com/v1,2026-03-26,p1939995863,2,1515161538,,winner,mistralai/mistral-small-4-119b-2603;z-ai/glm5;minimaxai/minimax-m2.5;moonshotai/kimi-k2.5,player_2,minimaxai/minimax-m2.5,0,12,4,0.3333,2,0.5000,3,23,0.1304,0,0.0000,4,0.3333
exp3_m13_g3_1775732765776,3,nim,https://integrate.api.nvidia.com/v1,2026-03-26,p1939995863,2,1515161538,,winner,mistralai/mistral-small-4-119b-2603;z-ai/glm5;minimaxai/minimax-m2.5;moonshotai/kimi-k2.5,player_3,moonshotai/kimi-k2.5,1,13,5,0.3846,2,0.4000,0,21,0.0000,0,0.0000,5,0.3846
exp3_m13_g4_1775738087352,3,nim,https://integrate.api.nvidia.com/v1,2026-03-26,p1939995863,2,1515161539,,winner,moonshotai/kimi-k2.5;mistralai/mistral-small-4-119b-2603;z-ai/glm5;minimaxai/minimax-m2.5,player_0,moonshotai/kimi-k2.5,0,12,2,0.1667,0,0.0000,8,37,0.2162,3,0.3750,2,0.1667
exp3_m13_g4_1775738087352,3,nim,https://integrate.api.nvidia.com/v1,2026-03-26,p1939995863,2,1515161539,,winner,moonshotai/kimi-k2.5;mistralai/mistral-small-4-119b-2603;z-ai/glm5;minimaxai/minimax-m2.5,player_1,mistralai/mistral-small-4-119b-2603,0,12,3,0.2500,1,0.3333,15,29,0.5172,2,0.1333,3,0.2500
exp3_m13_g4_1775738087352,3,nim,https://integrate.api.nvidia.com/v1,2026-03-26,p1939995863,2,1515161539,,winner,moonshotai/kimi-k2.5;mistralai/mistral-small-4-119b-2603;z-ai/glm5;minimaxai/minimax-m2.5,player_2,z-ai/glm5,1,13,1,0.0769,0,0.0000,2,22,0.0909,2,1.0000,1,0.0769
exp3_m13_g4_1775738087352,3,nim,https://integrate.api.nvidia.com/v1,2026-03-26,p1939995863,2,1515161539,,winner,moonshotai/kimi-k2.5;mistralai/mistral-small-4-119b-2603;z-ai/glm5;minimaxai/minimax-m2.5,player_3,minimaxai/minimax-m2.5,0,12,2,0.1667,0,0.0000,1,21,0.0476,0,0.0000,2,0.1667
exp3_m13_g5_1775749310615,3,nim,https://integrate.api.nvidia.com/v1,2026-03-26,p1939995863,2,1515161540,,winner,minimaxai/minimax-m2.5;moonshotai/kimi-k2.5;z-ai/glm5;mistralai/mistral-small-4-119b-2603,player_0,minimaxai/minimax-m2.5,0,20,7,0.3500,1,0.1429,14,58,0.2414,6,0.4286,7,0.3500
exp3_m13_g5_1775749310615,3,nim,https://integrate.api.nvidia.com/v1,2026-03-26,p1939995863,2,1515161540,,winner,minimaxai/minimax-m2.5;moonshotai/kimi-k2.5;z-ai/glm5;mistralai/mistral-small-4-119b-2603,player_1,moonshotai/kimi-k2.5,1,20,7,0.3500,2,0.2857,4,49,0.0816,2,0.5000,7,0.3500
exp3_m13_g5_1775749310615,3,nim,https://integrate.api.nvidia.com/v1,2026-03-26,p1939995863,2,1515161540,,winner,minimaxai/minimax-m2.5;moonshotai/kimi-k2.5;z-ai/glm5;mistralai/mistral-small-4-119b-2603,player_2,z-ai/glm5,0,19,8,0.4211,2,0.2500,8,46,0.1739,3,0.3750,8,0.4211
exp3_m13_g5_1775749310615,3,nim,https://integrate.api.nvidia.com/v1,2026-03-26,p1939995863,2,1515161540,,winner,minimaxai/minimax-m2.5;moonshotai/kimi-k2.5;z-ai/glm5;mistralai/mistral-small-4-119b-2603,player_3,mistralai/mistral-small-4-119b-2603,0,19,3,0.1579,1,0.3333,24,41,0.5854,8,0.3333,3,0.1579
exp3_m13_g6_1775768547003,3,nim,https://integrate.api.nvidia.com/v1,2026-03-26,p1939995863,2,1515161541,,winner,minimaxai/minimax-m2.5;moonshotai/kimi-k2.5;mistralai/mistral-small-4-119b-2603;z-ai/glm5,player_0,minimaxai/minimax-m2.5,0,8,0,0.0000,0,0.0000,3,27,0.1111,1,0.3333,0,0.0000
exp3_m13_g6_1775768547003,3,nim,https://integrate.api.nvidia.com/v1,2026-03-26,p1939995863,2,1515161541,,winner,minimaxai/minimax-m2.5;moonshotai/kimi-k2.5;mistralai/mistral-small-4-119b-2603;z-ai/glm5,player_1,moonshotai/kimi-k2.5,0,9,3,0.3333,2,0.6667,1,24,0.0417,0,0.0000,3,0.3333
exp3_m13_g6_1775768547003,3,nim,https://integrate.api.nvidia.com/v1,2026-03-26,p1939995863,2,1515161541,,winner,minimaxai/minimax-m2.5;moonshotai/kimi-k2.5;mistralai/mistral-small-4-119b-2603;z-ai/glm5,player_2,mistralai/mistral-small-4-119b-2603,0,9,2,0.2222,2,1.0000,8,23,0.3478,0,0.0000,2,0.2222
exp3_m13_g6_1775768547003,3,nim,https://integrate.api.nvidia.com/v1,2026-03-26,p1939995863,2,1515161541,,winner,minimaxai/minimax-m2.5;moonshotai/kimi-k2.5;mistralai/mistral-small-4-119b-2603;z-ai/glm5,player_3,z-ai/glm5,1,9,3,0.3333,3,1.0000,0,19,0.0000,0,0.0000,3,0.3333
exp3_m13_g7_1775776088253,3,nim,https://integrate.api.nvidia.com/v1,2026-03-26,p1939995863,2,1515161542,,winner,moonshotai/kimi-k2.5;minimaxai/minimax-m2.5;z-ai/glm5;mistralai/mistral-small-4-119b-2603,player_0,moonshotai/kimi-k2.5,0,13,3,0.2308,0,0.0000,5,38,0.1316,3,0.6000,3,0.2308
exp3_m13_g7_1775776088253,3,nim,https://integrate.api.nvidia.com/v1,2026-03-26,p1939995863,2,1515161542,,winner,moonshotai/kimi-k2.5;minimaxai/minimax-m2.5;z-ai/glm5;mistralai/mistral-small-4-119b-2603,player_1,minimaxai/minimax-m2.5,0,13,3,0.2308,0,0.0000,5,35,0.1429,2,0.4000,3,0.2308
exp3_m13_g7_1775776088253,3,nim,https://integrate.api.nvidia.com/v1,2026-03-26,p1939995863,2,1515161542,,winner,moonshotai/kimi-k2.5;minimaxai/minimax-m2.5;z-ai/glm5;mistralai/mistral-small-4-119b-2603,player_2,z-ai/glm5,1,13,3,0.2308,0,0.0000,2,29,0.0690,1,0.5000,3,0.2308
exp3_m13_g7_1775776088253,3,nim,https://integrate.api.nvidia.com/v1,2026-03-26,p1939995863,2,1515161542,,winner,moonshotai/kimi-k2.5;minimaxai/minimax-m2.5;z-ai/glm5;mistralai/mistral-small-4-119b-2603,player_3,mistralai/mistral-small-4-119b-2603,0,12,3,0.2500,1,0.3333,21,31,0.6774,5,0.2381,3,0.2500
exp3_m13_g8_1775783182815,3,nim,https://integrate.api.nvidia.com/v1,2026-03-26,p1939995863,2,1515161543,,winner,mistralai/mistral-small-4-119b-2603;z-ai/glm5;minimaxai/minimax-m2.5;moonshotai/kimi-k2.5,player_0,mistralai/mistral-small-4-119b-2603,0,12,2,0.1667,0,0.0000,29,38,0.7632,9,0.3103,2,0.1667
exp3_m13_g8_1775783182815,3,nim,https://integrate.api.nvidia.com/v1,2026-03-26,p1939995863,2,1515161543,,winner,mistralai/mistral-small-4-119b-2603;z-ai/glm5;minimaxai/minimax-m2.5;moonshotai/kimi-k2.5,player_1,z-ai/glm5,0,12,2,0.1667,0,0.0000,5,17,0.2941,3,0.6000,2,0.1667
exp3_m13_g8_1775783182815,3,nim,https://integrate.api.nvidia.com/v1,2026-03-26,p1939995863,2,1515161543,,winner,mistralai/mistral-small-4-119b-2603;z-ai/glm5;minimaxai/minimax-m2.5;moonshotai/kimi-k2.5,player_2,minimaxai/minimax-m2.5,0,13,4,0.3077,0,0.0000,4,14,0.2857,1,0.2500,4,0.3077
exp3_m13_g8_1775783182815,3,nim,https://integrate.api.nvidia.com/v1,2026-03-26,p1939995863,2,1515161543,,winner,mistralai/mistral-small-4-119b-2603;z-ai/glm5;minimaxai/minimax-m2.5;moonshotai/kimi-k2.5,player_3,moonshotai/kimi-k2.5,1,13,6,0.4615,1,0.1667,1,10,0.1000,0,0.0000,6,0.4615
exp3_m13_g9_1775786066526,3,nim,https://integrate.api.nvidia.com/v1,2026-03-26,p1939995863,2,1515161544,,winner,moonshotai/kimi-k2.5;z-ai/glm5;minimaxai/minimax-m2.5;mistralai/mistral-small-4-119b-2603,player_0,moonshotai/kimi-k2.5,1,13,3,0.2308,3,1.0000,4,36,0.1111,2,0.5000,3,0.2308
exp3_m13_g9_1775786066526,3,nim,https://integrate.api.nvidia.com/v1,2026-03-26,p1939995863,2,1515161544,,winner,moonshotai/kimi-k2.5;z-ai/glm5;minimaxai/minimax-m2.5;mistralai/mistral-small-4-119b-2603,player_1,z-ai/glm5,0,12,6,0.5000,5,0.8333,2,34,0.0588,0,0.0000,6,0.5000
exp3_m13_g9_1775786066526,3,nim,https://integrate.api.nvidia.com/v1,2026-03-26,p1939995863,2,1515161544,,winner,moonshotai/kimi-k2.5;z-ai/glm5;minimaxai/minimax-m2.5;mistralai/mistral-small-4-119b-2603,player_2,minimaxai/minimax-m2.5,0,12,7,0.5833,3,0.4286,4,33,0.1212,1,0.2500,7,0.5833
exp3_m13_g9_1775786066526,3,nim,https://integrate.api.nvidia.com/v1,2026-03-26,p1939995863,2,1515161544,,winner,moonshotai/kimi-k2.5;z-ai/glm5;minimaxai/minimax-m2.5;mistralai/mistral-small-4-119b-2603,player_3,mistralai/mistral-small-4-119b-2603,0,12,2,0.1667,0,0.0000,12,31,0.3871,4,0.3333,2,0.1667
exp3_m14_g0_1775792726488,3,nim,https://integrate.api.nvidia.com/v1,2026-03-26,p1939995863,2,1515162496,,winner,z-ai/glm5;nvidia/nemotron-3-super-120b-a12b;moonshotai/kimi-k2.5;mistralai/mistral-small-4-119b-2603,player_0,z-ai/glm5,0,14,3,0.2143,1,0.3333,8,44,0.1818,2,0.2500,3,0.2143
exp3_m14_g0_1775792726488,3,nim,https://integrate.api.nvidia.com/v1,2026-03-26,p1939995863,2,1515162496,,winner,z-ai/glm5;nvidia/nemotron-3-super-120b-a12b;moonshotai/kimi-k2.5;mistralai/mistral-small-4-119b-2603,player_1,nvidia/nemotron-3-super-120b-a12b,0,15,1,0.0667,0,0.0000,11,38,0.2895,4,0.3636,1,0.0667
exp3_m14_g0_1775792726488,3,nim,https://integrate.api.nvidia.com/v1,2026-03-26,p1939995863,2,1515162496,,winner,z-ai/glm5;nvidia/nemotron-3-super-120b-a12b;moonshotai/kimi-k2.5;mistralai/mistral-small-4-119b-2603,player_2,moonshotai/kimi-k2.5,1,15,5,0.3333,2,0.4000,3,31,0.0968,1,0.3333,5,0.3333
exp3_m14_g0_1775792726488,3,nim,https://integrate.api.nvidia.com/v1,2026-03-26,p1939995863,2,1515162496,,winner,z-ai/glm5;nvidia/nemotron-3-super-120b-a12b;moonshotai/kimi-k2.5;mistralai/mistral-small-4-119b-2603,player_3,mistralai/mistral-small-4-119b-2603,0,14,3,0.2143,2,0.6667,11,24,0.4583,0,0.0000,3,0.2143
exp3_m14_g1_1775804836310,3,nim,https://integrate.api.nvidia.com/v1,2026-03-26,p1939995863,2,1515162497,,winner,moonshotai/kimi-k2.5;nvidia/nemotron-3-super-120b-a12b;mistralai/mistral-small-4-119b-2603;z-ai/glm5,player_0,moonshotai/kimi-k2.5,1,13,3,0.2308,2,0.6667,3,39,0.0769,1,0.3333,3,0.2308
exp3_m14_g1_1775804836310,3,nim,https://integrate.api.nvidia.com/v1,2026-03-26,p1939995863,2,1515162497,,winner,moonshotai/kimi-k2.5;nvidia/nemotron-3-super-120b-a12b;mistralai/mistral-small-4-119b-2603;z-ai/glm5,player_1,nvidia/nemotron-3-super-120b-a12b,0,13,1,0.0769,0,0.0000,2,36,0.0556,0,0.0000,1,0.0769
exp3_m14_g1_1775804836310,3,nim,https://integrate.api.nvidia.com/v1,2026-03-26,p1939995863,2,1515162497,,winner,moonshotai/kimi-k2.5;nvidia/nemotron-3-super-120b-a12b;mistralai/mistral-small-4-119b-2603;z-ai/glm5,player_2,mistralai/mistral-small-4-119b-2603,0,13,0,0.0000,0,0.0000,11,34,0.3235,0,0.0000,0,0.0000
exp3_m14_g1_1775804836310,3,nim,https://integrate.api.nvidia.com/v1,2026-03-26,p1939995863,2,1515162497,,winner,moonshotai/kimi-k2.5;nvidia/nemotron-3-super-120b-a12b;mistralai/mistral-small-4-119b-2603;z-ai/glm5,player_3,z-ai/glm5,0,13,3,0.2308,2,0.6667,6,29,0.2069,2,0.3333,3,0.2308
exp3_m14_g2_1775819631111,3,nim,https://integrate.api.nvidia.com/v1,2026-03-26,p1939995863,2,1515162498,,winner,moonshotai/kimi-k2.5;z-ai/glm5;mistralai/mistral-small-4-119b-2603;nvidia/nemotron-3-super-120b-a12b,player_0,moonshotai/kimi-k2.5,1,13,2,0.1538,1,0.5000,3,37,0.0811,3,1.0000,2,0.1538
exp3_m14_g2_1775819631111,3,nim,https://integrate.api.nvidia.com/v1,2026-03-26,p1939995863,2,1515162498,,winner,moonshotai/kimi-k2.5;z-ai/glm5;mistralai/mistral-small-4-119b-2603;nvidia/nemotron-3-super-120b-a12b,player_1,z-ai/glm5,0,12,5,0.4167,2,0.4000,2,36,0.0556,0,0.0000,5,0.4167
exp3_m14_g2_1775819631111,3,nim,https://integrate.api.nvidia.com/v1,2026-03-26,p1939995863,2,1515162498,,winner,moonshotai/kimi-k2.5;z-ai/glm5;mistralai/mistral-small-4-119b-2603;nvidia/nemotron-3-super-120b-a12b,player_2,mistralai/mistral-small-4-119b-2603,0,12,2,0.1667,1,0.5000,11,35,0.3143,1,0.0909,2,0.1667
exp3_m14_g2_1775819631111,3,nim,https://integrate.api.nvidia.com/v1,2026-03-26,p1939995863,2,1515162498,,winner,moonshotai/kimi-k2.5;z-ai/glm5;mistralai/mistral-small-4-119b-2603;nvidia/nemotron-3-super-120b-a12b,player_3,nvidia/nemotron-3-super-120b-a12b,0,13,3,0.2308,1,0.3333,5,29,0.1724,3,0.6000,3,0.2308
exp3_m14_g3_1775830807407,3,nim,https://integrate.api.nvidia.com/v1,2026-03-26,p1939995863,2,1515162499,,winner,nvidia/nemotron-3-super-120b-a12b;z-ai/glm5;moonshotai/kimi-k2.5;mistralai/mistral-small-4-119b-2603,player_0,nvidia/nemotron-3-super-120b-a12b,0,11,5,0.4545,4,0.8000,2,33,0.0606,0,0.0000,5,0.4545
exp3_m14_g3_1775830807407,3,nim,https://integrate.api.nvidia.com/v1,2026-03-26,p1939995863,2,1515162499,,winner,nvidia/nemotron-3-super-120b-a12b;z-ai/glm5;moonshotai/kimi-k2.5;mistralai/mistral-small-4-119b-2603,player_1,z-ai/glm5,1,11,2,0.1818,2,1.0000,4,32,0.1250,2,0.5000,2,0.1818
exp3_m14_g3_1775830807407,3,nim,https://integrate.api.nvidia.com/v1,2026-03-26,p1939995863,2,1515162499,,winner,nvidia/nemotron-3-super-120b-a12b;z-ai/glm5;moonshotai/kimi-k2.5;mistralai/mistral-small-4-119b-2603,player_2,moonshotai/kimi-k2.5,0,11,4,0.3636,3,0.7500,1,29,0.0345,1,1.0000,4,0.3636
exp3_m14_g3_1775830807407,3,nim,https://integrate.api.nvidia.com/v1,2026-03-26,p1939995863,2,1515162499,,winner,nvidia/nemotron-3-super-120b-a12b;z-ai/glm5;moonshotai/kimi-k2.5;mistralai/mistral-small-4-119b-2603,player_3,mistralai/mistral-small-4-119b-2603,0,11,5,0.4545,4,0.8000,5,27,0.1852,0,0.0000,5,0.4545
exp3_m14_g4_1775845279803,3,nim,https://integrate.api.nvidia.com/v1,2026-03-26,p1939995863,2,1515162500,,winner,nvidia/nemotron-3-super-120b-a12b;z-ai/glm5;mistralai/mistral-small-4-119b-2603;moonshotai/kimi-k2.5,player_0,nvidia/nemotron-3-super-120b-a12b,0,13,1,0.0769,0,0.0000,7,37,0.1892,2,0.2857,1,0.0769
exp3_m14_g4_1775845279803,3,nim,https://integrate.api.nvidia.com/v1,2026-03-26,p1939995863,2,1515162500,,winner,nvidia/nemotron-3-super-120b-a12b;z-ai/glm5;mistralai/mistral-small-4-119b-2603;moonshotai/kimi-k2.5,player_1,z-ai/glm5,1,13,4,0.3077,3,0.7500,2,33,0.0606,1,0.5000,4,0.3077
exp3_m14_g4_1775845279803,3,nim,https://integrate.api.nvidia.com/v1,2026-03-26,p1939995863,2,1515162500,,winner,nvidia/nemotron-3-super-120b-a12b;z-ai/glm5;mistralai/mistral-small-4-119b-2603;moonshotai/kimi-k2.5,player_2,mistralai/mistral-small-4-119b-2603,0,12,2,0.1667,2,1.0000,10,30,0.3333,0,0.0000,2,0.1667
exp3_m14_g4_1775845279803,3,nim,https://integrate.api.nvidia.com/v1,2026-03-26,p1939995863,2,1515162500,,winner,nvidia/nemotron-3-super-120b-a12b;z-ai/glm5;mistralai/mistral-small-4-119b-2603;moonshotai/kimi-k2.5,player_3,moonshotai/kimi-k2.5,0,12,4,0.3333,3,0.7500,0,25,0.0000,0,0.0000,4,0.3333
exp3_m14_g5_1775856514032,3,nim,https://integrate.api.nvidia.com/v1,2026-03-26,p1939995863,2,1515162501,,winner,z-ai/glm5;nvidia/nemotron-3-super-120b-a12b;moonshotai/kimi-k2.5;mistralai/mistral-small-4-119b-2603,player_0,z-ai/glm5,0,11,2,0.1818,2,1.0000,3,34,0.0882,2,0.6667,2,0.1818
exp3_m14_g5_1775856514032,3,nim,https://integrate.api.nvidia.com/v1,2026-03-26,p1939995863,2,1515162501,,winner,z-ai/glm5;nvidia/nemotron-3-super-120b-a12b;moonshotai/kimi-k2.5;mistralai/mistral-small-4-119b-2603,player_1,nvidia/nemotron-3-super-120b-a12b,0,11,3,0.2727,2,0.6667,2,32,0.0625,1,0.5000,3,0.2727
exp3_m14_g5_1775856514032,3,nim,https://integrate.api.nvidia.com/v1,2026-03-26,p1939995863,2,1515162501,,winner,z-ai/glm5;nvidia/nemotron-3-super-120b-a12b;moonshotai/kimi-k2.5;mistralai/mistral-small-4-119b-2603,player_2,moonshotai/kimi-k2.5,1,12,4,0.3333,2,0.5000,1,30,0.0333,0,0.0000,4,0.3333
exp3_m14_g5_1775856514032,3,nim,https://integrate.api.nvidia.com/v1,2026-03-26,p1939995863,2,1515162501,,winner,z-ai/glm5;nvidia/nemotron-3-super-120b-a12b;moonshotai/kimi-k2.5;mistralai/mistral-small-4-119b-2603,player_3,mistralai/mistral-small-4-119b-2603,0,11,2,0.1818,2,1.0000,11,29,0.3793,0,0.0000,2,0.1818
exp3_m14_g6_1775864819440,3,nim,https://integrate.api.nvidia.com/v1,2026-03-26,p1939995863,2,1515162502,,winner,nvidia/nemotron-3-super-120b-a12b;moonshotai/kimi-k2.5;z-ai/glm5;mistralai/mistral-small-4-119b-2603,player_0,nvidia/nemotron-3-super-120b-a12b,0,12,4,0.3333,4,1.0000,7,36,0.1944,4,0.5714,4,0.3333
exp3_m14_g6_1775864819440,3,nim,https://integrate.api.nvidia.com/v1,2026-03-26,p1939995863,2,1515162502,,winner,nvidia/nemotron-3-super-120b-a12b;moonshotai/kimi-k2.5;z-ai/glm5;mistralai/mistral-small-4-119b-2603,player_1,moonshotai/kimi-k2.5,1,12,5,0.4167,3,0.6000,0,32,0.0000,0,0.0000,5,0.4167
exp3_m14_g6_1775864819440,3,nim,https://integrate.api.nvidia.com/v1,2026-03-26,p1939995863,2,1515162502,,winner,nvidia/nemotron-3-super-120b-a12b;moonshotai/kimi-k2.5;z-ai/glm5;mistralai/mistral-small-4-119b-2603,player_2,z-ai/glm5,0,12,4,0.3333,2,0.5000,3,32,0.0938,2,0.6667,4,0.3333
exp3_m14_g6_1775864819440,3,nim,https://integrate.api.nvidia.com/v1,2026-03-26,p1939995863,2,1515162502,,winner,nvidia/nemotron-3-super-120b-a12b;moonshotai/kimi-k2.5;z-ai/glm5;mistralai/mistral-small-4-119b-2603,player_3,mistralai/mistral-small-4-119b-2603,0,12,3,0.2500,1,0.3333,11,29,0.3793,0,0.0000,3,0.2500
exp3_m14_g7_1775875000857,3,nim,https://integrate.api.nvidia.com/v1,2026-03-26,p1939995863,2,1515162503,,winner,mistralai/mistral-small-4-119b-2603;moonshotai/kimi-k2.5;z-ai/glm5;nvidia/nemotron-3-super-120b-a12b,player_0,mistralai/mistral-small-4-119b-2603,0,13,3,0.2308,1,0.3333,22,38,0.5789,10,0.4545,3,0.2308
exp3_m14_g7_1775875000857,3,nim,https://integrate.api.nvidia.com/v1,2026-03-26,p1939995863,2,1515162503,,winner,mistralai/mistral-small-4-119b-2603;moonshotai/kimi-k2.5;z-ai/glm5;nvidia/nemotron-3-super-120b-a12b,player_1,moonshotai/kimi-k2.5,1,13,3,0.2308,0,0.0000,4,23,0.1739,2,0.5000,3,0.2308
exp3_m14_g7_1775875000857,3,nim,https://integrate.api.nvidia.com/v1,2026-03-26,p1939995863,2,1515162503,,winner,mistralai/mistral-small-4-119b-2603;moonshotai/kimi-k2.5;z-ai/glm5;nvidia/nemotron-3-super-120b-a12b,player_2,z-ai/glm5,0,12,2,0.1667,0,0.0000,2,21,0.0952,0,0.0000,2,0.1667
exp3_m14_g7_1775875000857,3,nim,https://integrate.api.nvidia.com/v1,2026-03-26,p1939995863,2,1515162503,,winner,mistralai/mistral-small-4-119b-2603;moonshotai/kimi-k2.5;z-ai/glm5;nvidia/nemotron-3-super-120b-a12b,player_3,nvidia/nemotron-3-super-120b-a12b,0,13,5,0.3846,0,0.0000,1,19,0.0526,0,0.0000,5,0.3846
exp3_m14_g8_1775882568438,3,nim,https://integrate.api.nvidia.com/v1,2026-03-26,p1939995863,2,1515162504,,winner,nvidia/nemotron-3-super-120b-a12b;z-ai/glm5;mistralai/mistral-small-4-119b-2603;moonshotai/kimi-k2.5,player_0,nvidia/nemotron-3-super-120b-a12b,0,12,0,0.0000,0,0.0000,2,37,0.0541,0,0.0000,0,0.0000
exp3_m14_g8_1775882568438,3,nim,https://integrate.api.nvidia.com/v1,2026-03-26,p1939995863,2,1515162504,,winner,nvidia/nemotron-3-super-120b-a12b;z-ai/glm5;mistralai/mistral-small-4-119b-2603;moonshotai/kimi-k2.5,player_1,z-ai/glm5,0,12,6,0.5000,4,0.6667,5,36,0.1389,2,0.4000,6,0.5000
exp3_m14_g8_1775882568438,3,nim,https://integrate.api.nvidia.com/v1,2026-03-26,p1939995863,2,1515162504,,winner,nvidia/nemotron-3-super-120b-a12b;z-ai/glm5;mistralai/mistral-small-4-119b-2603;moonshotai/kimi-k2.5,player_2,mistralai/mistral-small-4-119b-2603,0,12,3,0.2500,3,1.0000,13,31,0.4194,2,0.1538,3,0.2500
exp3_m14_g8_1775882568438,3,nim,https://integrate.api.nvidia.com/v1,2026-03-26,p1939995863,2,1515162504,,winner,nvidia/nemotron-3-super-120b-a12b;z-ai/glm5;mistralai/mistral-small-4-119b-2603;moonshotai/kimi-k2.5,player_3,moonshotai/kimi-k2.5,1,13,2,0.1538,0,0.0000,0,25,0.0000,0,0.0000,2,0.1538
exp3_m14_g9_1775891350757,3,nim,https://integrate.api.nvidia.com/v1,2026-03-26,p1939995863,2,1515162505,,winner,mistralai/mistral-small-4-119b-2603;z-ai/glm5;moonshotai/kimi-k2.5;nvidia/nemotron-3-super-120b-a12b,player_0,mistralai/mistral-small-4-119b-2603,0,8,3,0.3750,3,1.0000,17,23,0.7391,6,0.3529,3,0.3750
exp3_m14_g9_1775891350757,3,nim,https://integrate.api.nvidia.com/v1,2026-03-26,p1939995863,2,1515162505,,winner,mistralai/mistral-small-4-119b-2603;z-ai/glm5;moonshotai/kimi-k2.5;nvidia/nemotron-3-super-120b-a12b,player_1,z-ai/glm5,0,8,3,0.3750,1,0.3333,0,13,0.0000,0,0.0000,3,0.3750
exp3_m14_g9_1775891350757,3,nim,https://integrate.api.nvidia.com/v1,2026-03-26,p1939995863,2,1515162505,,winner,mistralai/mistral-small-4-119b-2603;z-ai/glm5;moonshotai/kimi-k2.5;nvidia/nemotron-3-super-120b-a12b,player_2,moonshotai/kimi-k2.5,1,8,3,0.3750,3,1.0000,0,9,0.0000,0,0.0000,3,0.3750
exp3_m14_g9_1775891350757,3,nim,https://integrate.api.nvidia.com/v1,2026-03-26,p1939995863,2,1515162505,,winner,mistralai/mistral-small-4-119b-2603;z-ai/glm5;moonshotai/kimi-k2.5;nvidia/nemotron-3-super-120b-a12b,player_3,nvidia/nemotron-3-super-120b-a12b,0,7,4,0.5714,0,0.0000,1,14,0.0714,0,0.0000,4,0.5714
exp3_m1_g0_1775076380036,3,nim,https://integrate.api.nvidia.com/v1,2026-03-26,p1939995863,2,48876384,,winner,nvidia/nemotron-3-super-120b-a12b;qwen/qwen3.5-397b-a17b;minimaxai/minimax-m2.5;z-ai/glm5,player_0,nvidia/nemotron-3-super-120b-a12b,0,14,4,0.2857,2,0.5000,9,42,0.2143,2,0.2222,4,0.2857
exp3_m1_g0_1775076380036,3,nim,https://integrate.api.nvidia.com/v1,2026-03-26,p1939995863,2,48876384,,winner,nvidia/nemotron-3-super-120b-a12b;qwen/qwen3.5-397b-a17b;minimaxai/minimax-m2.5;z-ai/glm5,player_1,qwen/qwen3.5-397b-a17b,1,14,1,0.0714,1,1.0000,3,37,0.0811,1,0.3333,1,0.0714
exp3_m1_g0_1775076380036,3,nim,https://integrate.api.nvidia.com/v1,2026-03-26,p1939995863,2,48876384,,winner,nvidia/nemotron-3-super-120b-a12b;qwen/qwen3.5-397b-a17b;minimaxai/minimax-m2.5;z-ai/glm5,player_2,minimaxai/minimax-m2.5,0,14,3,0.2143,1,0.3333,4,32,0.1250,1,0.2500,3,0.2143
exp3_m1_g0_1775076380036,3,nim,https://integrate.api.nvidia.com/v1,2026-03-26,p1939995863,2,48876384,,winner,nvidia/nemotron-3-super-120b-a12b;qwen/qwen3.5-397b-a17b;minimaxai/minimax-m2.5;z-ai/glm5,player_3,z-ai/glm5,0,14,2,0.1429,1,0.5000,5,30,0.1667,1,0.2000,2,0.1429
exp3_m1_g1_1775083539415,3,nim,https://integrate.api.nvidia.com/v1,2026-03-26,p1939995863,2,48876385,,winner,nvidia/nemotron-3-super-120b-a12b;z-ai/glm5;qwen/qwen3.5-397b-a17b;minimaxai/minimax-m2.5,player_0,nvidia/nemotron-3-super-120b-a12b,0,16,4,0.2500,2,0.5000,8,50,0.1600,2,0.2500,4,0.2500
exp3_m1_g1_1775083539415,3,nim,https://integrate.api.nvidia.com/v1,2026-03-26,p1939995863,2,48876385,,winner,nvidia/nemotron-3-super-120b-a12b;z-ai/glm5;qwen/qwen3.5-397b-a17b;minimaxai/minimax-m2.5,player_1,z-ai/glm5,0,17,1,0.0588,0,0.0000,6,43,0.1395,3,0.5000,1,0.0588
exp3_m1_g1_1775083539415,3,nim,https://integrate.api.nvidia.com/v1,2026-03-26,p1939995863,2,48876385,,winner,nvidia/nemotron-3-super-120b-a12b;z-ai/glm5;qwen/qwen3.5-397b-a17b;minimaxai/minimax-m2.5,player_2,qwen/qwen3.5-397b-a17b,1,17,2,0.1176,0,0.0000,0,40,0.0000,0,0.0000,2,0.1176
exp3_m1_g1_1775083539415,3,nim,https://integrate.api.nvidia.com/v1,2026-03-26,p1939995863,2,48876385,,winner,nvidia/nemotron-3-super-120b-a12b;z-ai/glm5;qwen/qwen3.5-397b-a17b;minimaxai/minimax-m2.5,player_3,minimaxai/minimax-m2.5,0,16,2,0.1250,0,0.0000,7,40,0.1750,2,0.2857,2,0.1250
exp3_m1_g2_1775093869852,3,nim,https://integrate.api.nvidia.com/v1,2026-03-26,p1939995863,2,48876386,,winner,z-ai/glm5;minimaxai/minimax-m2.5;qwen/qwen3.5-397b-a17b;nvidia/nemotron-3-super-120b-a12b,player_0,z-ai/glm5,0,20,7,0.3500,2,0.2857,7,62,0.1129,2,0.2857,7,0.3500
exp3_m1_g2_1775093869852,3,nim,https://integrate.api.nvidia.com/v1,2026-03-26,p1939995863,2,48876386,,winner,z-ai/glm5;minimaxai/minimax-m2.5;qwen/qwen3.5-397b-a17b;nvidia/nemotron-3-super-120b-a12b,player_1,minimaxai/minimax-m2.5,0,21,2,0.0952,2,1.0000,17,56,0.3036,10,0.5882,2,0.0952
exp3_m1_g2_1775093869852,3,nim,https://integrate.api.nvidia.com/v1,2026-03-26,p1939995863,2,48876386,,winner,z-ai/glm5;minimaxai/minimax-m2.5;qwen/qwen3.5-397b-a17b;nvidia/nemotron-3-super-120b-a12b,player_2,qwen/qwen3.5-397b-a17b,1,21,7,0.3333,3,0.4286,0,46,0.0000,0,0.0000,7,0.3333
exp3_m1_g2_1775093869852,3,nim,https://integrate.api.nvidia.com/v1,2026-03-26,p1939995863,2,48876386,,winner,z-ai/glm5;minimaxai/minimax-m2.5;qwen/qwen3.5-397b-a17b;nvidia/nemotron-3-super-120b-a12b,player_3,nvidia/nemotron-3-super-120b-a12b,0,20,8,0.4000,4,0.5000,7,45,0.1556,1,0.1429,8,0.4000
exp3_m1_g3_1775154059952,3,nim,https://integrate.api.nvidia.com/v1,2026-03-26,p1939995863,2,48876387,,winner,qwen/qwen3.5-397b-a17b;nvidia/nemotron-3-super-120b-a12b;minimaxai/minimax-m2.5;z-ai/glm5,player_0,qwen/qwen3.5-397b-a17b,1,22,8,0.3636,2,0.2500,0,66,0.0000,0,0.0000,8,0.3636
exp3_m1_g3_1775154059952,3,nim,https://integrate.api.nvidia.com/v1,2026-03-26,p1939995863,2,48876387,,winner,qwen/qwen3.5-397b-a17b;nvidia/nemotron-3-super-120b-a12b;minimaxai/minimax-m2.5;z-ai/glm5,player_1,nvidia/nemotron-3-super-120b-a12b,0,22,5,0.2273,2,0.4000,20,66,0.3030,9,0.4500,5,0.2273
exp3_m1_g3_1775154059952,3,nim,https://integrate.api.nvidia.com/v1,2026-03-26,p1939995863,2,48876387,,winner,qwen/qwen3.5-397b-a17b;nvidia/nemotron-3-super-120b-a12b;minimaxai/minimax-m2.5;z-ai/glm5,player_2,minimaxai/minimax-m2.5,0,22,5,0.2273,1,0.2000,12,52,0.2308,4,0.3333,5,0.2273
exp3_m1_g3_1775154059952,3,nim,https://integrate.api.nvidia.com/v1,2026-03-26,p1939995863,2,48876387,,winner,qwen/qwen3.5-397b-a17b;nvidia/nemotron-3-super-120b-a12b;minimaxai/minimax-m2.5;z-ai/glm5,player_3,z-ai/glm5,0,22,2,0.0909,1,0.5000,10,44,0.2273,1,0.1000,2,0.0909
exp3_m1_g4_1775165975640,3,nim,https://integrate.api.nvidia.com/v1,2026-03-26,p1939995863,2,48876388,,winner,minimaxai/minimax-m2.5;qwen/qwen3.5-397b-a17b;z-ai/glm5;nvidia/nemotron-3-super-120b-a12b,player_0,minimaxai/minimax-m2.5,0,12,5,0.4167,3,0.6000,3,35,0.0857,2,0.6667,5,0.4167
exp3_m1_g4_1775165975640,3,nim,https://integrate.api.nvidia.com/v1,2026-03-26,p1939995863,2,48876388,,winner,minimaxai/minimax-m2.5;qwen/qwen3.5-397b-a17b;z-ai/glm5;nvidia/nemotron-3-super-120b-a12b,player_1,qwen/qwen3.5-397b-a17b,1,12,2,0.1667,1,0.5000,1,32,0.0313,0,0.0000,2,0.1667
exp3_m1_g4_1775165975640,3,nim,https://integrate.api.nvidia.com/v1,2026-03-26,p1939995863,2,48876388,,winner,minimaxai/minimax-m2.5;qwen/qwen3.5-397b-a17b;z-ai/glm5;nvidia/nemotron-3-super-120b-a12b,player_2,z-ai/glm5,0,11,3,0.2727,1,0.3333,1,34,0.0294,0,0.0000,3,0.2727
exp3_m1_g4_1775165975640,3,nim,https://integrate.api.nvidia.com/v1,2026-03-26,p1939995863,2,48876388,,winner,minimaxai/minimax-m2.5;qwen/qwen3.5-397b-a17b;z-ai/glm5;nvidia/nemotron-3-super-120b-a12b,player_3,nvidia/nemotron-3-super-120b-a12b,0,12,0,0.0000,0,0.0000,9,32,0.2813,3,0.3333,0,0.0000
exp3_m1_g5_1775170205264,3,nim,https://integrate.api.nvidia.com/v1,2026-03-26,p1939995863,2,48876389,,winner,z-ai/glm5;minimaxai/minimax-m2.5;qwen/qwen3.5-397b-a17b;nvidia/nemotron-3-super-120b-a12b,player_0,z-ai/glm5,0,19,3,0.1579,3,1.0000,12,58,0.2069,9,0.7500,3,0.1579
exp3_m1_g5_1775170205264,3,nim,https://integrate.api.nvidia.com/v1,2026-03-26,p1939995863,2,48876389,,winner,z-ai/glm5;minimaxai/minimax-m2.5;qwen/qwen3.5-397b-a17b;nvidia/nemotron-3-super-120b-a12b,player_1,minimaxai/minimax-m2.5,0,19,7,0.3684,4,0.5714,12,48,0.2500,2,0.1667,7,0.3684
exp3_m1_g5_1775170205264,3,nim,https://integrate.api.nvidia.com/v1,2026-03-26,p1939995863,2,48876389,,winner,z-ai/glm5;minimaxai/minimax-m2.5;qwen/qwen3.5-397b-a17b;nvidia/nemotron-3-super-120b-a12b,player_2,qwen/qwen3.5-397b-a17b,1,20,9,0.4500,4,0.4444,1,41,0.0244,1,1.0000,9,0.4500
exp3_m1_g5_1775170205264,3,nim,https://integrate.api.nvidia.com/v1,2026-03-26,p1939995863,2,48876389,,winner,z-ai/glm5;minimaxai/minimax-m2.5;qwen/qwen3.5-397b-a17b;nvidia/nemotron-3-super-120b-a12b,player_3,nvidia/nemotron-3-super-120b-a12b,0,19,12,0.6316,7,0.5833,5,41,0.1220,1,0.2000,12,0.6316
exp3_m1_g6_1775182474107,3,nim,https://integrate.api.nvidia.com/v1,2026-03-26,p1939995863,2,48876390,,winner,z-ai/glm5;nvidia/nemotron-3-super-120b-a12b;qwen/qwen3.5-397b-a17b;minimaxai/minimax-m2.5,player_0,z-ai/glm5,0,16,4,0.2500,0,0.0000,13,48,0.2708,5,0.3846,4,0.2500
exp3_m1_g6_1775182474107,3,nim,https://integrate.api.nvidia.com/v1,2026-03-26,p1939995863,2,48876390,,winner,z-ai/glm5;nvidia/nemotron-3-super-120b-a12b;qwen/qwen3.5-397b-a17b;minimaxai/minimax-m2.5,player_1,nvidia/nemotron-3-super-120b-a12b,0,16,4,0.2500,2,0.5000,11,39,0.2821,5,0.4545,4,0.2500
exp3_m1_g6_1775182474107,3,nim,https://integrate.api.nvidia.com/v1,2026-03-26,p1939995863,2,48876390,,winner,z-ai/glm5;nvidia/nemotron-3-super-120b-a12b;qwen/qwen3.5-397b-a17b;minimaxai/minimax-m2.5,player_2,qwen/qwen3.5-397b-a17b,1,16,4,0.2500,1,0.2500,2,32,0.0625,2,1.0000,4,0.2500
exp3_m1_g6_1775182474107,3,nim,https://integrate.api.nvidia.com/v1,2026-03-26,p1939995863,2,48876390,,winner,z-ai/glm5;nvidia/nemotron-3-super-120b-a12b;qwen/qwen3.5-397b-a17b;minimaxai/minimax-m2.5,player_3,minimaxai/minimax-m2.5,0,16,5,0.3125,0,0.0000,8,29,0.2759,2,0.2500,5,0.3125
exp3_m1_g7_1775193599478,3,nim,https://integrate.api.nvidia.com/v1,2026-03-26,p1939995863,2,48876391,,winner,nvidia/nemotron-3-super-120b-a12b;minimaxai/minimax-m2.5;qwen/qwen3.5-397b-a17b;z-ai/glm5,player_0,nvidia/nemotron-3-super-120b-a12b,0,14,2,0.1429,1,0.5000,12,43,0.2791,4,0.3333,2,0.1429
exp3_m1_g7_1775193599478,3,nim,https://integrate.api.nvidia.com/v1,2026-03-26,p1939995863,2,48876391,,winner,nvidia/nemotron-3-super-120b-a12b;minimaxai/minimax-m2.5;qwen/qwen3.5-397b-a17b;z-ai/glm5,player_1,minimaxai/minimax-m2.5,0,14,2,0.1429,0,0.0000,5,36,0.1389,3,0.6000,2,0.1429
exp3_m1_g7_1775193599478,3,nim,https://integrate.api.nvidia.com/v1,2026-03-26,p1939995863,2,48876391,,winner,nvidia/nemotron-3-super-120b-a12b;minimaxai/minimax-m2.5;qwen/qwen3.5-397b-a17b;z-ai/glm5,player_2,qwen/qwen3.5-397b-a17b,1,15,3,0.2000,1,0.3333,2,29,0.0690,0,0.0000,3,0.2000
exp3_m1_g7_1775193599478,3,nim,https://integrate.api.nvidia.com/v1,2026-03-26,p1939995863,2,48876391,,winner,nvidia/nemotron-3-super-120b-a12b;minimaxai/minimax-m2.5;qwen/qwen3.5-397b-a17b;z-ai/glm5,player_3,z-ai/glm5,0,14,3,0.2143,1,0.3333,4,30,0.1333,0,0.0000,3,0.2143
exp3_m1_g8_1775204216932,3,nim,https://integrate.api.nvidia.com/v1,2026-03-26,p1939995863,2,48876392,,winner,minimaxai/minimax-m2.5;nvidia/nemotron-3-super-120b-a12b;z-ai/glm5;qwen/qwen3.5-397b-a17b,player_0,minimaxai/minimax-m2.5,0,24,2,0.0833,1,0.5000,21,73,0.2877,10,0.4762,2,0.0833
exp3_m1_g8_1775204216932,3,nim,https://integrate.api.nvidia.com/v1,2026-03-26,p1939995863,2,48876392,,winner,minimaxai/minimax-m2.5;nvidia/nemotron-3-super-120b-a12b;z-ai/glm5;qwen/qwen3.5-397b-a17b,player_1,nvidia/nemotron-3-super-120b-a12b,0,24,8,0.3333,3,0.3750,11,57,0.1930,2,0.1818,8,0.3333
exp3_m1_g8_1775204216932,3,nim,https://integrate.api.nvidia.com/v1,2026-03-26,p1939995863,2,48876392,,winner,minimaxai/minimax-m2.5;nvidia/nemotron-3-super-120b-a12b;z-ai/glm5;qwen/qwen3.5-397b-a17b,player_2,z-ai/glm5,0,24,10,0.4167,6,0.6000,7,50,0.1400,3,0.4286,10,0.4167
exp3_m1_g8_1775204216932,3,nim,https://integrate.api.nvidia.com/v1,2026-03-26,p1939995863,2,48876392,,winner,minimaxai/minimax-m2.5;nvidia/nemotron-3-super-120b-a12b;z-ai/glm5;qwen/qwen3.5-397b-a17b,player_3,qwen/qwen3.5-397b-a17b,1,25,11,0.4400,6,0.5455,1,47,0.0213,0,0.0000,11,0.4400
exp3_m1_g9_1775220142861,3,nim,https://integrate.api.nvidia.com/v1,2026-03-26,p1939995863,2,48876393,,winner,qwen/qwen3.5-397b-a17b;minimaxai/minimax-m2.5;z-ai/glm5;nvidia/nemotron-3-super-120b-a12b,player_0,qwen/qwen3.5-397b-a17b,1,13,3,0.2308,3,1.0000,1,38,0.0263,0,0.0000,3,0.2308
exp3_m1_g9_1775220142861,3,nim,https://integrate.api.nvidia.com/v1,2026-03-26,p1939995863,2,48876393,,winner,qwen/qwen3.5-397b-a17b;minimaxai/minimax-m2.5;z-ai/glm5;nvidia/nemotron-3-super-120b-a12b,player_1,minimaxai/minimax-m2.5,0,12,4,0.3333,1,0.2500,8,38,0.2105,1,0.1250,4,0.3333
exp3_m1_g9_1775220142861,3,nim,https://integrate.api.nvidia.com/v1,2026-03-26,p1939995863,2,48876393,,winner,qwen/qwen3.5-397b-a17b;minimaxai/minimax-m2.5;z-ai/glm5;nvidia/nemotron-3-super-120b-a12b,player_2,z-ai/glm5,0,13,3,0.2308,1,0.3333,6,32,0.1875,4,0.6667,3,0.2308
exp3_m1_g9_1775220142861,3,nim,https://integrate.api.nvidia.com/v1,2026-03-26,p1939995863,2,48876393,,winner,qwen/qwen3.5-397b-a17b;minimaxai/minimax-m2.5;z-ai/glm5;nvidia/nemotron-3-super-120b-a12b,player_3,nvidia/nemotron-3-super-120b-a12b,0,13,4,0.3077,3,0.7500,4,28,0.1429,1,0.2500,4,0.3077
exp3_m2_g0_1775227769589,3,nim,https://integrate.api.nvidia.com/v1,2026-03-26,p1939995863,2,48877345,,winner,qwen/qwen3.5-397b-a17b;moonshotai/kimi-k2.5;nvidia/nemotron-3-super-120b-a12b;minimaxai/minimax-m2.5,player_0,qwen/qwen3.5-397b-a17b,0,12,4,0.3333,2,0.5000,4,37,0.1081,1,0.2500,4,0.3333
exp3_m2_g0_1775227769589,3,nim,https://integrate.api.nvidia.com/v1,2026-03-26,p1939995863,2,48877345,,winner,qwen/qwen3.5-397b-a17b;moonshotai/kimi-k2.5;nvidia/nemotron-3-super-120b-a12b;minimaxai/minimax-m2.5,player_1,moonshotai/kimi-k2.5,1,13,3,0.2308,1,0.3333,4,34,0.1176,2,0.5000,3,0.2308
exp3_m2_g0_1775227769589,3,nim,https://integrate.api.nvidia.com/v1,2026-03-26,p1939995863,2,48877345,,winner,qwen/qwen3.5-397b-a17b;moonshotai/kimi-k2.5;nvidia/nemotron-3-super-120b-a12b;minimaxai/minimax-m2.5,player_2,nvidia/nemotron-3-super-120b-a12b,0,12,4,0.3333,2,0.5000,4,31,0.1290,2,0.5000,4,0.3333
exp3_m2_g0_1775227769589,3,nim,https://integrate.api.nvidia.com/v1,2026-03-26,p1939995863,2,48877345,,winner,qwen/qwen3.5-397b-a17b;moonshotai/kimi-k2.5;nvidia/nemotron-3-super-120b-a12b;minimaxai/minimax-m2.5,player_3,minimaxai/minimax-m2.5,0,12,1,0.0833,0,0.0000,7,27,0.2593,2,0.2857,1,0.0833
exp3_m2_g1_1775237062402,3,nim,https://integrate.api.nvidia.com/v1,2026-03-26,p1939995863,2,48877346,,winner,minimaxai/minimax-m2.5;nvidia/nemotron-3-super-120b-a12b;moonshotai/kimi-k2.5;qwen/qwen3.5-397b-a17b,player_0,minimaxai/minimax-m2.5,0,12,1,0.0833,1,1.0000,7,38,0.1842,3,0.4286,1,0.0833
exp3_m2_g1_1775237062402,3,nim,https://integrate.api.nvidia.com/v1,2026-03-26,p1939995863,2,48877346,,winner,minimaxai/minimax-m2.5;nvidia/nemotron-3-super-120b-a12b;moonshotai/kimi-k2.5;qwen/qwen3.5-397b-a17b,player_1,nvidia/nemotron-3-super-120b-a12b,0,13,2,0.1538,2,1.0000,8,30,0.2667,0,0.0000,2,0.1538
exp3_m2_g1_1775237062402,3,nim,https://integrate.api.nvidia.com/v1,2026-03-26,p1939995863,2,48877346,,winner,minimaxai/minimax-m2.5;nvidia/nemotron-3-super-120b-a12b;moonshotai/kimi-k2.5;qwen/qwen3.5-397b-a17b,player_2,moonshotai/kimi-k2.5,1,13,4,0.3077,2,0.5000,0,27,0.0000,0,0.0000,4,0.3077
exp3_m2_g1_1775237062402,3,nim,https://integrate.api.nvidia.com/v1,2026-03-26,p1939995863,2,48877346,,winner,minimaxai/minimax-m2.5;nvidia/nemotron-3-super-120b-a12b;moonshotai/kimi-k2.5;qwen/qwen3.5-397b-a17b,player_3,qwen/qwen3.5-397b-a17b,0,12,1,0.0833,0,0.0000,0,29,0.0000,0,0.0000,1,0.0833
exp3_m2_g2_1775248008155,3,nim,https://integrate.api.nvidia.com/v1,2026-03-26,p1939995863,2,48877347,,winner,nvidia/nemotron-3-super-120b-a12b;minimaxai/minimax-m2.5;qwen/qwen3.5-397b-a17b;moonshotai/kimi-k2.5,player_0,nvidia/nemotron-3-super-120b-a12b,0,13,5,0.3846,2,0.4000,6,42,0.1429,4,0.6667,5,0.3846
exp3_m2_g2_1775248008155,3,nim,https://integrate.api.nvidia.com/v1,2026-03-26,p1939995863,2,48877347,,winner,nvidia/nemotron-3-super-120b-a12b;minimaxai/minimax-m2.5;qwen/qwen3.5-397b-a17b;moonshotai/kimi-k2.5,player_1,minimaxai/minimax-m2.5,0,14,5,0.3571,1,0.2000,13,39,0.3333,6,0.4615,5,0.3571
exp3_m2_g2_1775248008155,3,nim,https://integrate.api.nvidia.com/v1,2026-03-26,p1939995863,2,48877347,,winner,nvidia/nemotron-3-super-120b-a12b;minimaxai/minimax-m2.5;qwen/qwen3.5-397b-a17b;moonshotai/kimi-k2.5,player_2,qwen/qwen3.5-397b-a17b,0,14,3,0.2143,2,0.6667,4,27,0.1481,2,0.5000,3,0.2143
exp3_m2_g2_1775248008155,3,nim,https://integrate.api.nvidia.com/v1,2026-03-26,p1939995863,2,48877347,,winner,nvidia/nemotron-3-super-120b-a12b;minimaxai/minimax-m2.5;qwen/qwen3.5-397b-a17b;moonshotai/kimi-k2.5,player_3,moonshotai/kimi-k2.5,1,14,6,0.4286,2,0.3333,0,25,0.0000,0,0.0000,6,0.4286
exp3_m2_g3_1775258583591,3,nim,https://integrate.api.nvidia.com/v1,2026-03-26,p1939995863,2,48877348,,winner,minimaxai/minimax-m2.5;moonshotai/kimi-k2.5;qwen/qwen3.5-397b-a17b;nvidia/nemotron-3-super-120b-a12b,player_0,minimaxai/minimax-m2.5,0,14,2,0.1429,0,0.0000,9,42,0.2143,2,0.2222,2,0.1429
exp3_m2_g3_1775258583591,3,nim,https://integrate.api.nvidia.com/v1,2026-03-26,p1939995863,2,48877348,,winner,minimaxai/minimax-m2.5;moonshotai/kimi-k2.5;qwen/qwen3.5-397b-a17b;nvidia/nemotron-3-super-120b-a12b,player_1,moonshotai/kimi-k2.5,1,14,3,0.2143,1,0.3333,6,35,0.1714,2,0.3333,3,0.2143
exp3_m2_g3_1775258583591,3,nim,https://integrate.api.nvidia.com/v1,2026-03-26,p1939995863,2,48877348,,winner,minimaxai/minimax-m2.5;moonshotai/kimi-k2.5;qwen/qwen3.5-397b-a17b;nvidia/nemotron-3-super-120b-a12b,player_2,qwen/qwen3.5-397b-a17b,0,14,5,0.3571,0,0.0000,2,32,0.0625,2,1.0000,5,0.3571
exp3_m2_g3_1775258583591,3,nim,https://integrate.api.nvidia.com/v1,2026-03-26,p1939995863,2,48877348,,winner,minimaxai/minimax-m2.5;moonshotai/kimi-k2.5;qwen/qwen3.5-397b-a17b;nvidia/nemotron-3-super-120b-a12b,player_3,nvidia/nemotron-3-super-120b-a12b,0,14,2,0.1429,2,1.0000,7,28,0.2500,3,0.4286,2,0.1429
exp3_m2_g4_1775269597920,3,nim,https://integrate.api.nvidia.com/v1,2026-03-26,p1939995863,2,48877349,,winner,minimaxai/minimax-m2.5;nvidia/nemotron-3-super-120b-a12b;moonshotai/kimi-k2.5;qwen/qwen3.5-397b-a17b,player_0,minimaxai/minimax-m2.5,0,11,5,0.4545,1,0.2000,9,35,0.2571,2,0.2222,5,0.4545
exp3_m2_g4_1775269597920,3,nim,https://integrate.api.nvidia.com/v1,2026-03-26,p1939995863,2,48877349,,winner,minimaxai/minimax-m2.5;nvidia/nemotron-3-super-120b-a12b;moonshotai/kimi-k2.5;qwen/qwen3.5-397b-a17b,player_1,nvidia/nemotron-3-super-120b-a12b,0,12,1,0.0833,1,1.0000,11,28,0.3929,7,0.6364,1,0.0833
exp3_m2_g4_1775269597920,3,nim,https://integrate.api.nvidia.com/v1,2026-03-26,p1939995863,2,48877349,,winner,minimaxai/minimax-m2.5;nvidia/nemotron-3-super-120b-a12b;moonshotai/kimi-k2.5;qwen/qwen3.5-397b-a17b,player_2,moonshotai/kimi-k2.5,1,12,2,0.1667,0,0.0000,1,19,0.0526,0,0.0000,2,0.1667
exp3_m2_g4_1775269597920,3,nim,https://integrate.api.nvidia.com/v1,2026-03-26,p1939995863,2,48877349,,winner,minimaxai/minimax-m2.5;nvidia/nemotron-3-super-120b-a12b;moonshotai/kimi-k2.5;qwen/qwen3.5-397b-a17b,player_3,qwen/qwen3.5-397b-a17b,0,11,4,0.3636,0,0.0000,1,20,0.0500,1,1.0000,4,0.3636
exp3_m2_g5_1775278480114,3,nim,https://integrate.api.nvidia.com/v1,2026-03-26,p1939995863,2,48877350,,winner,minimaxai/minimax-m2.5;qwen/qwen3.5-397b-a17b;moonshotai/kimi-k2.5;nvidia/nemotron-3-super-120b-a12b,player_0,minimaxai/minimax-m2.5,0,27,5,0.1852,1,0.2000,38,79,0.4810,18,0.4737,5,0.1852
exp3_m2_g5_1775278480114,3,nim,https://integrate.api.nvidia.com/v1,2026-03-26,p1939995863,2,48877350,,winner,minimaxai/minimax-m2.5;qwen/qwen3.5-397b-a17b;moonshotai/kimi-k2.5;nvidia/nemotron-3-super-120b-a12b,player_1,qwen/qwen3.5-397b-a17b,1,27,11,0.4074,2,0.1818,6,52,0.1154,4,0.6667,11,0.4074
exp3_m2_g5_1775278480114,3,nim,https://integrate.api.nvidia.com/v1,2026-03-26,p1939995863,2,48877350,,winner,minimaxai/minimax-m2.5;qwen/qwen3.5-397b-a17b;moonshotai/kimi-k2.5;nvidia/nemotron-3-super-120b-a12b,player_2,moonshotai/kimi-k2.5,0,26,10,0.3846,1,0.1000,11,51,0.2157,6,0.5455,10,0.3846
exp3_m2_g5_1775278480114,3,nim,https://integrate.api.nvidia.com/v1,2026-03-26,p1939995863,2,48877350,,winner,minimaxai/minimax-m2.5;qwen/qwen3.5-397b-a17b;moonshotai/kimi-k2.5;nvidia/nemotron-3-super-120b-a12b,player_3,nvidia/nemotron-3-super-120b-a12b,0,26,10,0.3846,2,0.2000,10,42,0.2381,2,0.2000,10,0.3846
exp3_m2_g6_1775316941149,3,nim,https://integrate.api.nvidia.com/v1,2026-03-26,p1939995863,2,48877351,,winner,qwen/qwen3.5-397b-a17b;minimaxai/minimax-m2.5;nvidia/nemotron-3-super-120b-a12b;moonshotai/kimi-k2.5,player_0,qwen/qwen3.5-397b-a17b,0,11,3,0.2727,2,0.6667,5,33,0.1515,3,0.6000,3,0.2727
exp3_m2_g6_1775316941149,3,nim,https://integrate.api.nvidia.com/v1,2026-03-26,p1939995863,2,48877351,,winner,qwen/qwen3.5-397b-a17b;minimaxai/minimax-m2.5;nvidia/nemotron-3-super-120b-a12b;moonshotai/kimi-k2.5,player_1,minimaxai/minimax-m2.5,0,11,4,0.3636,2,0.5000,3,29,0.1034,0,0.0000,4,0.3636
exp3_m2_g6_1775316941149,3,nim,https://integrate.api.nvidia.com/v1,2026-03-26,p1939995863,2,48877351,,winner,qwen/qwen3.5-397b-a17b;minimaxai/minimax-m2.5;nvidia/nemotron-3-super-120b-a12b;moonshotai/kimi-k2.5,player_2,nvidia/nemotron-3-super-120b-a12b,0,11,3,0.2727,1,0.3333,5,30,0.1667,2,0.4000,3,0.2727
exp3_m2_g6_1775316941149,3,nim,https://integrate.api.nvidia.com/v1,2026-03-26,p1939995863,2,48877351,,winner,qwen/qwen3.5-397b-a17b;minimaxai/minimax-m2.5;nvidia/nemotron-3-super-120b-a12b;moonshotai/kimi-k2.5,player_3,moonshotai/kimi-k2.5,1,11,2,0.1818,1,0.5000,1,22,0.0455,1,1.0000,2,0.1818
exp3_m2_g7_1775328033267,3,nim,https://integrate.api.nvidia.com/v1,2026-03-26,p1939995863,2,48877352,,winner,qwen/qwen3.5-397b-a17b;minimaxai/minimax-m2.5;moonshotai/kimi-k2.5;nvidia/nemotron-3-super-120b-a12b,player_0,qwen/qwen3.5-397b-a17b,1,12,4,0.3333,1,0.2500,2,35,0.0571,1,0.5000,4,0.3333
exp3_m2_g7_1775328033267,3,nim,https://integrate.api.nvidia.com/v1,2026-03-26,p1939995863,2,48877352,,winner,qwen/qwen3.5-397b-a17b;minimaxai/minimax-m2.5;moonshotai/kimi-k2.5;nvidia/nemotron-3-super-120b-a12b,player_1,minimaxai/minimax-m2.5,0,11,3,0.2727,1,0.3333,12,34,0.3529,6,0.5000,3,0.2727
exp3_m2_g7_1775328033267,3,nim,https://integrate.api.nvidia.com/v1,2026-03-26,p1939995863,2,48877352,,winner,qwen/qwen3.5-397b-a17b;minimaxai/minimax-m2.5;moonshotai/kimi-k2.5;nvidia/nemotron-3-super-120b-a12b,player_2,moonshotai/kimi-k2.5,0,12,2,0.1667,0,0.0000,3,27,0.1111,1,0.3333,2,0.1667
exp3_m2_g7_1775328033267,3,nim,https://integrate.api.nvidia.com/v1,2026-03-26,p1939995863,2,48877352,,winner,qwen/qwen3.5-397b-a17b;minimaxai/minimax-m2.5;moonshotai/kimi-k2.5;nvidia/nemotron-3-super-120b-a12b,player_3,nvidia/nemotron-3-super-120b-a12b,0,12,4,0.3333,2,0.5000,3,22,0.1364,1,0.3333,4,0.3333
exp3_m2_g8_1775344216489,3,nim,https://integrate.api.nvidia.com/v1,2026-03-26,p1939995863,2,48877353,,winner,minimaxai/minimax-m2.5;moonshotai/kimi-k2.5;qwen/qwen3.5-397b-a17b;nvidia/nemotron-3-super-120b-a12b,player_0,minimaxai/minimax-m2.5,0,19,7,0.3684,0,0.0000,14,58,0.2414,3,0.2143,7,0.3684
exp3_m2_g8_1775344216489,3,nim,https://integrate.api.nvidia.com/v1,2026-03-26,p1939995863,2,48877353,,winner,minimaxai/minimax-m2.5;moonshotai/kimi-k2.5;qwen/qwen3.5-397b-a17b;nvidia/nemotron-3-super-120b-a12b,player_1,moonshotai/kimi-k2.5,0,19,5,0.2632,1,0.2000,15,47,0.3191,10,0.6667,5,0.2632
exp3_m2_g8_1775344216489,3,nim,https://integrate.api.nvidia.com/v1,2026-03-26,p1939995863,2,48877353,,winner,minimaxai/minimax-m2.5;moonshotai/kimi-k2.5;qwen/qwen3.5-397b-a17b;nvidia/nemotron-3-super-120b-a12b,player_2,qwen/qwen3.5-397b-a17b,1,20,7,0.3500,0,0.0000,5,38,0.1316,2,0.4000,7,0.3500
exp3_m2_g8_1775344216489,3,nim,https://integrate.api.nvidia.com/v1,2026-03-26,p1939995863,2,48877353,,winner,minimaxai/minimax-m2.5;moonshotai/kimi-k2.5;qwen/qwen3.5-397b-a17b;nvidia/nemotron-3-super-120b-a12b,player_3,nvidia/nemotron-3-super-120b-a12b,0,19,3,0.1579,1,0.3333,11,32,0.3438,5,0.4545,3,0.1579
exp3_m2_g9_1775364972041,3,nim,https://integrate.api.nvidia.com/v1,2026-03-26,p1939995863,2,48877354,,winner,nvidia/nemotron-3-super-120b-a12b;moonshotai/kimi-k2.5;qwen/qwen3.5-397b-a17b;minimaxai/minimax-m2.5,player_0,nvidia/nemotron-3-super-120b-a12b,0,12,2,0.1667,1,0.5000,11,37,0.2973,4,0.3636,2,0.1667
exp3_m2_g9_1775364972041,3,nim,https://integrate.api.nvidia.com/v1,2026-03-26,p1939995863,2,48877354,,winner,nvidia/nemotron-3-super-120b-a12b;moonshotai/kimi-k2.5;qwen/qwen3.5-397b-a17b;minimaxai/minimax-m2.5,player_1,moonshotai/kimi-k2.5,0,12,2,0.1667,0,0.0000,7,30,0.2333,2,0.2857,2,0.1667
exp3_m2_g9_1775364972041,3,nim,https://integrate.api.nvidia.com/v1,2026-03-26,p1939995863,2,48877354,,winner,nvidia/nemotron-3-super-120b-a12b;moonshotai/kimi-k2.5;qwen/qwen3.5-397b-a17b;minimaxai/minimax-m2.5,player_2,qwen/qwen3.5-397b-a17b,1,13,6,0.4615,3,0.5000,0,23,0.0000,0,0.0000,6,0.4615
exp3_m2_g9_1775364972041,3,nim,https://integrate.api.nvidia.com/v1,2026-03-26,p1939995863,2,48877354,,winner,nvidia/nemotron-3-super-120b-a12b;moonshotai/kimi-k2.5;qwen/qwen3.5-397b-a17b;minimaxai/minimax-m2.5,player_3,minimaxai/minimax-m2.5,0,12,3,0.2500,1,0.3333,8,24,0.3333,2,0.2500,3,0.2500
exp3_m3_g0_1775392257050,3,nim,https://integrate.api.nvidia.com/v1,2026-03-26,p1939995863,2,48878306,,winner,qwen/qwen3.5-397b-a17b;mistralai/mistral-small-4-119b-2603;z-ai/glm5;minimaxai/minimax-m2.5,player_0,qwen/qwen3.5-397b-a17b,0,13,3,0.2308,1,0.3333,1,40,0.0250,0,0.0000,3,0.2308
exp3_m3_g0_1775392257050,3,nim,https://integrate.api.nvidia.com/v1,2026-03-26,p1939995863,2,48878306,,winner,qwen/qwen3.5-397b-a17b;mistralai/mistral-small-4-119b-2603;z-ai/glm5;minimaxai/minimax-m2.5,player_1,mistralai/mistral-small-4-119b-2603,0,13,2,0.1538,0,0.0000,20,40,0.5000,5,0.2500,2,0.1538
exp3_m3_g0_1775392257050,3,nim,https://integrate.api.nvidia.com/v1,2026-03-26,p1939995863,2,48878306,,winner,qwen/qwen3.5-397b-a17b;mistralai/mistral-small-4-119b-2603;z-ai/glm5;minimaxai/minimax-m2.5,player_2,z-ai/glm5,0,13,4,0.3077,1,0.2500,9,28,0.3214,5,0.5556,4,0.3077
exp3_m3_g0_1775392257050,3,nim,https://integrate.api.nvidia.com/v1,2026-03-26,p1939995863,2,48878306,,winner,qwen/qwen3.5-397b-a17b;mistralai/mistral-small-4-119b-2603;z-ai/glm5;minimaxai/minimax-m2.5,player_3,minimaxai/minimax-m2.5,1,14,4,0.2857,1,0.2500,2,19,0.1053,0,0.0000,4,0.2857
exp3_m3_g1_1775398410444,3,nim,https://integrate.api.nvidia.com/v1,2026-03-26,p1939995863,2,48878307,,winner,mistralai/mistral-small-4-119b-2603;qwen/qwen3.5-397b-a17b;z-ai/glm5;minimaxai/minimax-m2.5,player_0,mistralai/mistral-small-4-119b-2603,0,12,4,0.3333,3,0.7500,16,34,0.4706,2,0.1250,4,0.3333
exp3_m3_g1_1775398410444,3,nim,https://integrate.api.nvidia.com/v1,2026-03-26,p1939995863,2,48878307,,winner,mistralai/mistral-small-4-119b-2603;qwen/qwen3.5-397b-a17b;z-ai/glm5;minimaxai/minimax-m2.5,player_1,qwen/qwen3.5-397b-a17b,1,12,1,0.0833,0,0.0000,0,26,0.0000,0,0.0000,1,0.0833
exp3_m3_g1_1775398410444,3,nim,https://integrate.api.nvidia.com/v1,2026-03-26,p1939995863,2,48878307,,winner,mistralai/mistral-small-4-119b-2603;qwen/qwen3.5-397b-a17b;z-ai/glm5;minimaxai/minimax-m2.5,player_2,z-ai/glm5,0,11,2,0.1818,1,0.5000,1,23,0.0435,1,1.0000,2,0.1818
exp3_m3_g1_1775398410444,3,nim,https://integrate.api.nvidia.com/v1,2026-03-26,p1939995863,2,48878307,,winner,mistralai/mistral-small-4-119b-2603;qwen/qwen3.5-397b-a17b;z-ai/glm5;minimaxai/minimax-m2.5,player_3,minimaxai/minimax-m2.5,0,11,2,0.1818,1,0.5000,2,22,0.0909,1,0.5000,2,0.1818
exp3_m3_g2_1775402084178,3,nim,https://integrate.api.nvidia.com/v1,2026-03-26,p1939995863,2,48878308,,winner,z-ai/glm5;qwen/qwen3.5-397b-a17b;minimaxai/minimax-m2.5;mistralai/mistral-small-4-119b-2603,player_0,z-ai/glm5,0,10,2,0.2000,0,0.0000,3,31,0.0968,1,0.3333,2,0.2000
exp3_m3_g2_1775402084178,3,nim,https://integrate.api.nvidia.com/v1,2026-03-26,p1939995863,2,48878308,,winner,z-ai/glm5;qwen/qwen3.5-397b-a17b;minimaxai/minimax-m2.5;mistralai/mistral-small-4-119b-2603,player_1,qwen/qwen3.5-397b-a17b,1,11,4,0.3636,2,0.5000,2,29,0.0690,2,1.0000,4,0.3636
exp3_m3_g2_1775402084178,3,nim,https://integrate.api.nvidia.com/v1,2026-03-26,p1939995863,2,48878308,,winner,z-ai/glm5;qwen/qwen3.5-397b-a17b;minimaxai/minimax-m2.5;mistralai/mistral-small-4-119b-2603,player_2,minimaxai/minimax-m2.5,0,10,2,0.2000,1,0.5000,4,27,0.1481,1,0.2500,2,0.2000
exp3_m3_g2_1775402084178,3,nim,https://integrate.api.nvidia.com/v1,2026-03-26,p1939995863,2,48878308,,winner,z-ai/glm5;qwen/qwen3.5-397b-a17b;minimaxai/minimax-m2.5;mistralai/mistral-small-4-119b-2603,player_3,mistralai/mistral-small-4-119b-2603,0,10,4,0.4000,2,0.5000,12,24,0.5000,3,0.2500,4,0.4000
exp3_m3_g3_1775405976240,3,nim,https://integrate.api.nvidia.com/v1,2026-03-26,p1939995863,2,48878309,,winner,qwen/qwen3.5-397b-a17b;mistralai/mistral-small-4-119b-2603;minimaxai/minimax-m2.5;z-ai/glm5,player_0,qwen/qwen3.5-397b-a17b,0,13,3,0.2308,0,0.0000,3,39,0.0769,0,0.0000,3,0.2308
exp3_m3_g3_1775405976240,3,nim,https://integrate.api.nvidia.com/v1,2026-03-26,p1939995863,2,48878309,,winner,qwen/qwen3.5-397b-a17b;mistralai/mistral-small-4-119b-2603;minimaxai/minimax-m2.5;z-ai/glm5,player_1,mistralai/mistral-small-4-119b-2603,0,13,0,0.0000,0,0.0000,14,36,0.3889,3,0.2143,0,0.0000
exp3_m3_g3_1775405976240,3,nim,https://integrate.api.nvidia.com/v1,2026-03-26,p1939995863,2,48878309,,winner,qwen/qwen3.5-397b-a17b;mistralai/mistral-small-4-119b-2603;minimaxai/minimax-m2.5;z-ai/glm5,player_2,minimaxai/minimax-m2.5,0,13,3,0.2308,2,0.6667,5,28,0.1786,2,0.4000,3,0.2308
exp3_m3_g3_1775405976240,3,nim,https://integrate.api.nvidia.com/v1,2026-03-26,p1939995863,2,48878309,,winner,qwen/qwen3.5-397b-a17b;mistralai/mistral-small-4-119b-2603;minimaxai/minimax-m2.5;z-ai/glm5,player_3,z-ai/glm5,1,13,1,0.0769,0,0.0000,1,23,0.0435,0,0.0000,1,0.0769
exp3_m3_g4_1775409309474,3,nim,https://integrate.api.nvidia.com/v1,2026-03-26,p1939995863,2,48878310,,winner,z-ai/glm5;minimaxai/minimax-m2.5;mistralai/mistral-small-4-119b-2603;qwen/qwen3.5-397b-a17b,player_0,z-ai/glm5,0,12,4,0.3333,2,0.5000,2,38,0.0526,1,0.5000,4,0.3333
exp3_m3_g4_1775409309474,3,nim,https://integrate.api.nvidia.com/v1,2026-03-26,p1939995863,2,48878310,,winner,z-ai/glm5;minimaxai/minimax-m2.5;mistralai/mistral-small-4-119b-2603;qwen/qwen3.5-397b-a17b,player_1,minimaxai/minimax-m2.5,0,12,4,0.3333,3,0.7500,8,37,0.2162,1,0.1250,4,0.3333
exp3_m3_g4_1775409309474,3,nim,https://integrate.api.nvidia.com/v1,2026-03-26,p1939995863,2,48878310,,winner,z-ai/glm5;minimaxai/minimax-m2.5;mistralai/mistral-small-4-119b-2603;qwen/qwen3.5-397b-a17b,player_2,mistralai/mistral-small-4-119b-2603,0,13,1,0.0769,1,1.0000,14,29,0.4828,2,0.1429,1,0.0769
exp3_m3_g4_1775409309474,3,nim,https://integrate.api.nvidia.com/v1,2026-03-26,p1939995863,2,48878310,,winner,z-ai/glm5;minimaxai/minimax-m2.5;mistralai/mistral-small-4-119b-2603;qwen/qwen3.5-397b-a17b,player_3,qwen/qwen3.5-397b-a17b,1,13,1,0.0769,0,0.0000,0,22,0.0000,0,0.0000,1,0.0769
exp3_m3_g5_1775412032907,3,nim,https://integrate.api.nvidia.com/v1,2026-03-26,p1939995863,2,48878311,,winner,minimaxai/minimax-m2.5;mistralai/mistral-small-4-119b-2603;qwen/qwen3.5-397b-a17b;z-ai/glm5,player_0,minimaxai/minimax-m2.5,0,21,9,0.4286,4,0.4444,17,64,0.2656,7,0.4118,9,0.4286
exp3_m3_g5_1775412032907,3,nim,https://integrate.api.nvidia.com/v1,2026-03-26,p1939995863,2,48878311,,winner,minimaxai/minimax-m2.5;mistralai/mistral-small-4-119b-2603;qwen/qwen3.5-397b-a17b;z-ai/glm5,player_1,mistralai/mistral-small-4-119b-2603,0,21,3,0.1429,2,0.6667,25,49,0.5102,5,0.2000,3,0.1429
exp3_m3_g5_1775412032907,3,nim,https://integrate.api.nvidia.com/v1,2026-03-26,p1939995863,2,48878311,,winner,minimaxai/minimax-m2.5;mistralai/mistral-small-4-119b-2603;qwen/qwen3.5-397b-a17b;z-ai/glm5,player_2,qwen/qwen3.5-397b-a17b,0,21,9,0.4286,3,0.3333,2,37,0.0541,1,0.5000,9,0.4286
exp3_m3_g5_1775412032907,3,nim,https://integrate.api.nvidia.com/v1,2026-03-26,p1939995863,2,48878311,,winner,minimaxai/minimax-m2.5;mistralai/mistral-small-4-119b-2603;qwen/qwen3.5-397b-a17b;z-ai/glm5,player_3,z-ai/glm5,1,22,7,0.3182,3,0.4286,7,33,0.2121,3,0.4286,7,0.3182
exp3_m3_g6_1775417290370,3,nim,https://integrate.api.nvidia.com/v1,2026-03-26,p1939995863,2,48878312,,winner,mistralai/mistral-small-4-119b-2603;minimaxai/minimax-m2.5;z-ai/glm5;qwen/qwen3.5-397b-a17b,player_0,mistralai/mistral-small-4-119b-2603,0,12,3,0.2500,3,1.0000,26,39,0.6667,7,0.2692,3,0.2500
exp3_m3_g6_1775417290370,3,nim,https://integrate.api.nvidia.com/v1,2026-03-26,p1939995863,2,48878312,,winner,mistralai/mistral-small-4-119b-2603;minimaxai/minimax-m2.5;z-ai/glm5;qwen/qwen3.5-397b-a17b,player_1,minimaxai/minimax-m2.5,0,13,3,0.2308,0,0.0000,6,23,0.2609,2,0.3333,3,0.2308
exp3_m3_g6_1775417290370,3,nim,https://integrate.api.nvidia.com/v1,2026-03-26,p1939995863,2,48878312,,winner,mistralai/mistral-small-4-119b-2603;minimaxai/minimax-m2.5;z-ai/glm5;qwen/qwen3.5-397b-a17b,player_2,z-ai/glm5,0,13,6,0.4615,2,0.3333,1,14,0.0714,1,1.0000,6,0.4615
exp3_m3_g6_1775417290370,3,nim,https://integrate.api.nvidia.com/v1,2026-03-26,p1939995863,2,48878312,,winner,mistralai/mistral-small-4-119b-2603;minimaxai/minimax-m2.5;z-ai/glm5;qwen/qwen3.5-397b-a17b,player_3,qwen/qwen3.5-397b-a17b,1,13,4,0.3077,1,0.2500,0,14,0.0000,0,0.0000,4,0.3077
exp3_m3_g7_1775419172874,3,nim,https://integrate.api.nvidia.com/v1,2026-03-26,p1939995863,2,48878313,,winner,mistralai/mistral-small-4-119b-2603;z-ai/glm5;minimaxai/minimax-m2.5;qwen/qwen3.5-397b-a17b,player_0,mistralai/mistral-small-4-119b-2603,0,14,2,0.1429,2,1.0000,18,43,0.4186,5,0.2778,2,0.1429
exp3_m3_g7_1775419172874,3,nim,https://integrate.api.nvidia.com/v1,2026-03-26,p1939995863,2,48878313,,winner,mistralai/mistral-small-4-119b-2603;z-ai/glm5;minimaxai/minimax-m2.5;qwen/qwen3.5-397b-a17b,player_1,z-ai/glm5,0,14,6,0.4286,4,0.6667,2,31,0.0645,0,0.0000,6,0.4286
exp3_m3_g7_1775419172874,3,nim,https://integrate.api.nvidia.com/v1,2026-03-26,p1939995863,2,48878313,,winner,mistralai/mistral-small-4-119b-2603;z-ai/glm5;minimaxai/minimax-m2.5;qwen/qwen3.5-397b-a17b,player_2,minimaxai/minimax-m2.5,0,14,3,0.2143,1,0.3333,5,32,0.1563,2,0.4000,3,0.2143
exp3_m3_g7_1775419172874,3,nim,https://integrate.api.nvidia.com/v1,2026-03-26,p1939995863,2,48878313,,winner,mistralai/mistral-small-4-119b-2603;z-ai/glm5;minimaxai/minimax-m2.5;qwen/qwen3.5-397b-a17b,player_3,qwen/qwen3.5-397b-a17b,1,15,4,0.2667,1,0.2500,0,24,0.0000,0,0.0000,4,0.2667
exp3_m3_g8_1775422531643,3,nim,https://integrate.api.nvidia.com/v1,2026-03-26,p1939995863,2,48878314,,winner,qwen/qwen3.5-397b-a17b;minimaxai/minimax-m2.5;z-ai/glm5;mistralai/mistral-small-4-119b-2603,player_0,qwen/qwen3.5-397b-a17b,1,13,2,0.1538,1,0.5000,0,39,0.0000,0,0.0000,2,0.1538
exp3_m3_g8_1775422531643,3,nim,https://integrate.api.nvidia.com/v1,2026-03-26,p1939995863,2,48878314,,winner,qwen/qwen3.5-397b-a17b;minimaxai/minimax-m2.5;z-ai/glm5;mistralai/mistral-small-4-119b-2603,player_1,minimaxai/minimax-m2.5,0,13,3,0.2308,2,0.6667,6,39,0.1538,2,0.3333,3,0.2308
exp3_m3_g8_1775422531643,3,nim,https://integrate.api.nvidia.com/v1,2026-03-26,p1939995863,2,48878314,,winner,qwen/qwen3.5-397b-a17b;minimaxai/minimax-m2.5;z-ai/glm5;mistralai/mistral-small-4-119b-2603,player_2,z-ai/glm5,0,13,7,0.5385,3,0.4286,2,35,0.0571,1,0.5000,7,0.5385
exp3_m3_g8_1775422531643,3,nim,https://integrate.api.nvidia.com/v1,2026-03-26,p1939995863,2,48878314,,winner,qwen/qwen3.5-397b-a17b;minimaxai/minimax-m2.5;z-ai/glm5;mistralai/mistral-small-4-119b-2603,player_3,mistralai/mistral-small-4-119b-2603,0,13,3,0.2308,2,0.6667,17,35,0.4857,4,0.2353,3,0.2308
exp3_m3_g9_1775425454066,3,nim,https://integrate.api.nvidia.com/v1,2026-03-26,p1939995863,2,48878315,,winner,qwen/qwen3.5-397b-a17b;mistralai/mistral-small-4-119b-2603;z-ai/glm5;minimaxai/minimax-m2.5,player_0,qwen/qwen3.5-397b-a17b,1,13,3,0.2308,0,0.0000,3,37,0.0811,2,0.6667,3,0.2308
exp3_m3_g9_1775425454066,3,nim,https://integrate.api.nvidia.com/v1,2026-03-26,p1939995863,2,48878315,,winner,qwen/qwen3.5-397b-a17b;mistralai/mistral-small-4-119b-2603;z-ai/glm5;minimaxai/minimax-m2.5,player_1,mistralai/mistral-small-4-119b-2603,0,12,3,0.2500,0,0.0000,21,36,0.5833,6,0.2857,3,0.2500
exp3_m3_g9_1775425454066,3,nim,https://integrate.api.nvidia.com/v1,2026-03-26,p1939995863,2,48878315,,winner,qwen/qwen3.5-397b-a17b;mistralai/mistral-small-4-119b-2603;z-ai/glm5;minimaxai/minimax-m2.5,player_2,z-ai/glm5,0,12,2,0.1667,1,0.5000,3,21,0.1429,1,0.3333,2,0.1667
exp3_m3_g9_1775425454066,3,nim,https://integrate.api.nvidia.com/v1,2026-03-26,p1939995863,2,48878315,,winner,qwen/qwen3.5-397b-a17b;mistralai/mistral-small-4-119b-2603;z-ai/glm5;minimaxai/minimax-m2.5,player_3,minimaxai/minimax-m2.5,0,13,5,0.3846,1,0.2000,4,20,0.2000,2,0.5000,5,0.3846
exp3_m4_g0_1775428284248,3,nim,https://integrate.api.nvidia.com/v1,2026-03-26,p1939995863,2,48879267,,winner,minimaxai/minimax-m2.5;mistralai/mistral-small-4-119b-2603;moonshotai/kimi-k2.5;qwen/qwen3.5-397b-a17b,player_0,minimaxai/minimax-m2.5,0,13,0,0.0000,0,0.0000,10,41,0.2439,4,0.4000,0,0.0000
exp3_m4_g0_1775428284248,3,nim,https://integrate.api.nvidia.com/v1,2026-03-26,p1939995863,2,48879267,,winner,minimaxai/minimax-m2.5;mistralai/mistral-small-4-119b-2603;moonshotai/kimi-k2.5;qwen/qwen3.5-397b-a17b,player_1,mistralai/mistral-small-4-119b-2603,0,14,3,0.2143,3,1.0000,14,33,0.4242,2,0.1429,3,0.2143
exp3_m4_g0_1775428284248,3,nim,https://integrate.api.nvidia.com/v1,2026-03-26,p1939995863,2,48879267,,winner,minimaxai/minimax-m2.5;mistralai/mistral-small-4-119b-2603;moonshotai/kimi-k2.5;qwen/qwen3.5-397b-a17b,player_2,moonshotai/kimi-k2.5,1,14,5,0.3571,2,0.4000,0,24,0.0000,0,0.0000,5,0.3571
exp3_m4_g0_1775428284248,3,nim,https://integrate.api.nvidia.com/v1,2026-03-26,p1939995863,2,48879267,,winner,minimaxai/minimax-m2.5;mistralai/mistral-small-4-119b-2603;moonshotai/kimi-k2.5;qwen/qwen3.5-397b-a17b,player_3,qwen/qwen3.5-397b-a17b,0,13,3,0.2308,0,0.0000,0,25,0.0000,0,0.0000,3,0.2308
exp3_m4_g1_1775442272959,3,nim,https://integrate.api.nvidia.com/v1,2026-03-26,p1939995863,2,48879268,,winner,minimaxai/minimax-m2.5;mistralai/mistral-small-4-119b-2603;moonshotai/kimi-k2.5;qwen/qwen3.5-397b-a17b,player_0,minimaxai/minimax-m2.5,0,12,2,0.1667,2,1.0000,9,37,0.2432,5,0.5556,2,0.1667
exp3_m4_g1_1775442272959,3,nim,https://integrate.api.nvidia.com/v1,2026-03-26,p1939995863,2,48879268,,winner,minimaxai/minimax-m2.5;mistralai/mistral-small-4-119b-2603;moonshotai/kimi-k2.5;qwen/qwen3.5-397b-a17b,player_1,mistralai/mistral-small-4-119b-2603,0,12,4,0.3333,3,0.7500,13,30,0.4333,0,0.0000,4,0.3333
exp3_m4_g1_1775442272959,3,nim,https://integrate.api.nvidia.com/v1,2026-03-26,p1939995863,2,48879268,,winner,minimaxai/minimax-m2.5;mistralai/mistral-small-4-119b-2603;moonshotai/kimi-k2.5;qwen/qwen3.5-397b-a17b,player_2,moonshotai/kimi-k2.5,0,12,5,0.4167,2,0.4000,1,21,0.0476,1,1.0000,5,0.4167
exp3_m4_g1_1775442272959,3,nim,https://integrate.api.nvidia.com/v1,2026-03-26,p1939995863,2,48879268,,winner,minimaxai/minimax-m2.5;mistralai/mistral-small-4-119b-2603;moonshotai/kimi-k2.5;qwen/qwen3.5-397b-a17b,player_3,qwen/qwen3.5-397b-a17b,1,13,4,0.3077,2,0.5000,0,22,0.0000,0,0.0000,4,0.3077
exp3_m4_g2_1775449394847,3,nim,https://integrate.api.nvidia.com/v1,2026-03-26,p1939995863,2,48879269,,winner,minimaxai/minimax-m2.5;mistralai/mistral-small-4-119b-2603;moonshotai/kimi-k2.5;qwen/qwen3.5-397b-a17b,player_0,minimaxai/minimax-m2.5,0,28,7,0.2500,1,0.1429,28,87,0.3218,13,0.4643,7,0.2500
exp3_m4_g2_1775449394847,3,nim,https://integrate.api.nvidia.com/v1,2026-03-26,p1939995863,2,48879269,,winner,minimaxai/minimax-m2.5;mistralai/mistral-small-4-119b-2603;moonshotai/kimi-k2.5;qwen/qwen3.5-397b-a17b,player_1,mistralai/mistral-small-4-119b-2603,0,29,3,0.1034,3,1.0000,42,66,0.6364,15,0.3571,3,0.1034
exp3_m4_g2_1775449394847,3,nim,https://integrate.api.nvidia.com/v1,2026-03-26,p1939995863,2,48879269,,winner,minimaxai/minimax-m2.5;mistralai/mistral-small-4-119b-2603;moonshotai/kimi-k2.5;qwen/qwen3.5-397b-a17b,player_2,moonshotai/kimi-k2.5,0,29,13,0.4483,2,0.1538,1,37,0.0270,1,1.0000,13,0.4483
exp3_m4_g2_1775449394847,3,nim,https://integrate.api.nvidia.com/v1,2026-03-26,p1939995863,2,48879269,,winner,minimaxai/minimax-m2.5;mistralai/mistral-small-4-119b-2603;moonshotai/kimi-k2.5;qwen/qwen3.5-397b-a17b,player_3,qwen/qwen3.5-397b-a17b,1,29,15,0.5172,2,0.1333,1,39,0.0256,1,1.0000,15,0.5172
exp3_m4_g3_1775500620842,3,nim,https://integrate.api.nvidia.com/v1,2026-03-26,p1939995863,2,48879270,,winner,minimaxai/minimax-m2.5;qwen/qwen3.5-397b-a17b;mistralai/mistral-small-4-119b-2603;moonshotai/kimi-k2.5,player_0,minimaxai/minimax-m2.5,0,13,2,0.1538,0,0.0000,15,37,0.4054,7,0.4667,2,0.1538
exp3_m4_g3_1775500620842,3,nim,https://integrate.api.nvidia.com/v1,2026-03-26,p1939995863,2,48879270,,winner,minimaxai/minimax-m2.5;qwen/qwen3.5-397b-a17b;mistralai/mistral-small-4-119b-2603;moonshotai/kimi-k2.5,player_1,qwen/qwen3.5-397b-a17b,1,13,3,0.2308,0,0.0000,3,27,0.1111,2,0.6667,3,0.2308
exp3_m4_g3_1775500620842,3,nim,https://integrate.api.nvidia.com/v1,2026-03-26,p1939995863,2,48879270,,winner,minimaxai/minimax-m2.5;qwen/qwen3.5-397b-a17b;mistralai/mistral-small-4-119b-2603;moonshotai/kimi-k2.5,player_2,mistralai/mistral-small-4-119b-2603,0,12,3,0.2500,0,0.0000,11,23,0.4783,1,0.0909,3,0.2500
exp3_m4_g3_1775500620842,3,nim,https://integrate.api.nvidia.com/v1,2026-03-26,p1939995863,2,48879270,,winner,minimaxai/minimax-m2.5;qwen/qwen3.5-397b-a17b;mistralai/mistral-small-4-119b-2603;moonshotai/kimi-k2.5,player_3,moonshotai/kimi-k2.5,0,12,5,0.4167,0,0.0000,6,20,0.3000,3,0.5000,5,0.4167
exp3_m4_g4_1775510811588,3,nim,https://integrate.api.nvidia.com/v1,2026-03-26,p1939995863,2,48879271,,winner,moonshotai/kimi-k2.5;minimaxai/minimax-m2.5;qwen/qwen3.5-397b-a17b;mistralai/mistral-small-4-119b-2603,player_0,moonshotai/kimi-k2.5,1,8,2,0.2500,2,1.0000,1,21,0.0476,1,1.0000,2,0.2500
exp3_m4_g4_1775510811588,3,nim,https://integrate.api.nvidia.com/v1,2026-03-26,p1939995863,2,48879271,,winner,moonshotai/kimi-k2.5;minimaxai/minimax-m2.5;qwen/qwen3.5-397b-a17b;mistralai/mistral-small-4-119b-2603,player_1,minimaxai/minimax-m2.5,0,7,2,0.2857,1,0.5000,2,21,0.0952,1,0.5000,2,0.2857
exp3_m4_g4_1775510811588,3,nim,https://integrate.api.nvidia.com/v1,2026-03-26,p1939995863,2,48879271,,winner,moonshotai/kimi-k2.5;minimaxai/minimax-m2.5;qwen/qwen3.5-397b-a17b;mistralai/mistral-small-4-119b-2603,player_2,qwen/qwen3.5-397b-a17b,0,7,1,0.1429,0,0.0000,0,20,0.0000,0,0.0000,1,0.1429
exp3_m4_g4_1775510811588,3,nim,https://integrate.api.nvidia.com/v1,2026-03-26,p1939995863,2,48879271,,winner,moonshotai/kimi-k2.5;minimaxai/minimax-m2.5;qwen/qwen3.5-397b-a17b;mistralai/mistral-small-4-119b-2603,player_3,mistralai/mistral-small-4-119b-2603,0,7,4,0.5714,3,0.7500,9,21,0.4286,1,0.1111,4,0.5714
exp3_m4_g5_1775516190821,3,nim,https://integrate.api.nvidia.com/v1,2026-03-26,p1939995863,2,48879272,,winner,moonshotai/kimi-k2.5;minimaxai/minimax-m2.5;mistralai/mistral-small-4-119b-2603;qwen/qwen3.5-397b-a17b,player_0,moonshotai/kimi-k2.5,1,8,2,0.2500,2,1.0000,1,23,0.0435,1,1.0000,2,0.2500
exp3_m4_g5_1775516190821,3,nim,https://integrate.api.nvidia.com/v1,2026-03-26,p1939995863,2,48879272,,winner,moonshotai/kimi-k2.5;minimaxai/minimax-m2.5;mistralai/mistral-small-4-119b-2603;qwen/qwen3.5-397b-a17b,player_1,minimaxai/minimax-m2.5,0,7,2,0.2857,1,0.5000,4,23,0.1739,1,0.2500,2,0.2857
exp3_m4_g5_1775516190821,3,nim,https://integrate.api.nvidia.com/v1,2026-03-26,p1939995863,2,48879272,,winner,moonshotai/kimi-k2.5;minimaxai/minimax-m2.5;mistralai/mistral-small-4-119b-2603;qwen/qwen3.5-397b-a17b,player_2,mistralai/mistral-small-4-119b-2603,0,8,4,0.5000,3,0.7500,13,20,0.6500,2,0.1538,4,0.5000
exp3_m4_g5_1775516190821,3,nim,https://integrate.api.nvidia.com/v1,2026-03-26,p1939995863,2,48879272,,winner,moonshotai/kimi-k2.5;minimaxai/minimax-m2.5;mistralai/mistral-small-4-119b-2603;qwen/qwen3.5-397b-a17b,player_3,qwen/qwen3.5-397b-a17b,0,8,2,0.2500,0,0.0000,0,12,0.0000,0,0.0000,2,0.2500
exp3_m4_g6_1775521292800,3,nim,https://integrate.api.nvidia.com/v1,2026-03-26,p1939995863,2,48879273,,winner,minimaxai/minimax-m2.5;qwen/qwen3.5-397b-a17b;mistralai/mistral-small-4-119b-2603;moonshotai/kimi-k2.5,player_0,minimaxai/minimax-m2.5,0,20,3,0.1500,1,0.3333,19,60,0.3167,9,0.4737,3,0.1500
exp3_m4_g6_1775521292800,3,nim,https://integrate.api.nvidia.com/v1,2026-03-26,p1939995863,2,48879273,,winner,minimaxai/minimax-m2.5;qwen/qwen3.5-397b-a17b;mistralai/mistral-small-4-119b-2603;moonshotai/kimi-k2.5,player_1,qwen/qwen3.5-397b-a17b,0,20,9,0.4500,2,0.2222,2,46,0.0435,0,0.0000,9,0.4500
exp3_m4_g6_1775521292800,3,nim,https://integrate.api.nvidia.com/v1,2026-03-26,p1939995863,2,48879273,,winner,minimaxai/minimax-m2.5;qwen/qwen3.5-397b-a17b;mistralai/mistral-small-4-119b-2603;moonshotai/kimi-k2.5,player_2,mistralai/mistral-small-4-119b-2603,0,20,2,0.1000,1,0.5000,22,48,0.4583,5,0.2273,2,0.1000
exp3_m4_g6_1775521292800,3,nim,https://integrate.api.nvidia.com/v1,2026-03-26,p1939995863,2,48879273,,winner,minimaxai/minimax-m2.5;qwen/qwen3.5-397b-a17b;mistralai/mistral-small-4-119b-2603;moonshotai/kimi-k2.5,player_3,moonshotai/kimi-k2.5,1,20,6,0.3000,1,0.1667,2,31,0.0645,1,0.5000,6,0.3000
exp3_m4_g7_1775531416628,3,nim,https://integrate.api.nvidia.com/v1,2026-03-26,p1939995863,2,48879274,,winner,mistralai/mistral-small-4-119b-2603;moonshotai/kimi-k2.5;minimaxai/minimax-m2.5;qwen/qwen3.5-397b-a17b,player_0,mistralai/mistral-small-4-119b-2603,0,10,5,0.5000,2,0.4000,20,32,0.6250,6,0.3000,5,0.5000
exp3_m4_g7_1775531416628,3,nim,https://integrate.api.nvidia.com/v1,2026-03-26,p1939995863,2,48879274,,winner,mistralai/mistral-small-4-119b-2603;moonshotai/kimi-k2.5;minimaxai/minimax-m2.5;qwen/qwen3.5-397b-a17b,player_1,moonshotai/kimi-k2.5,0,11,3,0.2727,0,0.0000,3,19,0.1579,3,1.0000,3,0.2727
exp3_m4_g7_1775531416628,3,nim,https://integrate.api.nvidia.com/v1,2026-03-26,p1939995863,2,48879274,,winner,mistralai/mistral-small-4-119b-2603;moonshotai/kimi-k2.5;minimaxai/minimax-m2.5;qwen/qwen3.5-397b-a17b,player_2,minimaxai/minimax-m2.5,1,11,3,0.2727,1,0.3333,2,14,0.1429,1,0.5000,3,0.2727
exp3_m4_g7_1775531416628,3,nim,https://integrate.api.nvidia.com/v1,2026-03-26,p1939995863,2,48879274,,winner,mistralai/mistral-small-4-119b-2603;moonshotai/kimi-k2.5;minimaxai/minimax-m2.5;qwen/qwen3.5-397b-a17b,player_3,qwen/qwen3.5-397b-a17b,0,10,2,0.2000,0,0.0000,0,13,0.0000,0,0.0000,2,0.2000
exp3_m4_g8_1775535408030,3,nim,https://integrate.api.nvidia.com/v1,2026-03-26,p1939995863,2,48879275,,winner,minimaxai/minimax-m2.5;moonshotai/kimi-k2.5;qwen/qwen3.5-397b-a17b;mistralai/mistral-small-4-119b-2603,player_0,minimaxai/minimax-m2.5,0,11,1,0.0909,0,0.0000,7,35,0.2000,5,0.7143,1,0.0909
exp3_m4_g8_1775535408030,3,nim,https://integrate.api.nvidia.com/v1,2026-03-26,p1939995863,2,48879275,,winner,minimaxai/minimax-m2.5;moonshotai/kimi-k2.5;qwen/qwen3.5-397b-a17b;mistralai/mistral-small-4-119b-2603,player_1,moonshotai/kimi-k2.5,0,12,4,0.3333,1,0.2500,1,30,0.0333,0,0.0000,4,0.3333
exp3_m4_g8_1775535408030,3,nim,https://integrate.api.nvidia.com/v1,2026-03-26,p1939995863,2,48879275,,winner,minimaxai/minimax-m2.5;moonshotai/kimi-k2.5;qwen/qwen3.5-397b-a17b;mistralai/mistral-small-4-119b-2603,player_2,qwen/qwen3.5-397b-a17b,1,12,4,0.3333,1,0.2500,2,31,0.0645,2,1.0000,4,0.3333
exp3_m4_g8_1775535408030,3,nim,https://integrate.api.nvidia.com/v1,2026-03-26,p1939995863,2,48879275,,winner,minimaxai/minimax-m2.5;moonshotai/kimi-k2.5;qwen/qwen3.5-397b-a17b;mistralai/mistral-small-4-119b-2603,player_3,mistralai/mistral-small-4-119b-2603,0,11,2,0.1818,1,0.5000,13,26,0.5000,1,0.0769,2,0.1818
exp3_m4_g9_1775558689461,3,nim,https://integrate.api.nvidia.com/v1,2026-03-26,p1939995863,2,48879276,,winner,minimaxai/minimax-m2.5;qwen/qwen3.5-397b-a17b;mistralai/mistral-small-4-119b-2603;moonshotai/kimi-k2.5,player_0,minimaxai/minimax-m2.5,0,10,1,0.1000,1,1.0000,3,28,0.1071,1,0.3333,1,0.1000
exp3_m4_g9_1775558689461,3,nim,https://integrate.api.nvidia.com/v1,2026-03-26,p1939995863,2,48879276,,winner,minimaxai/minimax-m2.5;qwen/qwen3.5-397b-a17b;mistralai/mistral-small-4-119b-2603;moonshotai/kimi-k2.5,player_1,qwen/qwen3.5-397b-a17b,1,10,1,0.1000,1,1.0000,0,26,0.0000,0,0.0000,1,0.1000
exp3_m4_g9_1775558689461,3,nim,https://integrate.api.nvidia.com/v1,2026-03-26,p1939995863,2,48879276,,winner,minimaxai/minimax-m2.5;qwen/qwen3.5-397b-a17b;mistralai/mistral-small-4-119b-2603;moonshotai/kimi-k2.5,player_2,mistralai/mistral-small-4-119b-2603,0,9,0,0.0000,0,0.0000,9,26,0.3462,0,0.0000,0,0.0000
exp3_m4_g9_1775558689461,3,nim,https://integrate.api.nvidia.com/v1,2026-03-26,p1939995863,2,48879276,,winner,minimaxai/minimax-m2.5;qwen/qwen3.5-397b-a17b;mistralai/mistral-small-4-119b-2603;moonshotai/kimi-k2.5,player_3,moonshotai/kimi-k2.5,0,9,2,0.2222,1,0.5000,1,21,0.0476,0,0.0000,2,0.2222
exp3_m5_g0_1775059161423,3,nim,https://integrate.api.nvidia.com/v1,2026-03-26,p1939995863,2,48880228,,winner,moonshotai/kimi-k2.5;minimaxai/minimax-m2.5;qwen/qwen3.5-397b-a17b;z-ai/glm5,player_0,moonshotai/kimi-k2.5,0,12,4,0.3333,2,0.5000,4,36,0.1111,3,0.7500,4,0.3333
exp3_m5_g0_1775059161423,3,nim,https://integrate.api.nvidia.com/v1,2026-03-26,p1939995863,2,48880228,,winner,moonshotai/kimi-k2.5;minimaxai/minimax-m2.5;qwen/qwen3.5-397b-a17b;z-ai/glm5,player_1,minimaxai/minimax-m2.5,0,12,5,0.4167,2,0.4000,4,34,0.1176,2,0.5000,5,0.4167
exp3_m5_g0_1775059161423,3,nim,https://integrate.api.nvidia.com/v1,2026-03-26,p1939995863,2,48880228,,winner,moonshotai/kimi-k2.5;minimaxai/minimax-m2.5;qwen/qwen3.5-397b-a17b;z-ai/glm5,player_2,qwen/qwen3.5-397b-a17b,1,12,4,0.3333,3,0.7500,0,31,0.0000,0,0.0000,4,0.3333
exp3_m5_g0_1775059161423,3,nim,https://integrate.api.nvidia.com/v1,2026-03-26,p1939995863,2,48880228,,winner,moonshotai/kimi-k2.5;minimaxai/minimax-m2.5;qwen/qwen3.5-397b-a17b;z-ai/glm5,player_3,z-ai/glm5,0,12,5,0.4167,4,0.8000,2,30,0.0667,2,1.0000,5,0.4167
exp3_m5_g1_1775077117533,3,nim,https://integrate.api.nvidia.com/v1,2026-03-26,p1939995863,2,48880229,,winner,minimaxai/minimax-m2.5;z-ai/glm5;qwen/qwen3.5-397b-a17b;moonshotai/kimi-k2.5,player_0,minimaxai/minimax-m2.5,0,9,3,0.3333,2,0.6667,0,26,0.0000,0,0.0000,3,0.3333
exp3_m5_g1_1775077117533,3,nim,https://integrate.api.nvidia.com/v1,2026-03-26,p1939995863,2,48880229,,winner,minimaxai/minimax-m2.5;z-ai/glm5;qwen/qwen3.5-397b-a17b;moonshotai/kimi-k2.5,player_1,z-ai/glm5,0,9,1,0.1111,1,1.0000,3,26,0.1154,1,0.3333,1,0.1111
exp3_m5_g1_1775077117533,3,nim,https://integrate.api.nvidia.com/v1,2026-03-26,p1939995863,2,48880229,,winner,minimaxai/minimax-m2.5;z-ai/glm5;qwen/qwen3.5-397b-a17b;moonshotai/kimi-k2.5,player_2,qwen/qwen3.5-397b-a17b,1,9,1,0.1111,1,1.0000,0,24,0.0000,0,0.0000,1,0.1111
exp3_m5_g1_1775077117533,3,nim,https://integrate.api.nvidia.com/v1,2026-03-26,p1939995863,2,48880229,,winner,minimaxai/minimax-m2.5;z-ai/glm5;qwen/qwen3.5-397b-a17b;moonshotai/kimi-k2.5,player_3,moonshotai/kimi-k2.5,0,8,2,0.2500,2,1.0000,0,25,0.0000,0,0.0000,2,0.2500
exp3_m5_g2_1775085789101,3,nim,https://integrate.api.nvidia.com/v1,2026-03-26,p1939995863,2,48880230,,winner,moonshotai/kimi-k2.5;qwen/qwen3.5-397b-a17b;z-ai/glm5;minimaxai/minimax-m2.5,player_0,moonshotai/kimi-k2.5,1,18,4,0.2222,1,0.2500,5,52,0.0962,3,0.6000,4,0.2222
exp3_m5_g2_1775085789101,3,nim,https://integrate.api.nvidia.com/v1,2026-03-26,p1939995863,2,48880230,,winner,moonshotai/kimi-k2.5;qwen/qwen3.5-397b-a17b;z-ai/glm5;minimaxai/minimax-m2.5,player_1,qwen/qwen3.5-397b-a17b,0,17,5,0.2941,1,0.2000,1,48,0.0208,1,1.0000,5,0.2941
exp3_m5_g2_1775085789101,3,nim,https://integrate.api.nvidia.com/v1,2026-03-26,p1939995863,2,48880230,,winner,moonshotai/kimi-k2.5;qwen/qwen3.5-397b-a17b;z-ai/glm5;minimaxai/minimax-m2.5,player_2,z-ai/glm5,0,17,3,0.1765,2,0.6667,20,48,0.4167,8,0.4000,3,0.1765
exp3_m5_g2_1775085789101,3,nim,https://integrate.api.nvidia.com/v1,2026-03-26,p1939995863,2,48880230,,winner,moonshotai/kimi-k2.5;qwen/qwen3.5-397b-a17b;z-ai/glm5;minimaxai/minimax-m2.5,player_3,minimaxai/minimax-m2.5,0,18,5,0.2778,0,0.0000,5,35,0.1429,1,0.2000,5,0.2778
exp3_m5_g3_1775101168460,3,nim,https://integrate.api.nvidia.com/v1,2026-03-26,p1939995863,2,48880231,,winner,z-ai/glm5;minimaxai/minimax-m2.5;qwen/qwen3.5-397b-a17b;moonshotai/kimi-k2.5,player_0,z-ai/glm5,0,14,3,0.2143,0,0.0000,15,42,0.3571,7,0.4667,3,0.2143
exp3_m5_g3_1775101168460,3,nim,https://integrate.api.nvidia.com/v1,2026-03-26,p1939995863,2,48880231,,winner,z-ai/glm5;minimaxai/minimax-m2.5;qwen/qwen3.5-397b-a17b;moonshotai/kimi-k2.5,player_1,minimaxai/minimax-m2.5,0,14,10,0.7143,4,0.4000,2,32,0.0625,1,0.5000,10,0.7143
exp3_m5_g3_1775101168460,3,nim,https://integrate.api.nvidia.com/v1,2026-03-26,p1939995863,2,48880231,,winner,z-ai/glm5;minimaxai/minimax-m2.5;qwen/qwen3.5-397b-a17b;moonshotai/kimi-k2.5,player_2,qwen/qwen3.5-397b-a17b,0,14,1,0.0714,0,0.0000,7,30,0.2333,5,0.7143,1,0.0714
exp3_m5_g3_1775101168460,3,nim,https://integrate.api.nvidia.com/v1,2026-03-26,p1939995863,2,48880231,,winner,z-ai/glm5;minimaxai/minimax-m2.5;qwen/qwen3.5-397b-a17b;moonshotai/kimi-k2.5,player_3,moonshotai/kimi-k2.5,1,14,5,0.3571,2,0.4000,0,25,0.0000,0,0.0000,5,0.3571
exp3_m5_g4_1775156534402,3,nim,https://integrate.api.nvidia.com/v1,2026-03-26,p1939995863,2,48880232,,winner,qwen/qwen3.5-397b-a17b;minimaxai/minimax-m2.5;z-ai/glm5;moonshotai/kimi-k2.5,player_0,qwen/qwen3.5-397b-a17b,0,11,3,0.2727,1,0.3333,6,34,0.1765,2,0.3333,3,0.2727
exp3_m5_g4_1775156534402,3,nim,https://integrate.api.nvidia.com/v1,2026-03-26,p1939995863,2,48880232,,winner,qwen/qwen3.5-397b-a17b;minimaxai/minimax-m2.5;z-ai/glm5;moonshotai/kimi-k2.5,player_1,minimaxai/minimax-m2.5,0,11,1,0.0909,0,0.0000,9,29,0.3103,4,0.4444,1,0.0909
exp3_m5_g4_1775156534402,3,nim,https://integrate.api.nvidia.com/v1,2026-03-26,p1939995863,2,48880232,,winner,qwen/qwen3.5-397b-a17b;minimaxai/minimax-m2.5;z-ai/glm5;moonshotai/kimi-k2.5,player_2,z-ai/glm5,1,12,4,0.3333,1,0.2500,2,23,0.0870,1,0.5000,4,0.3333
exp3_m5_g4_1775156534402,3,nim,https://integrate.api.nvidia.com/v1,2026-03-26,p1939995863,2,48880232,,winner,qwen/qwen3.5-397b-a17b;minimaxai/minimax-m2.5;z-ai/glm5;moonshotai/kimi-k2.5,player_3,moonshotai/kimi-k2.5,0,11,2,0.1818,0,0.0000,1,22,0.0455,1,1.0000,2,0.1818
exp3_m5_g5_1775165333189,3,nim,https://integrate.api.nvidia.com/v1,2026-03-26,p1939995863,2,48880233,,winner,moonshotai/kimi-k2.5;qwen/qwen3.5-397b-a17b;minimaxai/minimax-m2.5;z-ai/glm5,player_0,moonshotai/kimi-k2.5,0,40,13,0.3250,1,0.0769,29,121,0.2397,16,0.5517,13,0.3250
exp3_m5_g5_1775165333189,3,nim,https://integrate.api.nvidia.com/v1,2026-03-26,p1939995863,2,48880233,,winner,moonshotai/kimi-k2.5;qwen/qwen3.5-397b-a17b;minimaxai/minimax-m2.5;z-ai/glm5,player_1,qwen/qwen3.5-397b-a17b,0,40,19,0.4750,2,0.1053,14,102,0.1373,11,0.7857,19,0.4750
exp3_m5_g5_1775165333189,3,nim,https://integrate.api.nvidia.com/v1,2026-03-26,p1939995863,2,48880233,,winner,moonshotai/kimi-k2.5;qwen/qwen3.5-397b-a17b;minimaxai/minimax-m2.5;z-ai/glm5,player_2,minimaxai/minimax-m2.5,0,40,3,0.0750,0,0.0000,30,90,0.3333,11,0.3667,3,0.0750
exp3_m5_g5_1775165333189,3,nim,https://integrate.api.nvidia.com/v1,2026-03-26,p1939995863,2,48880233,,winner,moonshotai/kimi-k2.5;qwen/qwen3.5-397b-a17b;minimaxai/minimax-m2.5;z-ai/glm5,player_3,z-ai/glm5,1,41,13,0.3171,4,0.3077,15,67,0.2239,3,0.2000,13,0.3171
exp3_m5_g6_1775210349776,3,nim,https://integrate.api.nvidia.com/v1,2026-03-26,p1939995863,2,48880234,,winner,minimaxai/minimax-m2.5;z-ai/glm5;moonshotai/kimi-k2.5;qwen/qwen3.5-397b-a17b,player_0,minimaxai/minimax-m2.5,0,11,2,0.1818,0,0.0000,10,33,0.3030,3,0.3000,2,0.1818
exp3_m5_g6_1775210349776,3,nim,https://integrate.api.nvidia.com/v1,2026-03-26,p1939995863,2,48880234,,winner,minimaxai/minimax-m2.5;z-ai/glm5;moonshotai/kimi-k2.5;qwen/qwen3.5-397b-a17b,player_1,z-ai/glm5,0,11,2,0.1818,1,0.5000,5,26,0.1923,1,0.2000,2,0.1818
exp3_m5_g6_1775210349776,3,nim,https://integrate.api.nvidia.com/v1,2026-03-26,p1939995863,2,48880234,,winner,minimaxai/minimax-m2.5;z-ai/glm5;moonshotai/kimi-k2.5;qwen/qwen3.5-397b-a17b,player_2,moonshotai/kimi-k2.5,0,11,5,0.4545,3,0.6000,3,24,0.1250,2,0.6667,5,0.4545
exp3_m5_g6_1775210349776,3,nim,https://integrate.api.nvidia.com/v1,2026-03-26,p1939995863,2,48880234,,winner,minimaxai/minimax-m2.5;z-ai/glm5;moonshotai/kimi-k2.5;qwen/qwen3.5-397b-a17b,player_3,qwen/qwen3.5-397b-a17b,1,11,4,0.3636,3,0.7500,0,20,0.0000,0,0.0000,4,0.3636
exp3_m5_g7_1775222162436,3,nim,https://integrate.api.nvidia.com/v1,2026-03-26,p1939995863,2,48880235,,winner,moonshotai/kimi-k2.5;qwen/qwen3.5-397b-a17b;z-ai/glm5;minimaxai/minimax-m2.5,player_0,moonshotai/kimi-k2.5,1,12,2,0.1667,0,0.0000,1,36,0.0278,0,0.0000,2,0.1667
exp3_m5_g7_1775222162436,3,nim,https://integrate.api.nvidia.com/v1,2026-03-26,p1939995863,2,48880235,,winner,moonshotai/kimi-k2.5;qwen/qwen3.5-397b-a17b;z-ai/glm5;minimaxai/minimax-m2.5,player_1,qwen/qwen3.5-397b-a17b,0,12,3,0.2500,1,0.3333,1,35,0.0286,1,1.0000,3,0.2500
exp3_m5_g7_1775222162436,3,nim,https://integrate.api.nvidia.com/v1,2026-03-26,p1939995863,2,48880235,,winner,moonshotai/kimi-k2.5;qwen/qwen3.5-397b-a17b;z-ai/glm5;minimaxai/minimax-m2.5,player_2,z-ai/glm5,0,12,2,0.1667,0,0.0000,11,34,0.3235,4,0.3636,2,0.1667
exp3_m5_g7_1775222162436,3,nim,https://integrate.api.nvidia.com/v1,2026-03-26,p1939995863,2,48880235,,winner,moonshotai/kimi-k2.5;qwen/qwen3.5-397b-a17b;z-ai/glm5;minimaxai/minimax-m2.5,player_3,minimaxai/minimax-m2.5,0,12,2,0.1667,0,0.0000,7,27,0.2593,3,0.4286,2,0.1667
exp3_m5_g8_1775232603801,3,nim,https://integrate.api.nvidia.com/v1,2026-03-26,p1939995863,2,48880236,,winner,qwen/qwen3.5-397b-a17b;minimaxai/minimax-m2.5;moonshotai/kimi-k2.5;z-ai/glm5,player_0,qwen/qwen3.5-397b-a17b,0,39,9,0.2308,1,0.1111,23,118,0.1949,15,0.6522,9,0.2308
exp3_m5_g8_1775232603801,3,nim,https://integrate.api.nvidia.com/v1,2026-03-26,p1939995863,2,48880236,,winner,qwen/qwen3.5-397b-a17b;minimaxai/minimax-m2.5;moonshotai/kimi-k2.5;z-ai/glm5,player_1,minimaxai/minimax-m2.5,0,39,7,0.1795,1,0.1429,30,100,0.3000,11,0.3667,7,0.1795
exp3_m5_g8_1775232603801,3,nim,https://integrate.api.nvidia.com/v1,2026-03-26,p1939995863,2,48880236,,winner,qwen/qwen3.5-397b-a17b;minimaxai/minimax-m2.5;moonshotai/kimi-k2.5;z-ai/glm5,player_2,moonshotai/kimi-k2.5,1,40,14,0.3500,4,0.2857,6,79,0.0759,3,0.5000,14,0.3500
exp3_m5_g8_1775232603801,3,nim,https://integrate.api.nvidia.com/v1,2026-03-26,p1939995863,2,48880236,,winner,qwen/qwen3.5-397b-a17b;minimaxai/minimax-m2.5;moonshotai/kimi-k2.5;z-ai/glm5,player_3,z-ai/glm5,0,39,16,0.4103,6,0.3750,18,78,0.2308,5,0.2778,16,0.4103
exp3_m5_g9_1775261768976,3,nim,https://integrate.api.nvidia.com/v1,2026-03-26,p1939995863,2,48880237,,winner,minimaxai/minimax-m2.5;moonshotai/kimi-k2.5;z-ai/glm5;qwen/qwen3.5-397b-a17b,player_0,minimaxai/minimax-m2.5,0,32,7,0.2188,2,0.2857,30,94,0.3191,16,0.5333,7,0.2188
exp3_m5_g9_1775261768976,3,nim,https://integrate.api.nvidia.com/v1,2026-03-26,p1939995863,2,48880237,,winner,minimaxai/minimax-m2.5;moonshotai/kimi-k2.5;z-ai/glm5;qwen/qwen3.5-397b-a17b,player_1,moonshotai/kimi-k2.5,1,32,14,0.4375,4,0.2857,7,74,0.0946,4,0.5714,14,0.4375
exp3_m5_g9_1775261768976,3,nim,https://integrate.api.nvidia.com/v1,2026-03-26,p1939995863,2,48880237,,winner,minimaxai/minimax-m2.5;moonshotai/kimi-k2.5;z-ai/glm5;qwen/qwen3.5-397b-a17b,player_2,z-ai/glm5,0,31,5,0.1613,2,0.4000,16,67,0.2388,3,0.1875,5,0.1613
exp3_m5_g9_1775261768976,3,nim,https://integrate.api.nvidia.com/v1,2026-03-26,p1939995863,2,48880237,,winner,minimaxai/minimax-m2.5;moonshotai/kimi-k2.5;z-ai/glm5;qwen/qwen3.5-397b-a17b,player_3,qwen/qwen3.5-397b-a17b,0,31,12,0.3871,5,0.4167,5,58,0.0862,2,0.4000,12,0.3871
exp3_m6_g0_1775280283130,3,nim,https://integrate.api.nvidia.com/v1,2026-03-26,p1939995863,2,48881189,,winner,mistralai/mistral-small-4-119b-2603;nvidia/nemotron-3-super-120b-a12b;z-ai/glm5;qwen/qwen3.5-397b-a17b,player_0,mistralai/mistral-small-4-119b-2603,0,13,3,0.2308,3,1.0000,20,39,0.5128,8,0.4000,3,0.2308
exp3_m6_g0_1775280283130,3,nim,https://integrate.api.nvidia.com/v1,2026-03-26,p1939995863,2,48881189,,winner,mistralai/mistral-small-4-119b-2603;nvidia/nemotron-3-super-120b-a12b;z-ai/glm5;qwen/qwen3.5-397b-a17b,player_1,nvidia/nemotron-3-super-120b-a12b,0,13,3,0.2308,0,0.0000,4,28,0.1429,2,0.5000,3,0.2308
exp3_m6_g0_1775280283130,3,nim,https://integrate.api.nvidia.com/v1,2026-03-26,p1939995863,2,48881189,,winner,mistralai/mistral-small-4-119b-2603;nvidia/nemotron-3-super-120b-a12b;z-ai/glm5;qwen/qwen3.5-397b-a17b,player_2,z-ai/glm5,0,13,7,0.5385,2,0.2857,1,23,0.0435,1,1.0000,7,0.5385
exp3_m6_g0_1775280283130,3,nim,https://integrate.api.nvidia.com/v1,2026-03-26,p1939995863,2,48881189,,winner,mistralai/mistral-small-4-119b-2603;nvidia/nemotron-3-super-120b-a12b;z-ai/glm5;qwen/qwen3.5-397b-a17b,player_3,qwen/qwen3.5-397b-a17b,1,13,4,0.3077,1,0.2500,0,21,0.0000,0,0.0000,4,0.3077
exp3_m6_g1_1775284614351,3,nim,https://integrate.api.nvidia.com/v1,2026-03-26,p1939995863,2,48881190,,winner,z-ai/glm5;nvidia/nemotron-3-super-120b-a12b;qwen/qwen3.5-397b-a17b;mistralai/mistral-small-4-119b-2603,player_0,z-ai/glm5,0,11,3,0.2727,0,0.0000,5,35,0.1429,1,0.2000,3,0.2727
exp3_m6_g1_1775284614351,3,nim,https://integrate.api.nvidia.com/v1,2026-03-26,p1939995863,2,48881190,,winner,z-ai/glm5;nvidia/nemotron-3-super-120b-a12b;qwen/qwen3.5-397b-a17b;mistralai/mistral-small-4-119b-2603,player_1,nvidia/nemotron-3-super-120b-a12b,0,12,1,0.0833,1,1.0000,12,30,0.4000,6,0.5000,1,0.0833
exp3_m6_g1_1775284614351,3,nim,https://integrate.api.nvidia.com/v1,2026-03-26,p1939995863,2,48881190,,winner,z-ai/glm5;nvidia/nemotron-3-super-120b-a12b;qwen/qwen3.5-397b-a17b;mistralai/mistral-small-4-119b-2603,player_2,qwen/qwen3.5-397b-a17b,1,12,4,0.3333,1,0.2500,1,23,0.0435,1,1.0000,4,0.3333
exp3_m6_g1_1775284614351,3,nim,https://integrate.api.nvidia.com/v1,2026-03-26,p1939995863,2,48881190,,winner,z-ai/glm5;nvidia/nemotron-3-super-120b-a12b;qwen/qwen3.5-397b-a17b;mistralai/mistral-small-4-119b-2603,player_3,mistralai/mistral-small-4-119b-2603,0,11,4,0.3636,1,0.2500,11,22,0.5000,1,0.0909,4,0.3636
exp3_m6_g2_1775291418008,3,nim,https://integrate.api.nvidia.com/v1,2026-03-26,p1939995863,2,48881191,,winner,z-ai/glm5;qwen/qwen3.5-397b-a17b;nvidia/nemotron-3-super-120b-a12b;mistralai/mistral-small-4-119b-2603,player_0,z-ai/glm5,0,9,3,0.3333,1,0.3333,1,28,0.0357,1,1.0000,3,0.3333
exp3_m6_g2_1775291418008,3,nim,https://integrate.api.nvidia.com/v1,2026-03-26,p1939995863,2,48881191,,winner,z-ai/glm5;qwen/qwen3.5-397b-a17b;nvidia/nemotron-3-super-120b-a12b;mistralai/mistral-small-4-119b-2603,player_1,qwen/qwen3.5-397b-a17b,0,9,3,0.3333,1,0.3333,1,27,0.0370,0,0.0000,3,0.3333
exp3_m6_g2_1775291418008,3,nim,https://integrate.api.nvidia.com/v1,2026-03-26,p1939995863,2,48881191,,winner,z-ai/glm5;qwen/qwen3.5-397b-a17b;nvidia/nemotron-3-super-120b-a12b;mistralai/mistral-small-4-119b-2603,player_2,nvidia/nemotron-3-super-120b-a12b,1,10,3,0.3000,1,0.3333,4,25,0.1600,2,0.5000,3,0.3000
exp3_m6_g2_1775291418008,3,nim,https://integrate.api.nvidia.com/v1,2026-03-26,p1939995863,2,48881191,,winner,z-ai/glm5;qwen/qwen3.5-397b-a17b;nvidia/nemotron-3-super-120b-a12b;mistralai/mistral-small-4-119b-2603,player_3,mistralai/mistral-small-4-119b-2603,0,9,2,0.2222,1,0.5000,14,23,0.6087,4,0.2857,2,0.2222
exp3_m6_g3_1775307247960,3,nim,https://integrate.api.nvidia.com/v1,2026-03-26,p1939995863,2,48881192,,winner,z-ai/glm5;mistralai/mistral-small-4-119b-2603;qwen/qwen3.5-397b-a17b;nvidia/nemotron-3-super-120b-a12b,player_0,z-ai/glm5,0,19,4,0.2105,2,0.5000,9,59,0.1525,3,0.3333,4,0.2105
exp3_m6_g3_1775307247960,3,nim,https://integrate.api.nvidia.com/v1,2026-03-26,p1939995863,2,48881192,,winner,z-ai/glm5;mistralai/mistral-small-4-119b-2603;qwen/qwen3.5-397b-a17b;nvidia/nemotron-3-super-120b-a12b,player_1,mistralai/mistral-small-4-119b-2603,0,19,3,0.1579,1,0.3333,22,53,0.4151,4,0.1818,3,0.1579
exp3_m6_g3_1775307247960,3,nim,https://integrate.api.nvidia.com/v1,2026-03-26,p1939995863,2,48881192,,winner,z-ai/glm5;mistralai/mistral-small-4-119b-2603;qwen/qwen3.5-397b-a17b;nvidia/nemotron-3-super-120b-a12b,player_2,qwen/qwen3.5-397b-a17b,0,20,5,0.2500,2,0.4000,3,36,0.0833,2,0.6667,5,0.2500
exp3_m6_g3_1775307247960,3,nim,https://integrate.api.nvidia.com/v1,2026-03-26,p1939995863,2,48881192,,winner,z-ai/glm5;mistralai/mistral-small-4-119b-2603;qwen/qwen3.5-397b-a17b;nvidia/nemotron-3-super-120b-a12b,player_3,nvidia/nemotron-3-super-120b-a12b,1,20,7,0.3500,5,0.7143,1,36,0.0278,0,0.0000,7,0.3500
exp3_m6_g4_1775314896182,3,nim,https://integrate.api.nvidia.com/v1,2026-03-26,p1939995863,2,48881193,,winner,nvidia/nemotron-3-super-120b-a12b;z-ai/glm5;qwen/qwen3.5-397b-a17b;mistralai/mistral-small-4-119b-2603,player_0,nvidia/nemotron-3-super-120b-a12b,0,8,1,0.1250,1,1.0000,3,25,0.1200,0,0.0000,1,0.1250
exp3_m6_g4_1775314896182,3,nim,https://integrate.api.nvidia.com/v1,2026-03-26,p1939995863,2,48881193,,winner,nvidia/nemotron-3-super-120b-a12b;z-ai/glm5;qwen/qwen3.5-397b-a17b;mistralai/mistral-small-4-119b-2603,player_1,z-ai/glm5,1,9,5,0.5556,5,1.0000,0,22,0.0000,0,0.0000,5,0.5556
exp3_m6_g4_1775314896182,3,nim,https://integrate.api.nvidia.com/v1,2026-03-26,p1939995863,2,48881193,,winner,nvidia/nemotron-3-super-120b-a12b;z-ai/glm5;qwen/qwen3.5-397b-a17b;mistralai/mistral-small-4-119b-2603,player_2,qwen/qwen3.5-397b-a17b,0,8,0,0.0000,0,0.0000,0,24,0.0000,0,0.0000,0,0.0000
exp3_m6_g4_1775314896182,3,nim,https://integrate.api.nvidia.com/v1,2026-03-26,p1939995863,2,48881193,,winner,nvidia/nemotron-3-super-120b-a12b;z-ai/glm5;qwen/qwen3.5-397b-a17b;mistralai/mistral-small-4-119b-2603,player_3,mistralai/mistral-small-4-119b-2603,0,8,0,0.0000,0,0.0000,6,22,0.2727,0,0.0000,0,0.0000
exp3_m6_g5_1775317414833,3,nim,https://integrate.api.nvidia.com/v1,2026-03-26,p1939995863,2,48881194,,winner,qwen/qwen3.5-397b-a17b;mistralai/mistral-small-4-119b-2603;nvidia/nemotron-3-super-120b-a12b;z-ai/glm5,player_0,qwen/qwen3.5-397b-a17b,0,9,3,0.3333,3,1.0000,1,29,0.0345,0,0.0000,3,0.3333
exp3_m6_g5_1775317414833,3,nim,https://integrate.api.nvidia.com/v1,2026-03-26,p1939995863,2,48881194,,winner,qwen/qwen3.5-397b-a17b;mistralai/mistral-small-4-119b-2603;nvidia/nemotron-3-super-120b-a12b;z-ai/glm5,player_1,mistralai/mistral-small-4-119b-2603,0,9,1,0.1111,1,1.0000,8,28,0.2857,0,0.0000,1,0.1111
exp3_m6_g5_1775317414833,3,nim,https://integrate.api.nvidia.com/v1,2026-03-26,p1939995863,2,48881194,,winner,qwen/qwen3.5-397b-a17b;mistralai/mistral-small-4-119b-2603;nvidia/nemotron-3-super-120b-a12b;z-ai/glm5,player_2,nvidia/nemotron-3-super-120b-a12b,0,10,1,0.1000,1,1.0000,4,23,0.1739,0,0.0000,1,0.1000
exp3_m6_g5_1775317414833,3,nim,https://integrate.api.nvidia.com/v1,2026-03-26,p1939995863,2,48881194,,winner,qwen/qwen3.5-397b-a17b;mistralai/mistral-small-4-119b-2603;nvidia/nemotron-3-super-120b-a12b;z-ai/glm5,player_3,z-ai/glm5,1,10,1,0.1000,1,1.0000,0,20,0.0000,0,0.0000,1,0.1000
exp3_m6_g6_1775321348362,3,nim,https://integrate.api.nvidia.com/v1,2026-03-26,p1939995863,2,48881195,,winner,nvidia/nemotron-3-super-120b-a12b;qwen/qwen3.5-397b-a17b;z-ai/glm5;mistralai/mistral-small-4-119b-2603,player_0,nvidia/nemotron-3-super-120b-a12b,0,32,11,0.3438,4,0.3636,18,97,0.1856,8,0.4444,11,0.3438
exp3_m6_g6_1775321348362,3,nim,https://integrate.api.nvidia.com/v1,2026-03-26,p1939995863,2,48881195,,winner,nvidia/nemotron-3-super-120b-a12b;qwen/qwen3.5-397b-a17b;z-ai/glm5;mistralai/mistral-small-4-119b-2603,player_1,qwen/qwen3.5-397b-a17b,0,32,15,0.4688,3,0.2000,5,88,0.0568,1,0.2000,15,0.4688
exp3_m6_g6_1775321348362,3,nim,https://integrate.api.nvidia.com/v1,2026-03-26,p1939995863,2,48881195,,winner,nvidia/nemotron-3-super-120b-a12b;qwen/qwen3.5-397b-a17b;z-ai/glm5;mistralai/mistral-small-4-119b-2603,player_2,z-ai/glm5,1,33,16,0.4848,9,0.5625,10,80,0.1250,4,0.4000,16,0.4848
exp3_m6_g6_1775321348362,3,nim,https://integrate.api.nvidia.com/v1,2026-03-26,p1939995863,2,48881195,,winner,nvidia/nemotron-3-super-120b-a12b;qwen/qwen3.5-397b-a17b;z-ai/glm5;mistralai/mistral-small-4-119b-2603,player_3,mistralai/mistral-small-4-119b-2603,0,32,3,0.0938,2,0.6667,37,72,0.5139,14,0.3784,3,0.0938
exp3_m6_g7_1775335691869,3,nim,https://integrate.api.nvidia.com/v1,2026-03-26,p1939995863,2,48881196,,winner,mistralai/mistral-small-4-119b-2603;z-ai/glm5;nvidia/nemotron-3-super-120b-a12b;qwen/qwen3.5-397b-a17b,player_0,mistralai/mistral-small-4-119b-2603,0,9,0,0.0000,0,0.0000,15,29,0.5172,2,0.1333,0,0.0000
exp3_m6_g7_1775335691869,3,nim,https://integrate.api.nvidia.com/v1,2026-03-26,p1939995863,2,48881196,,winner,mistralai/mistral-small-4-119b-2603;z-ai/glm5;nvidia/nemotron-3-super-120b-a12b;qwen/qwen3.5-397b-a17b,player_1,z-ai/glm5,0,10,2,0.2000,1,0.5000,2,17,0.1176,1,0.5000,2,0.2000
exp3_m6_g7_1775335691869,3,nim,https://integrate.api.nvidia.com/v1,2026-03-26,p1939995863,2,48881196,,winner,mistralai/mistral-small-4-119b-2603;z-ai/glm5;nvidia/nemotron-3-super-120b-a12b;qwen/qwen3.5-397b-a17b,player_2,nvidia/nemotron-3-super-120b-a12b,1,10,4,0.4000,2,0.5000,2,19,0.1053,2,1.0000,4,0.4000
exp3_m6_g7_1775335691869,3,nim,https://integrate.api.nvidia.com/v1,2026-03-26,p1939995863,2,48881196,,winner,mistralai/mistral-small-4-119b-2603;z-ai/glm5;nvidia/nemotron-3-super-120b-a12b;qwen/qwen3.5-397b-a17b,player_3,qwen/qwen3.5-397b-a17b,0,9,2,0.2222,0,0.0000,0,16,0.0000,0,0.0000,2,0.2222
exp3_m6_g8_1775338333692,3,nim,https://integrate.api.nvidia.com/v1,2026-03-26,p1939995863,2,48881197,,winner,z-ai/glm5;nvidia/nemotron-3-super-120b-a12b;mistralai/mistral-small-4-119b-2603;qwen/qwen3.5-397b-a17b,player_0,z-ai/glm5,0,12,2,0.1667,0,0.0000,8,39,0.2051,3,0.3750,2,0.1667
exp3_m6_g8_1775338333692,3,nim,https://integrate.api.nvidia.com/v1,2026-03-26,p1939995863,2,48881197,,winner,z-ai/glm5;nvidia/nemotron-3-super-120b-a12b;mistralai/mistral-small-4-119b-2603;qwen/qwen3.5-397b-a17b,player_1,nvidia/nemotron-3-super-120b-a12b,0,13,5,0.3846,2,0.4000,7,32,0.2188,2,0.2857,5,0.3846
exp3_m6_g8_1775338333692,3,nim,https://integrate.api.nvidia.com/v1,2026-03-26,p1939995863,2,48881197,,winner,z-ai/glm5;nvidia/nemotron-3-super-120b-a12b;mistralai/mistral-small-4-119b-2603;qwen/qwen3.5-397b-a17b,player_2,mistralai/mistral-small-4-119b-2603,0,13,4,0.3077,1,0.2500,15,27,0.5556,4,0.2667,4,0.3077
exp3_m6_g8_1775338333692,3,nim,https://integrate.api.nvidia.com/v1,2026-03-26,p1939995863,2,48881197,,winner,z-ai/glm5;nvidia/nemotron-3-super-120b-a12b;mistralai/mistral-small-4-119b-2603;qwen/qwen3.5-397b-a17b,player_3,qwen/qwen3.5-397b-a17b,1,13,3,0.2308,0,0.0000,2,19,0.1053,2,1.0000,3,0.2308
exp3_m6_g9_1775342773767,3,nim,https://integrate.api.nvidia.com/v1,2026-03-26,p1939995863,2,48881198,,winner,qwen/qwen3.5-397b-a17b;z-ai/glm5;mistralai/mistral-small-4-119b-2603;nvidia/nemotron-3-super-120b-a12b,player_0,qwen/qwen3.5-397b-a17b,1,13,3,0.2308,3,1.0000,1,37,0.0270,1,1.0000,3,0.2308
exp3_m6_g9_1775342773767,3,nim,https://integrate.api.nvidia.com/v1,2026-03-26,p1939995863,2,48881198,,winner,qwen/qwen3.5-397b-a17b;z-ai/glm5;mistralai/mistral-small-4-119b-2603;nvidia/nemotron-3-super-120b-a12b,player_1,z-ai/glm5,0,12,5,0.4167,3,0.6000,5,37,0.1351,0,0.0000,5,0.4167
exp3_m6_g9_1775342773767,3,nim,https://integrate.api.nvidia.com/v1,2026-03-26,p1939995863,2,48881198,,winner,qwen/qwen3.5-397b-a17b;z-ai/glm5;mistralai/mistral-small-4-119b-2603;nvidia/nemotron-3-super-120b-a12b,player_2,mistralai/mistral-small-4-119b-2603,0,12,4,0.3333,3,0.7500,15,34,0.4412,3,0.2000,4,0.3333
exp3_m6_g9_1775342773767,3,nim,https://integrate.api.nvidia.com/v1,2026-03-26,p1939995863,2,48881198,,winner,qwen/qwen3.5-397b-a17b;z-ai/glm5;mistralai/mistral-small-4-119b-2603;nvidia/nemotron-3-super-120b-a12b,player_3,nvidia/nemotron-3-super-120b-a12b,0,13,3,0.2308,0,0.0000,3,26,0.1154,2,0.6667,3,0.2308
exp3_m7_g0_1775346798231,3,nim,https://integrate.api.nvidia.com/v1,2026-03-26,p1939995863,2,48882150,,winner,mistralai/mistral-small-4-119b-2603;moonshotai/kimi-k2.5;qwen/qwen3.5-397b-a17b;nvidia/nemotron-3-super-120b-a12b,player_0,mistralai/mistral-small-4-119b-2603,0,10,5,0.5000,2,0.4000,20,29,0.6897,5,0.2500,5,0.5000
exp3_m7_g0_1775346798231,3,nim,https://integrate.api.nvidia.com/v1,2026-03-26,p1939995863,2,48882150,,winner,mistralai/mistral-small-4-119b-2603;moonshotai/kimi-k2.5;qwen/qwen3.5-397b-a17b;nvidia/nemotron-3-super-120b-a12b,player_1,moonshotai/kimi-k2.5,0,10,4,0.4000,1,0.2500,3,16,0.1875,1,0.3333,4,0.4000
exp3_m7_g0_1775346798231,3,nim,https://integrate.api.nvidia.com/v1,2026-03-26,p1939995863,2,48882150,,winner,mistralai/mistral-small-4-119b-2603;moonshotai/kimi-k2.5;qwen/qwen3.5-397b-a17b;nvidia/nemotron-3-super-120b-a12b,player_2,qwen/qwen3.5-397b-a17b,1,10,1,0.1000,1,1.0000,2,13,0.1538,2,1.0000,1,0.1000
exp3_m7_g0_1775346798231,3,nim,https://integrate.api.nvidia.com/v1,2026-03-26,p1939995863,2,48882150,,winner,mistralai/mistral-small-4-119b-2603;moonshotai/kimi-k2.5;qwen/qwen3.5-397b-a17b;nvidia/nemotron-3-super-120b-a12b,player_3,nvidia/nemotron-3-super-120b-a12b,0,9,3,0.3333,0,0.0000,1,11,0.0909,1,1.0000,3,0.3333
exp3_m7_g1_1775352924624,3,nim,https://integrate.api.nvidia.com/v1,2026-03-26,p1939995863,2,48882151,,winner,qwen/qwen3.5-397b-a17b;nvidia/nemotron-3-super-120b-a12b;mistralai/mistral-small-4-119b-2603;moonshotai/kimi-k2.5,player_0,qwen/qwen3.5-397b-a17b,1,20,7,0.3500,0,0.0000,2,58,0.0345,1,0.5000,7,0.3500
exp3_m7_g1_1775352924624,3,nim,https://integrate.api.nvidia.com/v1,2026-03-26,p1939995863,2,48882151,,winner,qwen/qwen3.5-397b-a17b;nvidia/nemotron-3-super-120b-a12b;mistralai/mistral-small-4-119b-2603;moonshotai/kimi-k2.5,player_1,nvidia/nemotron-3-super-120b-a12b,0,19,6,0.3158,2,0.3333,16,58,0.2759,9,0.5625,6,0.3158
exp3_m7_g1_1775352924624,3,nim,https://integrate.api.nvidia.com/v1,2026-03-26,p1939995863,2,48882151,,winner,qwen/qwen3.5-397b-a17b;nvidia/nemotron-3-super-120b-a12b;mistralai/mistral-small-4-119b-2603;moonshotai/kimi-k2.5,player_2,mistralai/mistral-small-4-119b-2603,0,19,3,0.1579,1,0.3333,25,43,0.5814,7,0.2800,3,0.1579
exp3_m7_g1_1775352924624,3,nim,https://integrate.api.nvidia.com/v1,2026-03-26,p1939995863,2,48882151,,winner,qwen/qwen3.5-397b-a17b;nvidia/nemotron-3-super-120b-a12b;mistralai/mistral-small-4-119b-2603;moonshotai/kimi-k2.5,player_3,moonshotai/kimi-k2.5,0,20,8,0.4000,1,0.1250,4,31,0.1290,3,0.7500,8,0.4000
exp3_m7_g2_1775366048757,3,nim,https://integrate.api.nvidia.com/v1,2026-03-26,p1939995863,2,48882152,,winner,nvidia/nemotron-3-super-120b-a12b;mistralai/mistral-small-4-119b-2603;moonshotai/kimi-k2.5;qwen/qwen3.5-397b-a17b,player_0,nvidia/nemotron-3-super-120b-a12b,0,12,5,0.4167,2,0.4000,5,38,0.1316,2,0.4000,5,0.4167
exp3_m7_g2_1775366048757,3,nim,https://integrate.api.nvidia.com/v1,2026-03-26,p1939995863,2,48882152,,winner,nvidia/nemotron-3-super-120b-a12b;mistralai/mistral-small-4-119b-2603;moonshotai/kimi-k2.5;qwen/qwen3.5-397b-a17b,player_1,mistralai/mistral-small-4-119b-2603,0,12,1,0.0833,1,1.0000,16,36,0.4444,4,0.2500,1,0.0833
exp3_m7_g2_1775366048757,3,nim,https://integrate.api.nvidia.com/v1,2026-03-26,p1939995863,2,48882152,,winner,nvidia/nemotron-3-super-120b-a12b;mistralai/mistral-small-4-119b-2603;moonshotai/kimi-k2.5;qwen/qwen3.5-397b-a17b,player_2,moonshotai/kimi-k2.5,0,13,3,0.2308,1,0.3333,1,21,0.0476,1,1.0000,3,0.2308
exp3_m7_g2_1775366048757,3,nim,https://integrate.api.nvidia.com/v1,2026-03-26,p1939995863,2,48882152,,winner,nvidia/nemotron-3-super-120b-a12b;mistralai/mistral-small-4-119b-2603;moonshotai/kimi-k2.5;qwen/qwen3.5-397b-a17b,player_3,qwen/qwen3.5-397b-a17b,1,13,3,0.2308,1,0.3333,0,24,0.0000,0,0.0000,3,0.2308
exp3_m7_g3_1775377986879,3,nim,https://integrate.api.nvidia.com/v1,2026-03-26,p1939995863,2,48882153,,winner,mistralai/mistral-small-4-119b-2603;qwen/qwen3.5-397b-a17b;nvidia/nemotron-3-super-120b-a12b;moonshotai/kimi-k2.5,player_0,mistralai/mistral-small-4-119b-2603,0,10,3,0.3000,3,1.0000,14,31,0.4516,2,0.1429,3,0.3000
exp3_m7_g3_1775377986879,3,nim,https://integrate.api.nvidia.com/v1,2026-03-26,p1939995863,2,48882153,,winner,mistralai/mistral-small-4-119b-2603;qwen/qwen3.5-397b-a17b;nvidia/nemotron-3-super-120b-a12b;moonshotai/kimi-k2.5,player_1,qwen/qwen3.5-397b-a17b,1,11,1,0.0909,0,0.0000,1,23,0.0435,1,1.0000,1,0.0909
exp3_m7_g3_1775377986879,3,nim,https://integrate.api.nvidia.com/v1,2026-03-26,p1939995863,2,48882153,,winner,mistralai/mistral-small-4-119b-2603;qwen/qwen3.5-397b-a17b;nvidia/nemotron-3-super-120b-a12b;moonshotai/kimi-k2.5,player_2,nvidia/nemotron-3-super-120b-a12b,0,10,5,0.5000,3,0.6000,2,19,0.1053,0,0.0000,5,0.5000
exp3_m7_g3_1775377986879,3,nim,https://integrate.api.nvidia.com/v1,2026-03-26,p1939995863,2,48882153,,winner,mistralai/mistral-small-4-119b-2603;qwen/qwen3.5-397b-a17b;nvidia/nemotron-3-super-120b-a12b;moonshotai/kimi-k2.5,player_3,moonshotai/kimi-k2.5,0,10,1,0.1000,0,0.0000,1,20,0.0500,1,1.0000,1,0.1000
exp3_m7_g4_1775392989812,3,nim,https://integrate.api.nvidia.com/v1,2026-03-26,p1939995863,2,48882154,,winner,mistralai/mistral-small-4-119b-2603;moonshotai/kimi-k2.5;qwen/qwen3.5-397b-a17b;nvidia/nemotron-3-super-120b-a12b,player_0,mistralai/mistral-small-4-119b-2603,0,12,3,0.2500,2,0.6667,20,37,0.5405,5,0.2500,3,0.2500
exp3_m7_g4_1775392989812,3,nim,https://integrate.api.nvidia.com/v1,2026-03-26,p1939995863,2,48882154,,winner,mistralai/mistral-small-4-119b-2603;moonshotai/kimi-k2.5;qwen/qwen3.5-397b-a17b;nvidia/nemotron-3-super-120b-a12b,player_1,moonshotai/kimi-k2.5,0,12,3,0.2500,1,0.3333,1,24,0.0417,1,1.0000,3,0.2500
exp3_m7_g4_1775392989812,3,nim,https://integrate.api.nvidia.com/v1,2026-03-26,p1939995863,2,48882154,,winner,mistralai/mistral-small-4-119b-2603;moonshotai/kimi-k2.5;qwen/qwen3.5-397b-a17b;nvidia/nemotron-3-super-120b-a12b,player_2,qwen/qwen3.5-397b-a17b,0,12,2,0.1667,0,0.0000,1,24,0.0417,0,0.0000,2,0.1667
exp3_m7_g4_1775392989812,3,nim,https://integrate.api.nvidia.com/v1,2026-03-26,p1939995863,2,48882154,,winner,mistralai/mistral-small-4-119b-2603;moonshotai/kimi-k2.5;qwen/qwen3.5-397b-a17b;nvidia/nemotron-3-super-120b-a12b,player_3,nvidia/nemotron-3-super-120b-a12b,1,13,3,0.2308,2,0.6667,0,19,0.0000,0,0.0000,3,0.2308
exp3_m7_g5_1775406529329,3,nim,https://integrate.api.nvidia.com/v1,2026-03-26,p1939995863,2,48882155,,winner,qwen/qwen3.5-397b-a17b;nvidia/nemotron-3-super-120b-a12b;mistralai/mistral-small-4-119b-2603;moonshotai/kimi-k2.5,player_0,qwen/qwen3.5-397b-a17b,1,17,6,0.3529,1,0.1667,5,51,0.0980,4,0.8000,6,0.3529
exp3_m7_g5_1775406529329,3,nim,https://integrate.api.nvidia.com/v1,2026-03-26,p1939995863,2,48882155,,winner,qwen/qwen3.5-397b-a17b;nvidia/nemotron-3-super-120b-a12b;mistralai/mistral-small-4-119b-2603;moonshotai/kimi-k2.5,player_1,nvidia/nemotron-3-super-120b-a12b,0,17,4,0.2353,1,0.2500,10,48,0.2083,5,0.5000,4,0.2353
exp3_m7_g5_1775406529329,3,nim,https://integrate.api.nvidia.com/v1,2026-03-26,p1939995863,2,48882155,,winner,qwen/qwen3.5-397b-a17b;nvidia/nemotron-3-super-120b-a12b;mistralai/mistral-small-4-119b-2603;moonshotai/kimi-k2.5,player_2,mistralai/mistral-small-4-119b-2603,0,17,3,0.1765,2,0.6667,23,37,0.6216,3,0.1304,3,0.1765
exp3_m7_g5_1775406529329,3,nim,https://integrate.api.nvidia.com/v1,2026-03-26,p1939995863,2,48882155,,winner,qwen/qwen3.5-397b-a17b;nvidia/nemotron-3-super-120b-a12b;mistralai/mistral-small-4-119b-2603;moonshotai/kimi-k2.5,player_3,moonshotai/kimi-k2.5,0,17,6,0.3529,2,0.3333,2,23,0.0870,1,0.5000,6,0.3529
exp3_m7_g6_1775425239683,3,nim,https://integrate.api.nvidia.com/v1,2026-03-26,p1939995863,2,48882156,,winner,mistralai/mistral-small-4-119b-2603;nvidia/nemotron-3-super-120b-a12b;moonshotai/kimi-k2.5;qwen/qwen3.5-397b-a17b,player_0,mistralai/mistral-small-4-119b-2603,0,14,2,0.1429,1,0.5000,30,42,0.7143,10,0.3333,2,0.1429
exp3_m7_g6_1775425239683,3,nim,https://integrate.api.nvidia.com/v1,2026-03-26,p1939995863,2,48882156,,winner,mistralai/mistral-small-4-119b-2603;nvidia/nemotron-3-super-120b-a12b;moonshotai/kimi-k2.5;qwen/qwen3.5-397b-a17b,player_1,nvidia/nemotron-3-super-120b-a12b,0,14,5,0.3571,1,0.2000,6,22,0.2727,2,0.3333,5,0.3571
exp3_m7_g6_1775425239683,3,nim,https://integrate.api.nvidia.com/v1,2026-03-26,p1939995863,2,48882156,,winner,mistralai/mistral-small-4-119b-2603;nvidia/nemotron-3-super-120b-a12b;moonshotai/kimi-k2.5;qwen/qwen3.5-397b-a17b,player_2,moonshotai/kimi-k2.5,0,14,4,0.2857,0,0.0000,1,17,0.0588,1,1.0000,4,0.2857
exp3_m7_g6_1775425239683,3,nim,https://integrate.api.nvidia.com/v1,2026-03-26,p1939995863,2,48882156,,winner,mistralai/mistral-small-4-119b-2603;nvidia/nemotron-3-super-120b-a12b;moonshotai/kimi-k2.5;qwen/qwen3.5-397b-a17b,player_3,qwen/qwen3.5-397b-a17b,1,14,5,0.3571,1,0.2000,0,16,0.0000,0,0.0000,5,0.3571
exp3_m7_g7_1775439217898,3,nim,https://integrate.api.nvidia.com/v1,2026-03-26,p1939995863,2,48882157,,winner,qwen/qwen3.5-397b-a17b;nvidia/nemotron-3-super-120b-a12b;moonshotai/kimi-k2.5;mistralai/mistral-small-4-119b-2603,player_0,qwen/qwen3.5-397b-a17b,0,12,4,0.3333,2,0.5000,2,35,0.0571,1,0.5000,4,0.3333
exp3_m7_g7_1775439217898,3,nim,https://integrate.api.nvidia.com/v1,2026-03-26,p1939995863,2,48882157,,winner,qwen/qwen3.5-397b-a17b;nvidia/nemotron-3-super-120b-a12b;moonshotai/kimi-k2.5;mistralai/mistral-small-4-119b-2603,player_1,nvidia/nemotron-3-super-120b-a12b,0,12,2,0.1667,2,1.0000,5,33,0.1515,2,0.4000,2,0.1667
exp3_m7_g7_1775439217898,3,nim,https://integrate.api.nvidia.com/v1,2026-03-26,p1939995863,2,48882157,,winner,qwen/qwen3.5-397b-a17b;nvidia/nemotron-3-super-120b-a12b;moonshotai/kimi-k2.5;mistralai/mistral-small-4-119b-2603,player_2,moonshotai/kimi-k2.5,1,12,4,0.3333,3,0.7500,0,30,0.0000,0,0.0000,4,0.3333
exp3_m7_g7_1775439217898,3,nim,https://integrate.api.nvidia.com/v1,2026-03-26,p1939995863,2,48882157,,winner,qwen/qwen3.5-397b-a17b;nvidia/nemotron-3-super-120b-a12b;moonshotai/kimi-k2.5;mistralai/mistral-small-4-119b-2603,player_3,mistralai/mistral-small-4-119b-2603,0,11,1,0.0909,1,1.0000,8,29,0.2759,0,0.0000,1,0.0909
exp3_m7_g8_1775451321993,3,nim,https://integrate.api.nvidia.com/v1,2026-03-26,p1939995863,2,48882158,,winner,mistralai/mistral-small-4-119b-2603;qwen/qwen3.5-397b-a17b;moonshotai/kimi-k2.5;nvidia/nemotron-3-super-120b-a12b,player_0,mistralai/mistral-small-4-119b-2603,0,16,6,0.3750,0,0.0000,29,46,0.6304,8,0.2759,6,0.3750
exp3_m7_g8_1775451321993,3,nim,https://integrate.api.nvidia.com/v1,2026-03-26,p1939995863,2,48882158,,winner,mistralai/mistral-small-4-119b-2603;qwen/qwen3.5-397b-a17b;moonshotai/kimi-k2.5;nvidia/nemotron-3-super-120b-a12b,player_1,qwen/qwen3.5-397b-a17b,1,16,6,0.3750,1,0.1667,4,27,0.1481,4,1.0000,6,0.3750
exp3_m7_g8_1775451321993,3,nim,https://integrate.api.nvidia.com/v1,2026-03-26,p1939995863,2,48882158,,winner,mistralai/mistral-small-4-119b-2603;qwen/qwen3.5-397b-a17b;moonshotai/kimi-k2.5;nvidia/nemotron-3-super-120b-a12b,player_2,moonshotai/kimi-k2.5,0,15,4,0.2667,0,0.0000,9,23,0.3913,7,0.7778,4,0.2667
exp3_m7_g8_1775451321993,3,nim,https://integrate.api.nvidia.com/v1,2026-03-26,p1939995863,2,48882158,,winner,mistralai/mistral-small-4-119b-2603;qwen/qwen3.5-397b-a17b;moonshotai/kimi-k2.5;nvidia/nemotron-3-super-120b-a12b,player_3,nvidia/nemotron-3-super-120b-a12b,0,15,7,0.4667,1,0.1429,3,18,0.1667,2,0.6667,7,0.4667
exp3_m7_g9_1775493563898,3,nim,https://integrate.api.nvidia.com/v1,2026-03-26,p1939995863,2,48882159,,winner,nvidia/nemotron-3-super-120b-a12b;mistralai/mistral-small-4-119b-2603;qwen/qwen3.5-397b-a17b;moonshotai/kimi-k2.5,player_0,nvidia/nemotron-3-super-120b-a12b,0,12,2,0.1667,2,1.0000,6,36,0.1667,2,0.3333,2,0.1667
exp3_m7_g9_1775493563898,3,nim,https://integrate.api.nvidia.com/v1,2026-03-26,p1939995863,2,48882159,,winner,nvidia/nemotron-3-super-120b-a12b;mistralai/mistral-small-4-119b-2603;qwen/qwen3.5-397b-a17b;moonshotai/kimi-k2.5,player_1,mistralai/mistral-small-4-119b-2603,0,12,2,0.1667,1,0.5000,10,32,0.3125,1,0.1000,2,0.1667
exp3_m7_g9_1775493563898,3,nim,https://integrate.api.nvidia.com/v1,2026-03-26,p1939995863,2,48882159,,winner,nvidia/nemotron-3-super-120b-a12b;mistralai/mistral-small-4-119b-2603;qwen/qwen3.5-397b-a17b;moonshotai/kimi-k2.5,player_2,qwen/qwen3.5-397b-a17b,0,12,4,0.3333,3,0.7500,0,27,0.0000,0,0.0000,4,0.3333
exp3_m7_g9_1775493563898,3,nim,https://integrate.api.nvidia.com/v1,2026-03-26,p1939995863,2,48882159,,winner,nvidia/nemotron-3-super-120b-a12b;mistralai/mistral-small-4-119b-2603;qwen/qwen3.5-397b-a17b;moonshotai/kimi-k2.5,player_3,moonshotai/kimi-k2.5,1,12,3,0.2500,1,0.3333,1,25,0.0400,1,1.0000,3,0.2500
exp3_m8_g0_1775506326700,3,nim,https://integrate.api.nvidia.com/v1,2026-03-26,p1939995863,2,48883111,,winner,qwen/qwen3.5-397b-a17b;z-ai/glm5;nvidia/nemotron-3-super-120b-a12b;moonshotai/kimi-k2.5,player_0,qwen/qwen3.5-397b-a17b,0,20,6,0.3000,0,0.0000,6,61,0.0984,3,0.5000,6,0.3000
exp3_m8_g0_1775506326700,3,nim,https://integrate.api.nvidia.com/v1,2026-03-26,p1939995863,2,48883111,,winner,qwen/qwen3.5-397b-a17b;z-ai/glm5;nvidia/nemotron-3-super-120b-a12b;moonshotai/kimi-k2.5,player_1,z-ai/glm5,0,20,1,0.0500,0,0.0000,15,55,0.2727,8,0.5333,1,0.0500
exp3_m8_g0_1775506326700,3,nim,https://integrate.api.nvidia.com/v1,2026-03-26,p1939995863,2,48883111,,winner,qwen/qwen3.5-397b-a17b;z-ai/glm5;nvidia/nemotron-3-super-120b-a12b;moonshotai/kimi-k2.5,player_2,nvidia/nemotron-3-super-120b-a12b,1,21,0,0.0000,0,0.0000,12,43,0.2791,2,0.1667,0,0.0000
exp3_m8_g0_1775506326700,3,nim,https://integrate.api.nvidia.com/v1,2026-03-26,p1939995863,2,48883111,,winner,qwen/qwen3.5-397b-a17b;z-ai/glm5;nvidia/nemotron-3-super-120b-a12b;moonshotai/kimi-k2.5,player_3,moonshotai/kimi-k2.5,0,20,8,0.4000,2,0.2500,2,37,0.0541,0,0.0000,8,0.4000
exp3_m8_g1_1775520292326,3,nim,https://integrate.api.nvidia.com/v1,2026-03-26,p1939995863,2,48883112,,winner,nvidia/nemotron-3-super-120b-a12b;qwen/qwen3.5-397b-a17b;moonshotai/kimi-k2.5;z-ai/glm5,player_0,nvidia/nemotron-3-super-120b-a12b,0,20,4,0.2000,0,0.0000,25,59,0.4237,12,0.4800,4,0.2000
exp3_m8_g1_1775520292326,3,nim,https://integrate.api.nvidia.com/v1,2026-03-26,p1939995863,2,48883112,,winner,nvidia/nemotron-3-super-120b-a12b;qwen/qwen3.5-397b-a17b;moonshotai/kimi-k2.5;z-ai/glm5,player_1,qwen/qwen3.5-397b-a17b,1,20,5,0.2500,0,0.0000,7,43,0.1628,6,0.8571,5,0.2500
exp3_m8_g1_1775520292326,3,nim,https://integrate.api.nvidia.com/v1,2026-03-26,p1939995863,2,48883112,,winner,nvidia/nemotron-3-super-120b-a12b;qwen/qwen3.5-397b-a17b;moonshotai/kimi-k2.5;z-ai/glm5,player_2,moonshotai/kimi-k2.5,0,19,6,0.3158,0,0.0000,2,38,0.0526,1,0.5000,6,0.3158
exp3_m8_g1_1775520292326,3,nim,https://integrate.api.nvidia.com/v1,2026-03-26,p1939995863,2,48883112,,winner,nvidia/nemotron-3-super-120b-a12b;qwen/qwen3.5-397b-a17b;moonshotai/kimi-k2.5;z-ai/glm5,player_3,z-ai/glm5,0,20,4,0.2000,0,0.0000,9,34,0.2647,0,0.0000,4,0.2000
exp3_m8_g2_1775534447406,3,nim,https://integrate.api.nvidia.com/v1,2026-03-26,p1939995863,2,48883113,,winner,qwen/qwen3.5-397b-a17b;moonshotai/kimi-k2.5;nvidia/nemotron-3-super-120b-a12b;z-ai/glm5,player_0,qwen/qwen3.5-397b-a17b,0,33,13,0.3939,0,0.0000,15,99,0.1515,5,0.3333,13,0.3939
exp3_m8_g2_1775534447406,3,nim,https://integrate.api.nvidia.com/v1,2026-03-26,p1939995863,2,48883113,,winner,qwen/qwen3.5-397b-a17b;moonshotai/kimi-k2.5;nvidia/nemotron-3-super-120b-a12b;z-ai/glm5,player_1,moonshotai/kimi-k2.5,0,33,9,0.2727,1,0.1111,27,88,0.3068,20,0.7407,9,0.2727
exp3_m8_g2_1775534447406,3,nim,https://integrate.api.nvidia.com/v1,2026-03-26,p1939995863,2,48883113,,winner,qwen/qwen3.5-397b-a17b;moonshotai/kimi-k2.5;nvidia/nemotron-3-super-120b-a12b;z-ai/glm5,player_2,nvidia/nemotron-3-super-120b-a12b,0,33,10,0.3030,2,0.2000,16,67,0.2388,6,0.3750,10,0.3030
exp3_m8_g2_1775534447406,3,nim,https://integrate.api.nvidia.com/v1,2026-03-26,p1939995863,2,48883113,,winner,qwen/qwen3.5-397b-a17b;moonshotai/kimi-k2.5;nvidia/nemotron-3-super-120b-a12b;z-ai/glm5,player_3,z-ai/glm5,1,33,11,0.3333,4,0.3636,14,58,0.2414,5,0.3571,11,0.3333
exp3_m8_g3_1775587551958,3,nim,https://integrate.api.nvidia.com/v1,2026-03-26,p1939995863,2,48883114,,winner,qwen/qwen3.5-397b-a17b;nvidia/nemotron-3-super-120b-a12b;moonshotai/kimi-k2.5;z-ai/glm5,player_0,qwen/qwen3.5-397b-a17b,0,25,7,0.2800,2,0.2857,5,74,0.0676,3,0.6000,7,0.2800
exp3_m8_g3_1775587551958,3,nim,https://integrate.api.nvidia.com/v1,2026-03-26,p1939995863,2,48883114,,winner,qwen/qwen3.5-397b-a17b;nvidia/nemotron-3-super-120b-a12b;moonshotai/kimi-k2.5;z-ai/glm5,player_1,nvidia/nemotron-3-super-120b-a12b,0,25,5,0.2000,2,0.4000,23,69,0.3333,9,0.3913,5,0.2000
exp3_m8_g3_1775587551958,3,nim,https://integrate.api.nvidia.com/v1,2026-03-26,p1939995863,2,48883114,,winner,qwen/qwen3.5-397b-a17b;nvidia/nemotron-3-super-120b-a12b;moonshotai/kimi-k2.5;z-ai/glm5,player_2,moonshotai/kimi-k2.5,1,25,2,0.0800,0,0.0000,4,55,0.0727,3,0.7500,2,0.0800
exp3_m8_g3_1775587551958,3,nim,https://integrate.api.nvidia.com/v1,2026-03-26,p1939995863,2,48883114,,winner,qwen/qwen3.5-397b-a17b;nvidia/nemotron-3-super-120b-a12b;moonshotai/kimi-k2.5;z-ai/glm5,player_3,z-ai/glm5,0,24,7,0.2917,1,0.1429,2,51,0.0392,1,0.5000,7,0.2917
exp3_m8_g4_1775613427812,3,nim,https://integrate.api.nvidia.com/v1,2026-03-26,p1939995863,2,48883115,,winner,nvidia/nemotron-3-super-120b-a12b;qwen/qwen3.5-397b-a17b;z-ai/glm5;moonshotai/kimi-k2.5,player_0,nvidia/nemotron-3-super-120b-a12b,0,11,1,0.0909,1,1.0000,12,34,0.3529,3,0.2500,1,0.0909
exp3_m8_g4_1775613427812,3,nim,https://integrate.api.nvidia.com/v1,2026-03-26,p1939995863,2,48883115,,winner,nvidia/nemotron-3-super-120b-a12b;qwen/qwen3.5-397b-a17b;z-ai/glm5;moonshotai/kimi-k2.5,player_1,qwen/qwen3.5-397b-a17b,0,11,3,0.2727,1,0.3333,1,24,0.0417,1,1.0000,3,0.2727
exp3_m8_g4_1775613427812,3,nim,https://integrate.api.nvidia.com/v1,2026-03-26,p1939995863,2,48883115,,winner,nvidia/nemotron-3-super-120b-a12b;qwen/qwen3.5-397b-a17b;z-ai/glm5;moonshotai/kimi-k2.5,player_2,z-ai/glm5,1,12,4,0.3333,1,0.2500,3,28,0.1071,2,0.6667,4,0.3333
exp3_m8_g4_1775613427812,3,nim,https://integrate.api.nvidia.com/v1,2026-03-26,p1939995863,2,48883115,,winner,nvidia/nemotron-3-super-120b-a12b;qwen/qwen3.5-397b-a17b;z-ai/glm5;moonshotai/kimi-k2.5,player_3,moonshotai/kimi-k2.5,0,11,2,0.1818,0,0.0000,2,22,0.0909,1,0.5000,2,0.1818
exp3_m8_g5_1775624952815,3,nim,https://integrate.api.nvidia.com/v1,2026-03-26,p1939995863,2,48883116,,winner,z-ai/glm5;qwen/qwen3.5-397b-a17b;moonshotai/kimi-k2.5;nvidia/nemotron-3-super-120b-a12b,player_0,z-ai/glm5,0,13,2,0.1538,0,0.0000,13,39,0.3333,7,0.5385,2,0.1538
exp3_m8_g5_1775624952815,3,nim,https://integrate.api.nvidia.com/v1,2026-03-26,p1939995863,2,48883116,,winner,z-ai/glm5;qwen/qwen3.5-397b-a17b;moonshotai/kimi-k2.5;nvidia/nemotron-3-super-120b-a12b,player_1,qwen/qwen3.5-397b-a17b,0,13,3,0.2308,0,0.0000,3,28,0.1071,1,0.3333,3,0.2308
exp3_m8_g5_1775624952815,3,nim,https://integrate.api.nvidia.com/v1,2026-03-26,p1939995863,2,48883116,,winner,z-ai/glm5;qwen/qwen3.5-397b-a17b;moonshotai/kimi-k2.5;nvidia/nemotron-3-super-120b-a12b,player_2,moonshotai/kimi-k2.5,1,13,3,0.2308,0,0.0000,4,30,0.1333,3,0.7500,3,0.2308
exp3_m8_g5_1775624952815,3,nim,https://integrate.api.nvidia.com/v1,2026-03-26,p1939995863,2,48883116,,winner,z-ai/glm5;qwen/qwen3.5-397b-a17b;moonshotai/kimi-k2.5;nvidia/nemotron-3-super-120b-a12b,player_3,nvidia/nemotron-3-super-120b-a12b,0,13,6,0.4615,3,0.5000,5,24,0.2083,0,0.0000,6,0.4615
exp3_m8_g6_1775646017938,3,nim,https://integrate.api.nvidia.com/v1,2026-03-26,p1939995863,2,48883117,,winner,z-ai/glm5;nvidia/nemotron-3-super-120b-a12b;moonshotai/kimi-k2.5;qwen/qwen3.5-397b-a17b,player_0,z-ai/glm5,0,22,5,0.2273,0,0.0000,16,66,0.2424,9,0.5625,5,0.2273
exp3_m8_g6_1775646017938,3,nim,https://integrate.api.nvidia.com/v1,2026-03-26,p1939995863,2,48883117,,winner,z-ai/glm5;nvidia/nemotron-3-super-120b-a12b;moonshotai/kimi-k2.5;qwen/qwen3.5-397b-a17b,player_1,nvidia/nemotron-3-super-120b-a12b,0,22,3,0.1364,1,0.3333,21,55,0.3818,8,0.3810,3,0.1364
exp3_m8_g6_1775646017938,3,nim,https://integrate.api.nvidia.com/v1,2026-03-26,p1939995863,2,48883117,,winner,z-ai/glm5;nvidia/nemotron-3-super-120b-a12b;moonshotai/kimi-k2.5;qwen/qwen3.5-397b-a17b,player_2,moonshotai/kimi-k2.5,0,22,5,0.2273,1,0.2000,5,41,0.1220,1,0.2000,5,0.2273
exp3_m8_g6_1775646017938,3,nim,https://integrate.api.nvidia.com/v1,2026-03-26,p1939995863,2,48883117,,winner,z-ai/glm5;nvidia/nemotron-3-super-120b-a12b;moonshotai/kimi-k2.5;qwen/qwen3.5-397b-a17b,player_3,qwen/qwen3.5-397b-a17b,1,22,9,0.4091,2,0.2222,0,37,0.0000,0,0.0000,9,0.4091
exp3_m8_g7_1775680851797,3,nim,https://integrate.api.nvidia.com/v1,2026-03-26,p1939995863,2,48883118,,winner,z-ai/glm5;moonshotai/kimi-k2.5;qwen/qwen3.5-397b-a17b;nvidia/nemotron-3-super-120b-a12b,player_0,z-ai/glm5,1,12,1,0.0833,0,0.0000,6,33,0.1818,5,0.8333,1,0.0833
exp3_m8_g7_1775680851797,3,nim,https://integrate.api.nvidia.com/v1,2026-03-26,p1939995863,2,48883118,,winner,z-ai/glm5;moonshotai/kimi-k2.5;qwen/qwen3.5-397b-a17b;nvidia/nemotron-3-super-120b-a12b,player_1,moonshotai/kimi-k2.5,0,11,3,0.2727,0,0.0000,3,30,0.1000,0,0.0000,3,0.2727
exp3_m8_g7_1775680851797,3,nim,https://integrate.api.nvidia.com/v1,2026-03-26,p1939995863,2,48883118,,winner,z-ai/glm5;moonshotai/kimi-k2.5;qwen/qwen3.5-397b-a17b;nvidia/nemotron-3-super-120b-a12b,player_2,qwen/qwen3.5-397b-a17b,0,11,1,0.0909,1,1.0000,3,26,0.1154,2,0.6667,1,0.0909
exp3_m8_g7_1775680851797,3,nim,https://integrate.api.nvidia.com/v1,2026-03-26,p1939995863,2,48883118,,winner,z-ai/glm5;moonshotai/kimi-k2.5;qwen/qwen3.5-397b-a17b;nvidia/nemotron-3-super-120b-a12b,player_3,nvidia/nemotron-3-super-120b-a12b,0,11,4,0.3636,1,0.2500,3,26,0.1154,0,0.0000,4,0.3636
exp3_m8_g8_1775694632017,3,nim,https://integrate.api.nvidia.com/v1,2026-03-26,p1939995863,2,48883119,,winner,qwen/qwen3.5-397b-a17b;nvidia/nemotron-3-super-120b-a12b;moonshotai/kimi-k2.5;z-ai/glm5,player_0,qwen/qwen3.5-397b-a17b,0,9,4,0.4444,2,0.5000,2,28,0.0714,0,0.0000,4,0.4444
exp3_m8_g8_1775694632017,3,nim,https://integrate.api.nvidia.com/v1,2026-03-26,p1939995863,2,48883119,,winner,qwen/qwen3.5-397b-a17b;nvidia/nemotron-3-super-120b-a12b;moonshotai/kimi-k2.5;z-ai/glm5,player_1,nvidia/nemotron-3-super-120b-a12b,0,9,3,0.3333,3,1.0000,5,26,0.1923,4,0.8000,3,0.3333
exp3_m8_g8_1775694632017,3,nim,https://integrate.api.nvidia.com/v1,2026-03-26,p1939995863,2,48883119,,winner,qwen/qwen3.5-397b-a17b;nvidia/nemotron-3-super-120b-a12b;moonshotai/kimi-k2.5;z-ai/glm5,player_2,moonshotai/kimi-k2.5,1,10,5,0.5000,4,0.8000,0,22,0.0000,0,0.0000,5,0.5000
exp3_m8_g8_1775694632017,3,nim,https://integrate.api.nvidia.com/v1,2026-03-26,p1939995863,2,48883119,,winner,qwen/qwen3.5-397b-a17b;nvidia/nemotron-3-super-120b-a12b;moonshotai/kimi-k2.5;z-ai/glm5,player_3,z-ai/glm5,0,9,1,0.1111,0,0.0000,2,24,0.0833,0,0.0000,1,0.1111
exp3_m8_g9_1775700792358,3,nim,https://integrate.api.nvidia.com/v1,2026-03-26,p1939995863,2,48883120,,winner,nvidia/nemotron-3-super-120b-a12b;moonshotai/kimi-k2.5;z-ai/glm5;qwen/qwen3.5-397b-a17b,player_0,nvidia/nemotron-3-super-120b-a12b,0,19,4,0.2105,1,0.2500,28,58,0.4828,13,0.4643,4,0.2105
exp3_m8_g9_1775700792358,3,nim,https://integrate.api.nvidia.com/v1,2026-03-26,p1939995863,2,48883120,,winner,nvidia/nemotron-3-super-120b-a12b;moonshotai/kimi-k2.5;z-ai/glm5;qwen/qwen3.5-397b-a17b,player_1,moonshotai/kimi-k2.5,1,20,7,0.3500,1,0.1429,7,39,0.1795,4,0.5714,7,0.3500
exp3_m8_g9_1775700792358,3,nim,https://integrate.api.nvidia.com/v1,2026-03-26,p1939995863,2,48883120,,winner,nvidia/nemotron-3-super-120b-a12b;moonshotai/kimi-k2.5;z-ai/glm5;qwen/qwen3.5-397b-a17b,player_2,z-ai/glm5,0,19,5,0.2632,2,0.4000,7,34,0.2059,1,0.1429,5,0.2632
exp3_m8_g9_1775700792358,3,nim,https://integrate.api.nvidia.com/v1,2026-03-26,p1939995863,2,48883120,,winner,nvidia/nemotron-3-super-120b-a12b;moonshotai/kimi-k2.5;z-ai/glm5;qwen/qwen3.5-397b-a17b,player_3,qwen/qwen3.5-397b-a17b,0,19,10,0.5263,2,0.2000,2,28,0.0714,2,1.0000,10,0.5263
exp3_m9_g0_1775717285976,3,nim,https://integrate.api.nvidia.com/v1,2026-03-26,p1939995863,2,48884072,,winner,z-ai/glm5;mistralai/mistral-small-4-119b-2603;moonshotai/kimi-k2.5;qwen/qwen3.5-397b-a17b,player_0,z-ai/glm5,0,10,3,0.3000,0,0.0000,1,29,0.0345,1,1.0000,3,0.3000
exp3_m9_g0_1775717285976,3,nim,https://integrate.api.nvidia.com/v1,2026-03-26,p1939995863,2,48884072,,winner,z-ai/glm5;mistralai/mistral-small-4-119b-2603;moonshotai/kimi-k2.5;qwen/qwen3.5-397b-a17b,player_1,mistralai/mistral-small-4-119b-2603,0,10,1,0.1000,1,1.0000,21,28,0.7500,6,0.2857,1,0.1000
exp3_m9_g0_1775717285976,3,nim,https://integrate.api.nvidia.com/v1,2026-03-26,p1939995863,2,48884072,,winner,z-ai/glm5;mistralai/mistral-small-4-119b-2603;moonshotai/kimi-k2.5;qwen/qwen3.5-397b-a17b,player_2,moonshotai/kimi-k2.5,1,10,2,0.2000,1,0.5000,0,13,0.0000,0,0.0000,2,0.2000
exp3_m9_g0_1775717285976,3,nim,https://integrate.api.nvidia.com/v1,2026-03-26,p1939995863,2,48884072,,winner,z-ai/glm5;mistralai/mistral-small-4-119b-2603;moonshotai/kimi-k2.5;qwen/qwen3.5-397b-a17b,player_3,qwen/qwen3.5-397b-a17b,0,9,4,0.4444,1,0.2500,0,15,0.0000,0,0.0000,4,0.4444
exp3_m9_g1_1775725276329,3,nim,https://integrate.api.nvidia.com/v1,2026-03-26,p1939995863,2,48884073,,winner,z-ai/glm5;mistralai/mistral-small-4-119b-2603;qwen/qwen3.5-397b-a17b;moonshotai/kimi-k2.5,player_0,z-ai/glm5,0,10,3,0.3000,3,1.0000,4,30,0.1333,2,0.5000,3,0.3000
exp3_m9_g1_1775725276329,3,nim,https://integrate.api.nvidia.com/v1,2026-03-26,p1939995863,2,48884073,,winner,z-ai/glm5;mistralai/mistral-small-4-119b-2603;qwen/qwen3.5-397b-a17b;moonshotai/kimi-k2.5,player_1,mistralai/mistral-small-4-119b-2603,0,10,1,0.1000,1,1.0000,9,26,0.3462,1,0.1111,1,0.1000
exp3_m9_g1_1775725276329,3,nim,https://integrate.api.nvidia.com/v1,2026-03-26,p1939995863,2,48884073,,winner,z-ai/glm5;mistralai/mistral-small-4-119b-2603;qwen/qwen3.5-397b-a17b;moonshotai/kimi-k2.5,player_2,qwen/qwen3.5-397b-a17b,0,10,2,0.2000,0,0.0000,0,23,0.0000,0,0.0000,2,0.2000
exp3_m9_g1_1775725276329,3,nim,https://integrate.api.nvidia.com/v1,2026-03-26,p1939995863,2,48884073,,winner,z-ai/glm5;mistralai/mistral-small-4-119b-2603;qwen/qwen3.5-397b-a17b;moonshotai/kimi-k2.5,player_3,moonshotai/kimi-k2.5,1,10,3,0.3000,2,0.6667,0,20,0.0000,0,0.0000,3,0.3000
exp3_m9_g2_1775733182014,3,nim,https://integrate.api.nvidia.com/v1,2026-03-26,p1939995863,2,48884074,,winner,mistralai/mistral-small-4-119b-2603;moonshotai/kimi-k2.5;qwen/qwen3.5-397b-a17b;z-ai/glm5,player_0,mistralai/mistral-small-4-119b-2603,0,9,1,0.1111,0,0.0000,20,29,0.6897,7,0.3500,1,0.1111
exp3_m9_g2_1775733182014,3,nim,https://integrate.api.nvidia.com/v1,2026-03-26,p1939995863,2,48884074,,winner,mistralai/mistral-small-4-119b-2603;moonshotai/kimi-k2.5;qwen/qwen3.5-397b-a17b;z-ai/glm5,player_1,moonshotai/kimi-k2.5,0,10,2,0.2000,0,0.0000,3,16,0.1875,1,0.3333,2,0.2000
exp3_m9_g2_1775733182014,3,nim,https://integrate.api.nvidia.com/v1,2026-03-26,p1939995863,2,48884074,,winner,mistralai/mistral-small-4-119b-2603;moonshotai/kimi-k2.5;qwen/qwen3.5-397b-a17b;z-ai/glm5,player_2,qwen/qwen3.5-397b-a17b,1,10,5,0.5000,2,0.4000,0,13,0.0000,0,0.0000,5,0.5000
exp3_m9_g2_1775733182014,3,nim,https://integrate.api.nvidia.com/v1,2026-03-26,p1939995863,2,48884074,,winner,mistralai/mistral-small-4-119b-2603;moonshotai/kimi-k2.5;qwen/qwen3.5-397b-a17b;z-ai/glm5,player_3,z-ai/glm5,0,9,3,0.3333,1,0.3333,2,10,0.2000,0,0.0000,3,0.3333
exp3_m9_g3_1775737415597,3,nim,https://integrate.api.nvidia.com/v1,2026-03-26,p1939995863,2,48884075,,winner,z-ai/glm5;moonshotai/kimi-k2.5;mistralai/mistral-small-4-119b-2603;qwen/qwen3.5-397b-a17b,player_0,z-ai/glm5,0,9,6,0.6667,4,0.6667,6,28,0.2143,3,0.5000,6,0.6667
exp3_m9_g3_1775737415597,3,nim,https://integrate.api.nvidia.com/v1,2026-03-26,p1939995863,2,48884075,,winner,z-ai/glm5;moonshotai/kimi-k2.5;mistralai/mistral-small-4-119b-2603;qwen/qwen3.5-397b-a17b,player_1,moonshotai/kimi-k2.5,1,10,3,0.3000,2,0.6667,1,24,0.0417,1,1.0000,3,0.3000
exp3_m9_g3_1775737415597,3,nim,https://integrate.api.nvidia.com/v1,2026-03-26,p1939995863,2,48884075,,winner,z-ai/glm5;moonshotai/kimi-k2.5;mistralai/mistral-small-4-119b-2603;qwen/qwen3.5-397b-a17b,player_2,mistralai/mistral-small-4-119b-2603,0,9,4,0.4444,3,0.7500,8,23,0.3478,2,0.2500,4,0.4444
exp3_m9_g3_1775737415597,3,nim,https://integrate.api.nvidia.com/v1,2026-03-26,p1939995863,2,48884075,,winner,z-ai/glm5;moonshotai/kimi-k2.5;mistralai/mistral-small-4-119b-2603;qwen/qwen3.5-397b-a17b,player_3,qwen/qwen3.5-397b-a17b,0,9,4,0.4444,2,0.5000,0,18,0.0000,0,0.0000,4,0.4444
exp3_m9_g4_1775743689640,3,nim,https://integrate.api.nvidia.com/v1,2026-03-26,p1939995863,2,48884076,,winner,mistralai/mistral-small-4-119b-2603;z-ai/glm5;qwen/qwen3.5-397b-a17b;moonshotai/kimi-k2.5,player_0,mistralai/mistral-small-4-119b-2603,0,16,2,0.1250,1,0.5000,29,51,0.5686,8,0.2759,2,0.1250
exp3_m9_g4_1775743689640,3,nim,https://integrate.api.nvidia.com/v1,2026-03-26,p1939995863,2,48884076,,winner,mistralai/mistral-small-4-119b-2603;z-ai/glm5;qwen/qwen3.5-397b-a17b;moonshotai/kimi-k2.5,player_1,z-ai/glm5,0,17,2,0.1176,0,0.0000,5,32,0.1563,2,0.4000,2,0.1176
exp3_m9_g4_1775743689640,3,nim,https://integrate.api.nvidia.com/v1,2026-03-26,p1939995863,2,48884076,,winner,mistralai/mistral-small-4-119b-2603;z-ai/glm5;qwen/qwen3.5-397b-a17b;moonshotai/kimi-k2.5,player_2,qwen/qwen3.5-397b-a17b,0,17,4,0.2353,0,0.0000,1,27,0.0370,0,0.0000,4,0.2353
exp3_m9_g4_1775743689640,3,nim,https://integrate.api.nvidia.com/v1,2026-03-26,p1939995863,2,48884076,,winner,mistralai/mistral-small-4-119b-2603;z-ai/glm5;qwen/qwen3.5-397b-a17b;moonshotai/kimi-k2.5,player_3,moonshotai/kimi-k2.5,1,17,5,0.2941,1,0.2000,1,26,0.0385,1,1.0000,5,0.2941
exp3_m9_g5_1775751098499,3,nim,https://integrate.api.nvidia.com/v1,2026-03-26,p1939995863,2,48884077,,winner,qwen/qwen3.5-397b-a17b;mistralai/mistral-small-4-119b-2603;z-ai/glm5;moonshotai/kimi-k2.5,player_0,qwen/qwen3.5-397b-a17b,0,10,3,0.3000,1,0.3333,0,31,0.0000,0,0.0000,3,0.3000
exp3_m9_g5_1775751098499,3,nim,https://integrate.api.nvidia.com/v1,2026-03-26,p1939995863,2,48884077,,winner,qwen/qwen3.5-397b-a17b;mistralai/mistral-small-4-119b-2603;z-ai/glm5;moonshotai/kimi-k2.5,player_1,mistralai/mistral-small-4-119b-2603,0,10,2,0.2000,1,0.5000,13,31,0.4194,4,0.3077,2,0.2000
exp3_m9_g5_1775751098499,3,nim,https://integrate.api.nvidia.com/v1,2026-03-26,p1939995863,2,48884077,,winner,qwen/qwen3.5-397b-a17b;mistralai/mistral-small-4-119b-2603;z-ai/glm5;moonshotai/kimi-k2.5,player_2,z-ai/glm5,1,11,2,0.1818,1,0.5000,2,21,0.0952,2,1.0000,2,0.1818
exp3_m9_g5_1775751098499,3,nim,https://integrate.api.nvidia.com/v1,2026-03-26,p1939995863,2,48884077,,winner,qwen/qwen3.5-397b-a17b;mistralai/mistral-small-4-119b-2603;z-ai/glm5;moonshotai/kimi-k2.5,player_3,moonshotai/kimi-k2.5,0,10,2,0.2000,0,0.0000,1,19,0.0526,0,0.0000,2,0.2000
exp3_m9_g6_1775758415652,3,nim,https://integrate.api.nvidia.com/v1,2026-03-26,p1939995863,2,48884078,,winner,moonshotai/kimi-k2.5;mistralai/mistral-small-4-119b-2603;qwen/qwen3.5-397b-a17b;z-ai/glm5,player_0,moonshotai/kimi-k2.5,0,11,3,0.2727,1,0.3333,2,33,0.0606,0,0.0000,3,0.2727
exp3_m9_g6_1775758415652,3,nim,https://integrate.api.nvidia.com/v1,2026-03-26,p1939995863,2,48884078,,winner,moonshotai/kimi-k2.5;mistralai/mistral-small-4-119b-2603;qwen/qwen3.5-397b-a17b;z-ai/glm5,player_1,mistralai/mistral-small-4-119b-2603,0,11,2,0.1818,2,1.0000,13,31,0.4194,2,0.1538,2,0.1818
exp3_m9_g6_1775758415652,3,nim,https://integrate.api.nvidia.com/v1,2026-03-26,p1939995863,2,48884078,,winner,moonshotai/kimi-k2.5;mistralai/mistral-small-4-119b-2603;qwen/qwen3.5-397b-a17b;z-ai/glm5,player_2,qwen/qwen3.5-397b-a17b,1,11,3,0.2727,2,0.6667,2,24,0.0833,2,1.0000,3,0.2727
exp3_m9_g6_1775758415652,3,nim,https://integrate.api.nvidia.com/v1,2026-03-26,p1939995863,2,48884078,,winner,moonshotai/kimi-k2.5;mistralai/mistral-small-4-119b-2603;qwen/qwen3.5-397b-a17b;z-ai/glm5,player_3,z-ai/glm5,0,11,3,0.2727,2,0.6667,4,21,0.1905,0,0.0000,3,0.2727
exp3_m9_g7_1775769016017,3,nim,https://integrate.api.nvidia.com/v1,2026-03-26,p1939995863,2,48884079,,winner,moonshotai/kimi-k2.5;z-ai/glm5;qwen/qwen3.5-397b-a17b;mistralai/mistral-small-4-119b-2603,player_0,moonshotai/kimi-k2.5,0,12,4,0.3333,0,0.0000,0,35,0.0000,0,0.0000,4,0.3333
exp3_m9_g7_1775769016017,3,nim,https://integrate.api.nvidia.com/v1,2026-03-26,p1939995863,2,48884079,,winner,moonshotai/kimi-k2.5;z-ai/glm5;qwen/qwen3.5-397b-a17b;mistralai/mistral-small-4-119b-2603,player_1,z-ai/glm5,0,12,2,0.1667,0,0.0000,7,35,0.2000,2,0.2857,2,0.1667
exp3_m9_g7_1775769016017,3,nim,https://integrate.api.nvidia.com/v1,2026-03-26,p1939995863,2,48884079,,winner,moonshotai/kimi-k2.5;z-ai/glm5;qwen/qwen3.5-397b-a17b;mistralai/mistral-small-4-119b-2603,player_2,qwen/qwen3.5-397b-a17b,1,12,4,0.3333,2,0.5000,2,31,0.0645,1,0.5000,4,0.3333
exp3_m9_g7_1775769016017,3,nim,https://integrate.api.nvidia.com/v1,2026-03-26,p1939995863,2,48884079,,winner,moonshotai/kimi-k2.5;z-ai/glm5;qwen/qwen3.5-397b-a17b;mistralai/mistral-small-4-119b-2603,player_3,mistralai/mistral-small-4-119b-2603,0,11,1,0.0909,0,0.0000,19,29,0.6552,6,0.3158,1,0.0909
exp3_m9_g8_1775780239940,3,nim,https://integrate.api.nvidia.com/v1,2026-03-26,p1939995863,2,48884080,,winner,mistralai/mistral-small-4-119b-2603;qwen/qwen3.5-397b-a17b;moonshotai/kimi-k2.5;z-ai/glm5,player_0,mistralai/mistral-small-4-119b-2603,0,11,2,0.1818,1,0.5000,16,34,0.4706,3,0.1875,2,0.1818
exp3_m9_g8_1775780239940,3,nim,https://integrate.api.nvidia.com/v1,2026-03-26,p1939995863,2,48884080,,winner,mistralai/mistral-small-4-119b-2603;qwen/qwen3.5-397b-a17b;moonshotai/kimi-k2.5;z-ai/glm5,player_1,qwen/qwen3.5-397b-a17b,0,11,3,0.2727,1,0.3333,1,24,0.0417,1,1.0000,3,0.2727
exp3_m9_g8_1775780239940,3,nim,https://integrate.api.nvidia.com/v1,2026-03-26,p1939995863,2,48884080,,winner,mistralai/mistral-small-4-119b-2603;qwen/qwen3.5-397b-a17b;moonshotai/kimi-k2.5;z-ai/glm5,player_2,moonshotai/kimi-k2.5,1,12,3,0.2500,1,0.3333,2,24,0.0833,2,1.0000,3,0.2500
exp3_m9_g8_1775780239940,3,nim,https://integrate.api.nvidia.com/v1,2026-03-26,p1939995863,2,48884080,,winner,mistralai/mistral-small-4-119b-2603;qwen/qwen3.5-397b-a17b;moonshotai/kimi-k2.5;z-ai/glm5,player_3,z-ai/glm5,0,11,4,0.3636,3,0.7500,0,18,0.0000,0,0.0000,4,0.3636
exp3_m9_g9_1775785164035,3,nim,https://integrate.api.nvidia.com/v1,2026-03-26,p1939995863,2,48884081,,winner,moonshotai/kimi-k2.5;z-ai/glm5;qwen/qwen3.5-397b-a17b;mistralai/mistral-small-4-119b-2603,player_0,moonshotai/kimi-k2.5,1,10,3,0.3000,2,0.6667,2,29,0.0690,1,0.5000,3,0.3000
exp3_m9_g9_1775785164035,3,nim,https://integrate.api.nvidia.com/v1,2026-03-26,p1939995863,2,48884081,,winner,moonshotai/kimi-k2.5;z-ai/glm5;qwen/qwen3.5-397b-a17b;mistralai/mistral-small-4-119b-2603,player_1,z-ai/glm5,0,9,3,0.3333,1,0.3333,1,28,0.0357,0,0.0000,3,0.3333
exp3_m9_g9_1775785164035,3,nim,https://integrate.api.nvidia.com/v1,2026-03-26,p1939995863,2,48884081,,winner,moonshotai/kimi-k2.5;z-ai/glm5;qwen/qwen3.5-397b-a17b;mistralai/mistral-small-4-119b-2603,player_2,qwen/qwen3.5-397b-a17b,0,10,3,0.3000,2,0.6667,0,27,0.0000,0,0.0000,3,0.3000
exp3_m9_g9_1775785164035,3,nim,https://integrate.api.nvidia.com/v1,2026-03-26,p1939995863,2,48884081,,winner,moonshotai/kimi-k2.5;z-ai/glm5;qwen/qwen3.5-397b-a17b;mistralai/mistral-small-4-119b-2603,player_3,mistralai/mistral-small-4-119b-2603,0,10,3,0.3000,2,0.6667,14,28,0.5000,4,0.2857,3,0.3000